evaluation_id,evaluation_type,train_start,train_end,excluded_train_boundary_hour,excluded_train_transition_rows,valid_start,valid_end,validation_end_hour,validation_end_transition_observable,unscored_validation_rows,scored_validation_rows
fold_01,rolling_7d,2018-01-01,2018-01-10,2018-01-10 23:00:00,6,2018-01-11,2018-01-17,2018-01-17 23:00:00,True,0,1008
fold_02,rolling_7d,2018-01-01,2018-01-11,2018-01-11 23:00:00,6,2018-01-12,2018-01-18,2018-01-18 23:00:00,True,0,1008
fold_03,rolling_7d,2018-01-01,2018-01-12,2018-01-12 23:00:00,6,2018-01-13,2018-01-19,2018-01-19 23:00:00,True,0,1008
fold_04,rolling_7d,2018-01-01,2018-01-13,2018-01-13 23:00:00,6,2018-01-14,2018-01-20,2018-01-20 23:00:00,True,0,1008
fold_05,rolling_7d,2018-01-01,2018-01-14,2018-01-14 23:00:00,6,2018-01-15,2018-01-21,2018-01-21 23:00:00,True,0,1008
fold_06,rolling_7d,2018-01-01,2018-01-15,2018-01-15 23:00:00,6,2018-01-16,2018-01-22,2018-01-22 23:00:00,True,0,1008
fold_07,rolling_7d,2018-01-01,2018-01-16,2018-01-16 23:00:00,6,2018-01-17,2018-01-23,2018-01-23 23:00:00,True,0,1008
fold_08,rolling_7d,2018-01-01,2018-01-17,2018-01-17 23:00:00,6,2018-01-18,2018-01-24,2018-01-24 23:00:00,False,6,1002
final_analog,final_analog,2018-01-01,2018-01-18,2018-01-18 23:00:00,6,2018-01-19,2018-01-24,2018-01-24 23:00:00,False,6,858
