evaluation_id,evaluation_type,training_policy,method,selected_alpha,train_start,train_end,valid_start,valid_end,n_valid_days,n_rows,sse_float,sse_rounded,mse_rounded,mae_rounded,mean_bias_rounded,actual_total,predicted_total_rounded,core_sse_rounded,near_sse_rounded,outer_sse_rounded
final_analog,final_analog,all,decomp_ewm7_daytype_shrunk,,2018-01-01,2018-01-18,2018-01-19,2018-01-24,6,432,5484.290830852824,5488.0,12.703703703703704,2.5972222222222223,-1.6435185185185186,2006.0,1296.0,3351.0,1674.0,463.0
final_analog,final_analog,all,decomp_mean_daytype_shrunk,,2018-01-01,2018-01-18,2018-01-19,2018-01-24,6,432,4698.58817667315,4760.0,11.018518518518519,2.4166666666666665,-1.0787037037037037,2006.0,1540.0,2859.0,1460.0,441.0
final_analog,final_analog,all,decomp_mean_mean,,2018-01-01,2018-01-18,2018-01-19,2018-01-24,6,432,4656.5696637797955,4704.0,10.88888888888889,2.4166666666666665,-1.1435185185185186,2006.0,1512.0,2753.0,1510.0,441.0
final_analog,final_analog,all,decomp_poisson_calendar_daytype,0.1,2018-01-01,2018-01-18,2018-01-19,2018-01-24,6,432,9193.323074122389,9204.0,21.305555555555557,3.3472222222222223,-3.0324074074074074,2006.0,696.0,5846.0,2795.0,563.0
final_analog,final_analog,all,decomp_poisson_calendar_mean,0.1,2018-01-01,2018-01-18,2018-01-19,2018-01-24,6,432,9193.622214284787,9201.0,21.29861111111111,3.3402777777777777,-3.0300925925925926,2006.0,697.0,5868.0,2775.0,558.0
final_analog,final_analog,all,decomp_poisson_calendar_vessel_daytype,0.0001,2018-01-01,2018-01-18,2018-01-19,2018-01-24,6,432,9169.442141606749,9198.0,21.291666666666668,3.3518518518518516,-3.0046296296296298,2006.0,708.0,5851.0,2784.0,563.0
final_analog,final_analog,all,decomp_poisson_calendar_vessel_mean,0.0001,2018-01-01,2018-01-18,2018-01-19,2018-01-24,6,432,9169.380037089835,9215.0,21.33101851851852,3.3541666666666665,-3.011574074074074,2006.0,705.0,5826.0,2832.0,557.0
final_analog,final_analog,all,decomp_ridge_calendar_daytype,0.1,2018-01-01,2018-01-18,2018-01-19,2018-01-24,6,432,12148.188582152747,12162.0,28.15277777777778,3.888888888888889,-3.7268518518518516,2006.0,396.0,7984.0,3584.0,594.0
final_analog,final_analog,all,decomp_ridge_calendar_mean,0.1,2018-01-01,2018-01-18,2018-01-19,2018-01-24,6,432,12150.091687336066,12106.0,28.02314814814815,3.884259259259259,-3.712962962962963,2006.0,402.0,7956.0,3570.0,580.0
final_analog,final_analog,all,decomp_ridge_calendar_vessel_daytype,0.1,2018-01-01,2018-01-18,2018-01-19,2018-01-24,6,432,11410.223593803694,11386.0,26.35648148148148,3.736111111111111,-3.5324074074074074,2006.0,480.0,7393.0,3401.0,592.0
final_analog,final_analog,all,decomp_ridge_calendar_vessel_mean,0.1,2018-01-01,2018-01-18,2018-01-19,2018-01-24,6,432,11410.660622445295,11456.0,26.51851851851852,3.7546296296296298,-3.537037037037037,2006.0,478.0,7447.0,3431.0,578.0
final_analog,final_analog,all,hour_mean,,2018-01-01,2018-01-18,2018-01-19,2018-01-24,6,432,4554.4629629629635,4510.0,10.439814814814815,2.375,-1.0462962962962963,2006.0,1554.0,2691.0,1416.0,403.0
final_analog,final_analog,all,poisson_direct_calendar,0.001,2018-01-01,2018-01-18,2018-01-19,2018-01-24,6,432,9240.839873740442,9246.0,21.40277777777778,3.337962962962963,-3.0185185185185186,2006.0,702.0,5919.0,2799.0,528.0
final_analog,final_analog,all,poisson_direct_calendar_vessel,0.0001,2018-01-01,2018-01-18,2018-01-19,2018-01-24,6,432,9167.303683781263,9168.0,21.22222222222222,3.3287037037037037,-2.9953703703703702,2006.0,712.0,5832.0,2786.0,550.0
final_analog,final_analog,all,ridge_direct_calendar,1.0,2018-01-01,2018-01-18,2018-01-19,2018-01-24,6,432,10827.482601870508,10884.0,25.194444444444443,3.6805555555555554,-3.462962962962963,2006.0,510.0,7138.0,3176.0,570.0
final_analog,final_analog,all,ridge_direct_calendar_vessel,0.1,2018-01-01,2018-01-18,2018-01-19,2018-01-24,6,432,10217.936243727929,10297.0,23.83564814814815,3.6041666666666665,-3.3356481481481484,2006.0,565.0,6650.0,3043.0,604.0
final_analog,final_analog,exclude_outage_severe,decomp_ewm7_daytype_shrunk,,2018-01-01,2018-01-18,2018-01-19,2018-01-24,6,432,3936.3125702176476,4030.0,9.328703703703704,2.2546296296296298,-0.5277777777777778,2006.0,1778.0,2409.0,1262.0,359.0
final_analog,final_analog,exclude_outage_severe,decomp_mean_daytype_shrunk,,2018-01-01,2018-01-18,2018-01-19,2018-01-24,6,432,3886.6287269831146,3872.0,8.962962962962964,2.2314814814814814,-0.32407407407407407,2006.0,1866.0,2303.0,1206.0,363.0
final_analog,final_analog,exclude_outage_severe,decomp_mean_mean,,2018-01-01,2018-01-18,2018-01-19,2018-01-24,6,432,3934.537558095907,3922.0,9.078703703703704,2.263888888888889,-0.2824074074074074,2006.0,1884.0,2337.0,1212.0,373.0
final_analog,final_analog,exclude_outage_severe,decomp_poisson_calendar_daytype,1.0,2018-01-01,2018-01-18,2018-01-19,2018-01-24,6,432,5900.664027924543,5987.0,13.858796296296296,2.701388888888889,-1.9652777777777777,2006.0,1157.0,3652.0,1891.0,444.0
final_analog,final_analog,exclude_outage_severe,decomp_poisson_calendar_mean,1.0,2018-01-01,2018-01-18,2018-01-19,2018-01-24,6,432,5937.53993797694,5916.0,13.694444444444445,2.6666666666666665,-1.9305555555555556,2006.0,1172.0,3599.0,1876.0,441.0
final_analog,final_analog,exclude_outage_severe,decomp_poisson_calendar_vessel_daytype,0.01,2018-01-01,2018-01-18,2018-01-19,2018-01-24,6,432,6515.500530940926,6500.0,15.046296296296296,2.8055555555555554,-2.175925925925926,2006.0,1066.0,3921.0,2139.0,440.0
final_analog,final_analog,exclude_outage_severe,decomp_poisson_calendar_vessel_mean,0.01,2018-01-01,2018-01-18,2018-01-19,2018-01-24,6,432,6548.538919421178,6555.0,15.17361111111111,2.7847222222222223,-2.1689814814814814,2006.0,1069.0,3998.0,2126.0,431.0
final_analog,final_analog,exclude_outage_severe,decomp_ridge_calendar_daytype,0.1,2018-01-01,2018-01-18,2018-01-19,2018-01-24,6,432,6872.278873374584,6848.0,15.851851851851851,2.8981481481481484,-2.3981481481481484,2006.0,970.0,4089.0,2250.0,509.0
final_analog,final_analog,exclude_outage_severe,decomp_ridge_calendar_mean,0.1,2018-01-01,2018-01-18,2018-01-19,2018-01-24,6,432,6904.873735344016,6909.0,15.993055555555555,2.9189814814814814,-2.4097222222222223,2006.0,965.0,4147.0,2240.0,522.0
final_analog,final_analog,exclude_outage_severe,decomp_ridge_calendar_vessel_daytype,0.1,2018-01-01,2018-01-18,2018-01-19,2018-01-24,6,432,8108.799149743819,8173.0,18.91898148148148,3.1412037037037037,-2.7060185185185186,2006.0,837.0,4988.0,2706.0,479.0
final_analog,final_analog,exclude_outage_severe,decomp_ridge_calendar_vessel_mean,0.1,2018-01-01,2018-01-18,2018-01-19,2018-01-24,6,432,8134.034698113611,8189.0,18.95601851851852,3.136574074074074,-2.7106481481481484,2006.0,835.0,4985.0,2731.0,473.0
final_analog,final_analog,exclude_outage_severe,hour_mean,,2018-01-01,2018-01-18,2018-01-19,2018-01-24,6,432,3947.083333333333,3928.0,9.092592592592593,2.259259259259259,-0.25462962962962965,2006.0,1896.0,2315.0,1236.0,377.0
final_analog,final_analog,exclude_outage_severe,poisson_direct_calendar,0.01,2018-01-01,2018-01-18,2018-01-19,2018-01-24,6,432,6192.972351633902,6198.0,14.347222222222221,2.7268518518518516,-2.009259259259259,2006.0,1138.0,3778.0,1986.0,434.0
final_analog,final_analog,exclude_outage_severe,poisson_direct_calendar_vessel,0.001,2018-01-01,2018-01-18,2018-01-19,2018-01-24,6,432,6560.922158828336,6620.0,15.324074074074074,2.8194444444444446,-2.2037037037037037,2006.0,1054.0,4005.0,2155.0,460.0
final_analog,final_analog,exclude_outage_severe,ridge_direct_calendar,10.0,2018-01-01,2018-01-18,2018-01-19,2018-01-24,6,432,7629.706188245458,7704.0,17.833333333333332,3.0277777777777777,-2.3518518518518516,2006.0,990.0,5037.0,2196.0,471.0
final_analog,final_analog,exclude_outage_severe,ridge_direct_calendar_vessel,10.0,2018-01-01,2018-01-18,2018-01-19,2018-01-24,6,432,7645.595069359311,7763.0,17.96990740740741,3.113425925925926,-2.6643518518518516,2006.0,855.0,4538.0,2598.0,627.0
final_analog,final_analog,quality_weighted,decomp_ewm7_daytype_shrunk,,2018-01-01,2018-01-18,2018-01-19,2018-01-24,6,432,3915.617696885771,3946.0,9.13425925925926,2.240740740740741,-0.5787037037037037,2006.0,1756.0,2305.0,1282.0,359.0
final_analog,final_analog,quality_weighted,decomp_mean_daytype_shrunk,,2018-01-01,2018-01-18,2018-01-19,2018-01-24,6,432,3848.497899434291,3902.0,9.032407407407407,2.2314814814814814,-0.32407407407407407,2006.0,1866.0,2305.0,1232.0,365.0
final_analog,final_analog,quality_weighted,decomp_mean_mean,,2018-01-01,2018-01-18,2018-01-19,2018-01-24,6,432,3903.4329850866907,3910.0,9.050925925925926,2.2546296296296298,-0.3101851851851852,2006.0,1872.0,2293.0,1234.0,383.0
final_analog,final_analog,quality_weighted,decomp_poisson_calendar_daytype,1.0,2018-01-01,2018-01-18,2018-01-19,2018-01-24,6,432,6083.8233517908375,6178.0,14.300925925925926,2.7268518518518516,-2.0324074074074074,2006.0,1128.0,3837.0,1896.0,445.0
final_analog,final_analog,quality_weighted,decomp_poisson_calendar_mean,1.0,2018-01-01,2018-01-18,2018-01-19,2018-01-24,6,432,6124.063992324762,6142.0,14.217592592592593,2.7083333333333335,-2.013888888888889,2006.0,1136.0,3805.0,1892.0,445.0
final_analog,final_analog,quality_weighted,decomp_poisson_calendar_vessel_daytype,0.0001,2018-01-01,2018-01-18,2018-01-19,2018-01-24,6,432,6750.404056157526,6787.0,15.710648148148149,2.8680555555555554,-2.2893518518518516,2006.0,1017.0,4164.0,2158.0,465.0
final_analog,final_analog,quality_weighted,decomp_poisson_calendar_vessel_mean,0.0001,2018-01-01,2018-01-18,2018-01-19,2018-01-24,6,432,6786.1912564636705,6850.0,15.856481481481481,2.8703703703703702,-2.2824074074074074,2006.0,1020.0,4209.0,2174.0,467.0
final_analog,final_analog,quality_weighted,decomp_ridge_calendar_daytype,0.1,2018-01-01,2018-01-18,2018-01-19,2018-01-24,6,432,7109.535779185173,7128.0,16.5,2.949074074074074,-2.4768518518518516,2006.0,936.0,4409.0,2212.0,507.0
final_analog,final_analog,quality_weighted,decomp_ridge_calendar_mean,0.1,2018-01-01,2018-01-18,2018-01-19,2018-01-24,6,432,7144.753787346185,7211.0,16.69212962962963,2.9560185185185186,-2.4837962962962963,2006.0,933.0,4463.0,2228.0,520.0
final_analog,final_analog,quality_weighted,decomp_ridge_calendar_vessel_daytype,0.1,2018-01-01,2018-01-18,2018-01-19,2018-01-24,6,432,8131.600834724204,8249.0,19.09490740740741,3.1550925925925926,-2.747685185185185,2006.0,819.0,5094.0,2661.0,494.0
final_analog,final_analog,quality_weighted,decomp_ridge_calendar_vessel_mean,0.1,2018-01-01,2018-01-18,2018-01-19,2018-01-24,6,432,8160.000392181446,8181.0,18.9375,3.127314814814815,-2.7291666666666665,2006.0,827.0,5058.0,2634.0,489.0
final_analog,final_analog,quality_weighted,hour_mean,,2018-01-01,2018-01-18,2018-01-19,2018-01-24,6,432,3920.472496164804,3880.0,8.981481481481481,2.25,-0.26851851851851855,2006.0,1890.0,2297.0,1212.0,371.0
final_analog,final_analog,quality_weighted,poisson_direct_calendar,0.01,2018-01-01,2018-01-18,2018-01-19,2018-01-24,6,432,6403.288797520989,6485.0,15.011574074074074,2.7708333333333335,-2.0810185185185186,2006.0,1107.0,4082.0,1970.0,433.0
final_analog,final_analog,quality_weighted,poisson_direct_calendar_vessel,0.01,2018-01-01,2018-01-18,2018-01-19,2018-01-24,6,432,6919.590496917616,6937.0,16.05787037037037,2.877314814814815,-2.3078703703703702,2006.0,1009.0,4306.0,2171.0,460.0
final_analog,final_analog,quality_weighted,ridge_direct_calendar,1.0,2018-01-01,2018-01-18,2018-01-19,2018-01-24,6,432,7031.426611645991,7028.0,16.26851851851852,2.949074074074074,-2.4305555555555554,2006.0,956.0,4387.0,2144.0,497.0
final_analog,final_analog,quality_weighted,ridge_direct_calendar_vessel,10.0,2018-01-01,2018-01-18,2018-01-19,2018-01-24,6,432,8123.453396561388,8187.0,18.95138888888889,3.136574074074074,-2.673611111111111,2006.0,851.0,5205.0,2486.0,496.0
fold_01,rolling_7d,all,decomp_ewm7_daytype_shrunk,,2018-01-01,2018-01-10,2018-01-11,2018-01-17,7,504,6039.176847987559,5954.0,11.813492063492063,2.626984126984127,2.0436507936507935,1173.0,2203.0,4002.0,1638.0,314.0
fold_01,rolling_7d,all,decomp_mean_daytype_shrunk,,2018-01-01,2018-01-10,2018-01-11,2018-01-17,7,504,6313.18081222535,6328.0,12.555555555555555,2.7103174603174605,2.1507936507936507,1173.0,2257.0,4259.0,1732.0,337.0
fold_01,rolling_7d,all,decomp_mean_mean,,2018-01-01,2018-01-10,2018-01-11,2018-01-17,7,504,6286.400756831987,6281.0,12.462301587301587,2.7003968253968256,2.1448412698412698,1173.0,2254.0,4233.0,1700.0,348.0
fold_01,rolling_7d,all,decomp_poisson_calendar_daytype,1.0,2018-01-01,2018-01-10,2018-01-11,2018-01-17,7,504,4007.912978972381,4068.0,8.071428571428571,2.1706349206349205,1.2896825396825398,1173.0,1823.0,2550.0,1253.0,265.0
fold_01,rolling_7d,all,decomp_poisson_calendar_mean,1.0,2018-01-01,2018-01-10,2018-01-11,2018-01-17,7,504,3994.8678061839473,4061.0,8.057539682539682,2.1726190476190474,1.3035714285714286,1173.0,1830.0,2549.0,1238.0,274.0
fold_01,rolling_7d,all,decomp_poisson_calendar_vessel_daytype,1.0,2018-01-01,2018-01-10,2018-01-11,2018-01-17,7,504,3572.114735321031,3622.0,7.186507936507937,2.0396825396825395,1.0634920634920635,1173.0,1709.0,2284.0,1068.0,270.0
fold_01,rolling_7d,all,decomp_poisson_calendar_vessel_mean,1.0,2018-01-01,2018-01-10,2018-01-11,2018-01-17,7,504,3559.760330619114,3627.0,7.196428571428571,2.0297619047619047,1.0773809523809523,1173.0,1716.0,2324.0,1040.0,263.0
fold_01,rolling_7d,all,decomp_ridge_calendar_daytype,0.1,2018-01-01,2018-01-10,2018-01-11,2018-01-17,7,504,3944.6674774151775,4020.0,7.976190476190476,2.130952380952381,1.1666666666666667,1173.0,1761.0,2538.0,1205.0,277.0
fold_01,rolling_7d,all,decomp_ridge_calendar_mean,0.1,2018-01-01,2018-01-10,2018-01-11,2018-01-17,7,504,3931.3645208333405,4032.0,8.0,2.130952380952381,1.1785714285714286,1173.0,1767.0,2551.0,1196.0,285.0
fold_01,rolling_7d,all,decomp_ridge_calendar_vessel_daytype,0.1,2018-01-01,2018-01-10,2018-01-11,2018-01-17,7,504,3355.9760332718315,3434.0,6.813492063492063,1.9642857142857142,0.8849206349206349,1173.0,1619.0,2172.0,979.0,283.0
fold_01,rolling_7d,all,decomp_ridge_calendar_vessel_mean,0.1,2018-01-01,2018-01-10,2018-01-11,2018-01-17,7,504,3343.8538623814948,3420.0,6.785714285714286,1.9722222222222223,0.8928571428571429,1173.0,1623.0,2189.0,943.0,288.0
fold_01,rolling_7d,all,hour_mean,,2018-01-01,2018-01-10,2018-01-11,2018-01-17,7,504,6270.45,6188.0,12.277777777777779,2.6865079365079363,2.130952380952381,1173.0,2247.0,4174.0,1655.0,359.0
fold_01,rolling_7d,all,poisson_direct_calendar,0.01,2018-01-01,2018-01-10,2018-01-11,2018-01-17,7,504,3770.393395798516,3763.0,7.466269841269841,2.0892857142857144,1.2321428571428572,1173.0,1794.0,2371.0,1096.0,296.0
fold_01,rolling_7d,all,poisson_direct_calendar_vessel,0.01,2018-01-01,2018-01-10,2018-01-11,2018-01-17,7,504,3537.5111965185156,3545.0,7.033730158730159,2.013888888888889,1.0337301587301588,1173.0,1694.0,2330.0,940.0,275.0
fold_01,rolling_7d,all,ridge_direct_calendar,1.0,2018-01-01,2018-01-10,2018-01-11,2018-01-17,7,504,3910.820816676341,4002.0,7.940476190476191,2.0833333333333335,1.1388888888888888,1173.0,1747.0,2535.0,1205.0,262.0
fold_01,rolling_7d,all,ridge_direct_calendar_vessel,1.0,2018-01-01,2018-01-10,2018-01-11,2018-01-17,7,504,3570.3789069653685,3643.0,7.228174603174603,1.9781746031746033,0.878968253968254,1173.0,1616.0,2332.0,1012.0,299.0
fold_01,rolling_7d,exclude_outage_severe,decomp_ewm7_daytype_shrunk,,2018-01-01,2018-01-10,2018-01-11,2018-01-17,7,504,6039.176847987559,5954.0,11.813492063492063,2.626984126984127,2.0436507936507935,1173.0,2203.0,4002.0,1638.0,314.0
fold_01,rolling_7d,exclude_outage_severe,decomp_mean_daytype_shrunk,,2018-01-01,2018-01-10,2018-01-11,2018-01-17,7,504,6313.18081222535,6328.0,12.555555555555555,2.7103174603174605,2.1507936507936507,1173.0,2257.0,4259.0,1732.0,337.0
fold_01,rolling_7d,exclude_outage_severe,decomp_mean_mean,,2018-01-01,2018-01-10,2018-01-11,2018-01-17,7,504,6286.400756831987,6281.0,12.462301587301587,2.7003968253968256,2.1448412698412698,1173.0,2254.0,4233.0,1700.0,348.0
fold_01,rolling_7d,exclude_outage_severe,decomp_poisson_calendar_daytype,1.0,2018-01-01,2018-01-10,2018-01-11,2018-01-17,7,504,4007.912978972381,4068.0,8.071428571428571,2.1706349206349205,1.2896825396825398,1173.0,1823.0,2550.0,1253.0,265.0
fold_01,rolling_7d,exclude_outage_severe,decomp_poisson_calendar_mean,1.0,2018-01-01,2018-01-10,2018-01-11,2018-01-17,7,504,3994.8678061839473,4061.0,8.057539682539682,2.1726190476190474,1.3035714285714286,1173.0,1830.0,2549.0,1238.0,274.0
fold_01,rolling_7d,exclude_outage_severe,decomp_poisson_calendar_vessel_daytype,1.0,2018-01-01,2018-01-10,2018-01-11,2018-01-17,7,504,3572.114735321031,3622.0,7.186507936507937,2.0396825396825395,1.0634920634920635,1173.0,1709.0,2284.0,1068.0,270.0
fold_01,rolling_7d,exclude_outage_severe,decomp_poisson_calendar_vessel_mean,1.0,2018-01-01,2018-01-10,2018-01-11,2018-01-17,7,504,3559.760330619114,3627.0,7.196428571428571,2.0297619047619047,1.0773809523809523,1173.0,1716.0,2324.0,1040.0,263.0
fold_01,rolling_7d,exclude_outage_severe,decomp_ridge_calendar_daytype,0.1,2018-01-01,2018-01-10,2018-01-11,2018-01-17,7,504,3944.6674774151775,4020.0,7.976190476190476,2.130952380952381,1.1666666666666667,1173.0,1761.0,2538.0,1205.0,277.0
fold_01,rolling_7d,exclude_outage_severe,decomp_ridge_calendar_mean,0.1,2018-01-01,2018-01-10,2018-01-11,2018-01-17,7,504,3931.3645208333405,4032.0,8.0,2.130952380952381,1.1785714285714286,1173.0,1767.0,2551.0,1196.0,285.0
fold_01,rolling_7d,exclude_outage_severe,decomp_ridge_calendar_vessel_daytype,0.1,2018-01-01,2018-01-10,2018-01-11,2018-01-17,7,504,3355.9760332718315,3434.0,6.813492063492063,1.9642857142857142,0.8849206349206349,1173.0,1619.0,2172.0,979.0,283.0
fold_01,rolling_7d,exclude_outage_severe,decomp_ridge_calendar_vessel_mean,0.1,2018-01-01,2018-01-10,2018-01-11,2018-01-17,7,504,3343.8538623814948,3420.0,6.785714285714286,1.9722222222222223,0.8928571428571429,1173.0,1623.0,2189.0,943.0,288.0
fold_01,rolling_7d,exclude_outage_severe,hour_mean,,2018-01-01,2018-01-10,2018-01-11,2018-01-17,7,504,6270.45,6188.0,12.277777777777779,2.6865079365079363,2.130952380952381,1173.0,2247.0,4174.0,1655.0,359.0
fold_01,rolling_7d,exclude_outage_severe,poisson_direct_calendar,0.01,2018-01-01,2018-01-10,2018-01-11,2018-01-17,7,504,3770.393395798516,3763.0,7.466269841269841,2.0892857142857144,1.2321428571428572,1173.0,1794.0,2371.0,1096.0,296.0
fold_01,rolling_7d,exclude_outage_severe,poisson_direct_calendar_vessel,0.01,2018-01-01,2018-01-10,2018-01-11,2018-01-17,7,504,3537.5111965185156,3545.0,7.033730158730159,2.013888888888889,1.0337301587301588,1173.0,1694.0,2330.0,940.0,275.0
fold_01,rolling_7d,exclude_outage_severe,ridge_direct_calendar,1.0,2018-01-01,2018-01-10,2018-01-11,2018-01-17,7,504,3910.820816676341,4002.0,7.940476190476191,2.0833333333333335,1.1388888888888888,1173.0,1747.0,2535.0,1205.0,262.0
fold_01,rolling_7d,exclude_outage_severe,ridge_direct_calendar_vessel,1.0,2018-01-01,2018-01-10,2018-01-11,2018-01-17,7,504,3570.3789069653685,3643.0,7.228174603174603,1.9781746031746033,0.878968253968254,1173.0,1616.0,2332.0,1012.0,299.0
fold_01,rolling_7d,quality_weighted,decomp_ewm7_daytype_shrunk,,2018-01-01,2018-01-10,2018-01-11,2018-01-17,7,504,6039.176847987559,5954.0,11.813492063492063,2.626984126984127,2.0436507936507935,1173.0,2203.0,4002.0,1638.0,314.0
fold_01,rolling_7d,quality_weighted,decomp_mean_daytype_shrunk,,2018-01-01,2018-01-10,2018-01-11,2018-01-17,7,504,6313.18081222535,6328.0,12.555555555555555,2.7103174603174605,2.1507936507936507,1173.0,2257.0,4259.0,1732.0,337.0
fold_01,rolling_7d,quality_weighted,decomp_mean_mean,,2018-01-01,2018-01-10,2018-01-11,2018-01-17,7,504,6286.400756831987,6281.0,12.462301587301587,2.7003968253968256,2.1448412698412698,1173.0,2254.0,4233.0,1700.0,348.0
fold_01,rolling_7d,quality_weighted,decomp_poisson_calendar_daytype,1.0,2018-01-01,2018-01-10,2018-01-11,2018-01-17,7,504,4007.912978972381,4068.0,8.071428571428571,2.1706349206349205,1.2896825396825398,1173.0,1823.0,2550.0,1253.0,265.0
fold_01,rolling_7d,quality_weighted,decomp_poisson_calendar_mean,1.0,2018-01-01,2018-01-10,2018-01-11,2018-01-17,7,504,3994.8678061839473,4061.0,8.057539682539682,2.1726190476190474,1.3035714285714286,1173.0,1830.0,2549.0,1238.0,274.0
fold_01,rolling_7d,quality_weighted,decomp_poisson_calendar_vessel_daytype,1.0,2018-01-01,2018-01-10,2018-01-11,2018-01-17,7,504,3572.114735321031,3622.0,7.186507936507937,2.0396825396825395,1.0634920634920635,1173.0,1709.0,2284.0,1068.0,270.0
fold_01,rolling_7d,quality_weighted,decomp_poisson_calendar_vessel_mean,1.0,2018-01-01,2018-01-10,2018-01-11,2018-01-17,7,504,3559.760330619114,3627.0,7.196428571428571,2.0297619047619047,1.0773809523809523,1173.0,1716.0,2324.0,1040.0,263.0
fold_01,rolling_7d,quality_weighted,decomp_ridge_calendar_daytype,0.1,2018-01-01,2018-01-10,2018-01-11,2018-01-17,7,504,3944.6674774151775,4020.0,7.976190476190476,2.130952380952381,1.1666666666666667,1173.0,1761.0,2538.0,1205.0,277.0
fold_01,rolling_7d,quality_weighted,decomp_ridge_calendar_mean,0.1,2018-01-01,2018-01-10,2018-01-11,2018-01-17,7,504,3931.3645208333405,4032.0,8.0,2.130952380952381,1.1785714285714286,1173.0,1767.0,2551.0,1196.0,285.0
fold_01,rolling_7d,quality_weighted,decomp_ridge_calendar_vessel_daytype,0.1,2018-01-01,2018-01-10,2018-01-11,2018-01-17,7,504,3355.9760332718315,3434.0,6.813492063492063,1.9642857142857142,0.8849206349206349,1173.0,1619.0,2172.0,979.0,283.0
fold_01,rolling_7d,quality_weighted,decomp_ridge_calendar_vessel_mean,0.1,2018-01-01,2018-01-10,2018-01-11,2018-01-17,7,504,3343.8538623814948,3420.0,6.785714285714286,1.9722222222222223,0.8928571428571429,1173.0,1623.0,2189.0,943.0,288.0
fold_01,rolling_7d,quality_weighted,hour_mean,,2018-01-01,2018-01-10,2018-01-11,2018-01-17,7,504,6270.45,6188.0,12.277777777777779,2.6865079365079363,2.130952380952381,1173.0,2247.0,4174.0,1655.0,359.0
fold_01,rolling_7d,quality_weighted,poisson_direct_calendar,0.01,2018-01-01,2018-01-10,2018-01-11,2018-01-17,7,504,3770.393395798516,3763.0,7.466269841269841,2.0892857142857144,1.2321428571428572,1173.0,1794.0,2371.0,1096.0,296.0
fold_01,rolling_7d,quality_weighted,poisson_direct_calendar_vessel,0.01,2018-01-01,2018-01-10,2018-01-11,2018-01-17,7,504,3537.5111965185156,3545.0,7.033730158730159,2.013888888888889,1.0337301587301588,1173.0,1694.0,2330.0,940.0,275.0
fold_01,rolling_7d,quality_weighted,ridge_direct_calendar,1.0,2018-01-01,2018-01-10,2018-01-11,2018-01-17,7,504,3910.820816676341,4002.0,7.940476190476191,2.0833333333333335,1.1388888888888888,1173.0,1747.0,2535.0,1205.0,262.0
fold_01,rolling_7d,quality_weighted,ridge_direct_calendar_vessel,1.0,2018-01-01,2018-01-10,2018-01-11,2018-01-17,7,504,3570.3789069653685,3643.0,7.228174603174603,1.9781746031746033,0.878968253968254,1173.0,1616.0,2332.0,1012.0,299.0
fold_02,rolling_7d,all,decomp_ewm7_daytype_shrunk,,2018-01-01,2018-01-11,2018-01-12,2018-01-18,7,504,5808.154945132355,5770.0,11.448412698412698,2.6031746031746033,2.134920634920635,1080.0,2156.0,3918.0,1482.0,370.0
fold_02,rolling_7d,all,decomp_mean_daytype_shrunk,,2018-01-01,2018-01-11,2018-01-12,2018-01-18,7,504,6230.077160532519,6381.0,12.660714285714286,2.744047619047619,2.3035714285714284,1080.0,2241.0,4280.0,1731.0,370.0
fold_02,rolling_7d,all,decomp_mean_mean,,2018-01-01,2018-01-11,2018-01-12,2018-01-18,7,504,6195.818575965255,6255.0,12.410714285714286,2.7162698412698414,2.2876984126984126,1080.0,2233.0,4207.0,1655.0,393.0
fold_02,rolling_7d,all,decomp_poisson_calendar_daytype,1.0,2018-01-01,2018-01-11,2018-01-12,2018-01-18,7,504,3595.9869373302317,3626.0,7.194444444444445,2.0674603174603177,1.3174603174603174,1080.0,1744.0,2318.0,1004.0,304.0
fold_02,rolling_7d,all,decomp_poisson_calendar_mean,1.0,2018-01-01,2018-01-11,2018-01-12,2018-01-18,7,504,3583.719583466055,3574.0,7.091269841269841,2.0555555555555554,1.3015873015873016,1080.0,1736.0,2235.0,1032.0,307.0
fold_02,rolling_7d,all,decomp_poisson_calendar_vessel_daytype,1.0,2018-01-01,2018-01-11,2018-01-12,2018-01-18,7,504,3166.025283112409,3218.0,6.384920634920635,1.9444444444444444,1.0992063492063493,1080.0,1634.0,2065.0,850.0,303.0
fold_02,rolling_7d,all,decomp_poisson_calendar_vessel_mean,1.0,2018-01-01,2018-01-11,2018-01-12,2018-01-18,7,504,3154.63758244531,3221.0,6.390873015873016,1.9384920634920635,1.0972222222222223,1080.0,1633.0,2073.0,841.0,307.0
fold_02,rolling_7d,all,decomp_ridge_calendar_daytype,0.1,2018-01-01,2018-01-11,2018-01-12,2018-01-18,7,504,3455.3054526976616,3474.0,6.892857142857143,2.007936507936508,1.1944444444444444,1080.0,1682.0,2262.0,922.0,290.0
fold_02,rolling_7d,all,decomp_ridge_calendar_mean,0.1,2018-01-01,2018-01-11,2018-01-12,2018-01-18,7,504,3444.2152558434714,3459.0,6.863095238095238,2.005952380952381,1.1884920634920635,1080.0,1679.0,2211.0,952.0,296.0
fold_02,rolling_7d,all,decomp_ridge_calendar_vessel_daytype,0.1,2018-01-01,2018-01-11,2018-01-12,2018-01-18,7,504,2928.6211657506915,2969.0,5.890873015873016,1.8591269841269842,0.8908730158730159,1080.0,1529.0,1907.0,754.0,308.0
fold_02,rolling_7d,all,decomp_ridge_calendar_vessel_mean,0.1,2018-01-01,2018-01-11,2018-01-12,2018-01-18,7,504,2919.0379736559125,2967.0,5.886904761904762,1.8392857142857142,0.8869047619047619,1080.0,1527.0,1915.0,744.0,308.0
fold_02,rolling_7d,all,hour_mean,,2018-01-01,2018-01-11,2018-01-12,2018-01-18,7,504,6156.024793388429,6158.0,12.218253968253968,2.7063492063492065,2.2738095238095237,1080.0,2226.0,4153.0,1606.0,399.0
fold_02,rolling_7d,all,poisson_direct_calendar,0.01,2018-01-01,2018-01-11,2018-01-12,2018-01-18,7,504,3440.655992180459,3481.0,6.906746031746032,2.0376984126984126,1.2638888888888888,1080.0,1717.0,2206.0,936.0,339.0
fold_02,rolling_7d,all,poisson_direct_calendar_vessel,0.01,2018-01-01,2018-01-11,2018-01-12,2018-01-18,7,504,3133.7516983854503,3182.0,6.313492063492063,1.9365079365079365,1.0674603174603174,1080.0,1618.0,2065.0,809.0,308.0
fold_02,rolling_7d,all,ridge_direct_calendar,1.0,2018-01-01,2018-01-11,2018-01-12,2018-01-18,7,504,3527.0744179520734,3527.0,6.998015873015873,1.9662698412698412,1.1805555555555556,1080.0,1675.0,2249.0,971.0,307.0
fold_02,rolling_7d,all,ridge_direct_calendar_vessel,1.0,2018-01-01,2018-01-11,2018-01-12,2018-01-18,7,504,3133.026686243107,3197.0,6.343253968253968,1.8591269841269842,0.8908730158730159,1080.0,1529.0,2069.0,822.0,306.0
fold_02,rolling_7d,exclude_outage_severe,decomp_ewm7_daytype_shrunk,,2018-01-01,2018-01-11,2018-01-12,2018-01-18,7,504,5808.154945132355,5770.0,11.448412698412698,2.6031746031746033,2.134920634920635,1080.0,2156.0,3918.0,1482.0,370.0
fold_02,rolling_7d,exclude_outage_severe,decomp_mean_daytype_shrunk,,2018-01-01,2018-01-11,2018-01-12,2018-01-18,7,504,6230.077160532519,6381.0,12.660714285714286,2.744047619047619,2.3035714285714284,1080.0,2241.0,4280.0,1731.0,370.0
fold_02,rolling_7d,exclude_outage_severe,decomp_mean_mean,,2018-01-01,2018-01-11,2018-01-12,2018-01-18,7,504,6195.818575965255,6255.0,12.410714285714286,2.7162698412698414,2.2876984126984126,1080.0,2233.0,4207.0,1655.0,393.0
fold_02,rolling_7d,exclude_outage_severe,decomp_poisson_calendar_daytype,1.0,2018-01-01,2018-01-11,2018-01-12,2018-01-18,7,504,3595.9869373302317,3626.0,7.194444444444445,2.0674603174603177,1.3174603174603174,1080.0,1744.0,2318.0,1004.0,304.0
fold_02,rolling_7d,exclude_outage_severe,decomp_poisson_calendar_mean,1.0,2018-01-01,2018-01-11,2018-01-12,2018-01-18,7,504,3583.719583466055,3574.0,7.091269841269841,2.0555555555555554,1.3015873015873016,1080.0,1736.0,2235.0,1032.0,307.0
fold_02,rolling_7d,exclude_outage_severe,decomp_poisson_calendar_vessel_daytype,1.0,2018-01-01,2018-01-11,2018-01-12,2018-01-18,7,504,3166.025283112409,3218.0,6.384920634920635,1.9444444444444444,1.0992063492063493,1080.0,1634.0,2065.0,850.0,303.0
fold_02,rolling_7d,exclude_outage_severe,decomp_poisson_calendar_vessel_mean,1.0,2018-01-01,2018-01-11,2018-01-12,2018-01-18,7,504,3154.63758244531,3221.0,6.390873015873016,1.9384920634920635,1.0972222222222223,1080.0,1633.0,2073.0,841.0,307.0
fold_02,rolling_7d,exclude_outage_severe,decomp_ridge_calendar_daytype,0.1,2018-01-01,2018-01-11,2018-01-12,2018-01-18,7,504,3455.3054526976616,3474.0,6.892857142857143,2.007936507936508,1.1944444444444444,1080.0,1682.0,2262.0,922.0,290.0
fold_02,rolling_7d,exclude_outage_severe,decomp_ridge_calendar_mean,0.1,2018-01-01,2018-01-11,2018-01-12,2018-01-18,7,504,3444.2152558434714,3459.0,6.863095238095238,2.005952380952381,1.1884920634920635,1080.0,1679.0,2211.0,952.0,296.0
fold_02,rolling_7d,exclude_outage_severe,decomp_ridge_calendar_vessel_daytype,0.1,2018-01-01,2018-01-11,2018-01-12,2018-01-18,7,504,2928.6211657506915,2969.0,5.890873015873016,1.8591269841269842,0.8908730158730159,1080.0,1529.0,1907.0,754.0,308.0
fold_02,rolling_7d,exclude_outage_severe,decomp_ridge_calendar_vessel_mean,0.1,2018-01-01,2018-01-11,2018-01-12,2018-01-18,7,504,2919.0379736559125,2967.0,5.886904761904762,1.8392857142857142,0.8869047619047619,1080.0,1527.0,1915.0,744.0,308.0
fold_02,rolling_7d,exclude_outage_severe,hour_mean,,2018-01-01,2018-01-11,2018-01-12,2018-01-18,7,504,6156.024793388429,6158.0,12.218253968253968,2.7063492063492065,2.2738095238095237,1080.0,2226.0,4153.0,1606.0,399.0
fold_02,rolling_7d,exclude_outage_severe,poisson_direct_calendar,0.01,2018-01-01,2018-01-11,2018-01-12,2018-01-18,7,504,3440.655992180459,3481.0,6.906746031746032,2.0376984126984126,1.2638888888888888,1080.0,1717.0,2206.0,936.0,339.0
fold_02,rolling_7d,exclude_outage_severe,poisson_direct_calendar_vessel,0.01,2018-01-01,2018-01-11,2018-01-12,2018-01-18,7,504,3133.7516983854503,3182.0,6.313492063492063,1.9365079365079365,1.0674603174603174,1080.0,1618.0,2065.0,809.0,308.0
fold_02,rolling_7d,exclude_outage_severe,ridge_direct_calendar,1.0,2018-01-01,2018-01-11,2018-01-12,2018-01-18,7,504,3527.0744179520734,3527.0,6.998015873015873,1.9662698412698412,1.1805555555555556,1080.0,1675.0,2249.0,971.0,307.0
fold_02,rolling_7d,exclude_outage_severe,ridge_direct_calendar_vessel,1.0,2018-01-01,2018-01-11,2018-01-12,2018-01-18,7,504,3133.026686243107,3197.0,6.343253968253968,1.8591269841269842,0.8908730158730159,1080.0,1529.0,2069.0,822.0,306.0
fold_02,rolling_7d,quality_weighted,decomp_ewm7_daytype_shrunk,,2018-01-01,2018-01-11,2018-01-12,2018-01-18,7,504,5808.154945132355,5770.0,11.448412698412698,2.6031746031746033,2.134920634920635,1080.0,2156.0,3918.0,1482.0,370.0
fold_02,rolling_7d,quality_weighted,decomp_mean_daytype_shrunk,,2018-01-01,2018-01-11,2018-01-12,2018-01-18,7,504,6230.077160532519,6381.0,12.660714285714286,2.744047619047619,2.3035714285714284,1080.0,2241.0,4280.0,1731.0,370.0
fold_02,rolling_7d,quality_weighted,decomp_mean_mean,,2018-01-01,2018-01-11,2018-01-12,2018-01-18,7,504,6195.818575965255,6255.0,12.410714285714286,2.7162698412698414,2.2876984126984126,1080.0,2233.0,4207.0,1655.0,393.0
fold_02,rolling_7d,quality_weighted,decomp_poisson_calendar_daytype,1.0,2018-01-01,2018-01-11,2018-01-12,2018-01-18,7,504,3595.9869373302317,3626.0,7.194444444444445,2.0674603174603177,1.3174603174603174,1080.0,1744.0,2318.0,1004.0,304.0
fold_02,rolling_7d,quality_weighted,decomp_poisson_calendar_mean,1.0,2018-01-01,2018-01-11,2018-01-12,2018-01-18,7,504,3583.719583466055,3574.0,7.091269841269841,2.0555555555555554,1.3015873015873016,1080.0,1736.0,2235.0,1032.0,307.0
fold_02,rolling_7d,quality_weighted,decomp_poisson_calendar_vessel_daytype,1.0,2018-01-01,2018-01-11,2018-01-12,2018-01-18,7,504,3166.025283112409,3218.0,6.384920634920635,1.9444444444444444,1.0992063492063493,1080.0,1634.0,2065.0,850.0,303.0
fold_02,rolling_7d,quality_weighted,decomp_poisson_calendar_vessel_mean,1.0,2018-01-01,2018-01-11,2018-01-12,2018-01-18,7,504,3154.63758244531,3221.0,6.390873015873016,1.9384920634920635,1.0972222222222223,1080.0,1633.0,2073.0,841.0,307.0
fold_02,rolling_7d,quality_weighted,decomp_ridge_calendar_daytype,0.1,2018-01-01,2018-01-11,2018-01-12,2018-01-18,7,504,3455.3054526976616,3474.0,6.892857142857143,2.007936507936508,1.1944444444444444,1080.0,1682.0,2262.0,922.0,290.0
fold_02,rolling_7d,quality_weighted,decomp_ridge_calendar_mean,0.1,2018-01-01,2018-01-11,2018-01-12,2018-01-18,7,504,3444.2152558434714,3459.0,6.863095238095238,2.005952380952381,1.1884920634920635,1080.0,1679.0,2211.0,952.0,296.0
fold_02,rolling_7d,quality_weighted,decomp_ridge_calendar_vessel_daytype,0.1,2018-01-01,2018-01-11,2018-01-12,2018-01-18,7,504,2928.6211657506915,2969.0,5.890873015873016,1.8591269841269842,0.8908730158730159,1080.0,1529.0,1907.0,754.0,308.0
fold_02,rolling_7d,quality_weighted,decomp_ridge_calendar_vessel_mean,0.1,2018-01-01,2018-01-11,2018-01-12,2018-01-18,7,504,2919.0379736559125,2967.0,5.886904761904762,1.8392857142857142,0.8869047619047619,1080.0,1527.0,1915.0,744.0,308.0
fold_02,rolling_7d,quality_weighted,hour_mean,,2018-01-01,2018-01-11,2018-01-12,2018-01-18,7,504,6156.024793388429,6158.0,12.218253968253968,2.7063492063492065,2.2738095238095237,1080.0,2226.0,4153.0,1606.0,399.0
fold_02,rolling_7d,quality_weighted,poisson_direct_calendar,0.01,2018-01-01,2018-01-11,2018-01-12,2018-01-18,7,504,3440.655992180459,3481.0,6.906746031746032,2.0376984126984126,1.2638888888888888,1080.0,1717.0,2206.0,936.0,339.0
fold_02,rolling_7d,quality_weighted,poisson_direct_calendar_vessel,0.01,2018-01-01,2018-01-11,2018-01-12,2018-01-18,7,504,3133.7516983854503,3182.0,6.313492063492063,1.9365079365079365,1.0674603174603174,1080.0,1618.0,2065.0,809.0,308.0
fold_02,rolling_7d,quality_weighted,ridge_direct_calendar,1.0,2018-01-01,2018-01-11,2018-01-12,2018-01-18,7,504,3527.0744179520734,3527.0,6.998015873015873,1.9662698412698412,1.1805555555555556,1080.0,1675.0,2249.0,971.0,307.0
fold_02,rolling_7d,quality_weighted,ridge_direct_calendar_vessel,1.0,2018-01-01,2018-01-11,2018-01-12,2018-01-18,7,504,3133.026686243107,3197.0,6.343253968253968,1.8591269841269842,0.8908730158730159,1080.0,1529.0,2069.0,822.0,306.0
fold_03,rolling_7d,all,decomp_ewm7_daytype_shrunk,,2018-01-01,2018-01-12,2018-01-13,2018-01-19,7,504,5269.0748353355175,5239.0,10.39484126984127,2.4503968253968256,1.9384920634920635,1096.0,2073.0,3594.0,1309.0,336.0
fold_03,rolling_7d,all,decomp_mean_daytype_shrunk,,2018-01-01,2018-01-12,2018-01-13,2018-01-19,7,504,5783.343055736785,5804.0,11.515873015873016,2.5833333333333335,2.1468253968253967,1096.0,2178.0,3959.0,1454.0,391.0
fold_03,rolling_7d,all,decomp_mean_mean,,2018-01-01,2018-01-12,2018-01-13,2018-01-19,7,504,5792.564145164648,5940.0,11.785714285714286,2.642857142857143,2.1865079365079363,1096.0,2198.0,3983.0,1581.0,376.0
fold_03,rolling_7d,all,decomp_poisson_calendar_daytype,1.0,2018-01-01,2018-01-12,2018-01-13,2018-01-19,7,504,3383.2453344580754,3400.0,6.746031746031746,2.003968253968254,1.0277777777777777,1096.0,1614.0,2237.0,847.0,316.0
fold_03,rolling_7d,all,decomp_poisson_calendar_mean,1.0,2018-01-01,2018-01-12,2018-01-13,2018-01-19,7,504,3400.685995794267,3412.0,6.76984126984127,1.9841269841269842,1.0238095238095237,1096.0,1612.0,2244.0,844.0,324.0
fold_03,rolling_7d,all,decomp_poisson_calendar_vessel_daytype,1.0,2018-01-01,2018-01-12,2018-01-13,2018-01-19,7,504,3059.570644694203,3069.0,6.089285714285714,1.8908730158730158,0.8313492063492064,1096.0,1515.0,2005.0,743.0,321.0
fold_03,rolling_7d,all,decomp_poisson_calendar_vessel_mean,1.0,2018-01-01,2018-01-12,2018-01-13,2018-01-19,7,504,3077.270706136343,3170.0,6.2896825396825395,1.9087301587301588,0.8492063492063492,1096.0,1524.0,2076.0,769.0,325.0
fold_03,rolling_7d,all,decomp_ridge_calendar_daytype,0.1,2018-01-01,2018-01-12,2018-01-13,2018-01-19,7,504,3323.8639452182556,3340.0,6.626984126984127,1.9484126984126984,0.8571428571428571,1096.0,1528.0,2219.0,826.0,295.0
fold_03,rolling_7d,all,decomp_ridge_calendar_mean,0.1,2018-01-01,2018-01-12,2018-01-13,2018-01-19,7,504,3341.361067642033,3377.0,6.700396825396825,1.9503968253968254,0.8670634920634921,1096.0,1533.0,2236.0,841.0,300.0
fold_03,rolling_7d,all,decomp_ridge_calendar_vessel_daytype,0.1,2018-01-01,2018-01-12,2018-01-13,2018-01-19,7,504,2948.111716071252,3008.0,5.968253968253968,1.8373015873015872,0.5674603174603174,1096.0,1382.0,1987.0,710.0,311.0
fold_03,rolling_7d,all,decomp_ridge_calendar_vessel_mean,0.1,2018-01-01,2018-01-12,2018-01-13,2018-01-19,7,504,2966.29072934633,2981.0,5.9146825396825395,1.8075396825396826,0.5615079365079365,1096.0,1379.0,1956.0,716.0,309.0
fold_03,rolling_7d,all,hour_mean,,2018-01-01,2018-01-12,2018-01-13,2018-01-19,7,504,5767.319444444444,5990.0,11.884920634920634,2.6666666666666665,2.2142857142857144,1096.0,2212.0,4034.0,1540.0,416.0
fold_03,rolling_7d,all,poisson_direct_calendar,0.01,2018-01-01,2018-01-12,2018-01-13,2018-01-19,7,504,3305.7432317190737,3339.0,6.625,2.001984126984127,1.0178571428571428,1096.0,1609.0,2171.0,813.0,355.0
fold_03,rolling_7d,all,poisson_direct_calendar_vessel,0.01,2018-01-01,2018-01-12,2018-01-13,2018-01-19,7,504,3094.9150728490195,3140.0,6.23015873015873,1.9126984126984128,0.7817460317460317,1096.0,1490.0,2092.0,739.0,309.0
fold_03,rolling_7d,all,ridge_direct_calendar,1.0,2018-01-01,2018-01-12,2018-01-13,2018-01-19,7,504,3371.826559322023,3481.0,6.906746031746032,1.9464285714285714,0.8472222222222222,1096.0,1523.0,2305.0,843.0,333.0
fold_03,rolling_7d,all,ridge_direct_calendar_vessel,1.0,2018-01-01,2018-01-12,2018-01-13,2018-01-19,7,504,3088.0104961240004,3148.0,6.246031746031746,1.8253968253968254,0.5396825396825397,1096.0,1368.0,2097.0,729.0,322.0
fold_03,rolling_7d,exclude_outage_severe,decomp_ewm7_daytype_shrunk,,2018-01-01,2018-01-12,2018-01-13,2018-01-19,7,504,5269.0748353355175,5239.0,10.39484126984127,2.4503968253968256,1.9384920634920635,1096.0,2073.0,3594.0,1309.0,336.0
fold_03,rolling_7d,exclude_outage_severe,decomp_mean_daytype_shrunk,,2018-01-01,2018-01-12,2018-01-13,2018-01-19,7,504,5783.343055736785,5804.0,11.515873015873016,2.5833333333333335,2.1468253968253967,1096.0,2178.0,3959.0,1454.0,391.0
fold_03,rolling_7d,exclude_outage_severe,decomp_mean_mean,,2018-01-01,2018-01-12,2018-01-13,2018-01-19,7,504,5792.564145164648,5940.0,11.785714285714286,2.642857142857143,2.1865079365079363,1096.0,2198.0,3983.0,1581.0,376.0
fold_03,rolling_7d,exclude_outage_severe,decomp_poisson_calendar_daytype,1.0,2018-01-01,2018-01-12,2018-01-13,2018-01-19,7,504,3383.2453344580754,3400.0,6.746031746031746,2.003968253968254,1.0277777777777777,1096.0,1614.0,2237.0,847.0,316.0
fold_03,rolling_7d,exclude_outage_severe,decomp_poisson_calendar_mean,1.0,2018-01-01,2018-01-12,2018-01-13,2018-01-19,7,504,3400.685995794267,3412.0,6.76984126984127,1.9841269841269842,1.0238095238095237,1096.0,1612.0,2244.0,844.0,324.0
fold_03,rolling_7d,exclude_outage_severe,decomp_poisson_calendar_vessel_daytype,1.0,2018-01-01,2018-01-12,2018-01-13,2018-01-19,7,504,3059.570644694203,3069.0,6.089285714285714,1.8908730158730158,0.8313492063492064,1096.0,1515.0,2005.0,743.0,321.0
fold_03,rolling_7d,exclude_outage_severe,decomp_poisson_calendar_vessel_mean,1.0,2018-01-01,2018-01-12,2018-01-13,2018-01-19,7,504,3077.270706136343,3170.0,6.2896825396825395,1.9087301587301588,0.8492063492063492,1096.0,1524.0,2076.0,769.0,325.0
fold_03,rolling_7d,exclude_outage_severe,decomp_ridge_calendar_daytype,0.1,2018-01-01,2018-01-12,2018-01-13,2018-01-19,7,504,3323.8639452182556,3340.0,6.626984126984127,1.9484126984126984,0.8571428571428571,1096.0,1528.0,2219.0,826.0,295.0
fold_03,rolling_7d,exclude_outage_severe,decomp_ridge_calendar_mean,0.1,2018-01-01,2018-01-12,2018-01-13,2018-01-19,7,504,3341.361067642033,3377.0,6.700396825396825,1.9503968253968254,0.8670634920634921,1096.0,1533.0,2236.0,841.0,300.0
fold_03,rolling_7d,exclude_outage_severe,decomp_ridge_calendar_vessel_daytype,0.1,2018-01-01,2018-01-12,2018-01-13,2018-01-19,7,504,2948.111716071252,3008.0,5.968253968253968,1.8373015873015872,0.5674603174603174,1096.0,1382.0,1987.0,710.0,311.0
fold_03,rolling_7d,exclude_outage_severe,decomp_ridge_calendar_vessel_mean,0.1,2018-01-01,2018-01-12,2018-01-13,2018-01-19,7,504,2966.29072934633,2981.0,5.9146825396825395,1.8075396825396826,0.5615079365079365,1096.0,1379.0,1956.0,716.0,309.0
fold_03,rolling_7d,exclude_outage_severe,hour_mean,,2018-01-01,2018-01-12,2018-01-13,2018-01-19,7,504,5767.319444444444,5990.0,11.884920634920634,2.6666666666666665,2.2142857142857144,1096.0,2212.0,4034.0,1540.0,416.0
fold_03,rolling_7d,exclude_outage_severe,poisson_direct_calendar,0.01,2018-01-01,2018-01-12,2018-01-13,2018-01-19,7,504,3305.7432317190737,3339.0,6.625,2.001984126984127,1.0178571428571428,1096.0,1609.0,2171.0,813.0,355.0
fold_03,rolling_7d,exclude_outage_severe,poisson_direct_calendar_vessel,0.01,2018-01-01,2018-01-12,2018-01-13,2018-01-19,7,504,3094.9150728490195,3140.0,6.23015873015873,1.9126984126984128,0.7817460317460317,1096.0,1490.0,2092.0,739.0,309.0
fold_03,rolling_7d,exclude_outage_severe,ridge_direct_calendar,1.0,2018-01-01,2018-01-12,2018-01-13,2018-01-19,7,504,3371.826559322023,3481.0,6.906746031746032,1.9464285714285714,0.8472222222222222,1096.0,1523.0,2305.0,843.0,333.0
fold_03,rolling_7d,exclude_outage_severe,ridge_direct_calendar_vessel,1.0,2018-01-01,2018-01-12,2018-01-13,2018-01-19,7,504,3088.0104961240004,3148.0,6.246031746031746,1.8253968253968254,0.5396825396825397,1096.0,1368.0,2097.0,729.0,322.0
fold_03,rolling_7d,quality_weighted,decomp_ewm7_daytype_shrunk,,2018-01-01,2018-01-12,2018-01-13,2018-01-19,7,504,5436.299458874928,5358.0,10.630952380952381,2.484126984126984,2.011904761904762,1096.0,2110.0,3627.0,1369.0,362.0
fold_03,rolling_7d,quality_weighted,decomp_mean_daytype_shrunk,,2018-01-01,2018-01-12,2018-01-13,2018-01-19,7,504,5908.754344033534,6039.0,11.982142857142858,2.6448412698412698,2.2083333333333335,1096.0,2209.0,4121.0,1529.0,389.0
fold_03,rolling_7d,quality_weighted,decomp_mean_mean,,2018-01-01,2018-01-12,2018-01-13,2018-01-19,7,504,5917.712784634697,5960.0,11.825396825396826,2.634920634920635,2.1865079365079363,1096.0,2198.0,4014.0,1583.0,363.0
fold_03,rolling_7d,quality_weighted,decomp_poisson_calendar_daytype,1.0,2018-01-01,2018-01-12,2018-01-13,2018-01-19,7,504,3435.063215710325,3458.0,6.861111111111111,2.011904761904762,1.0952380952380953,1096.0,1648.0,2274.0,873.0,311.0
fold_03,rolling_7d,quality_weighted,decomp_poisson_calendar_mean,1.0,2018-01-01,2018-01-12,2018-01-13,2018-01-19,7,504,3453.188563326251,3464.0,6.873015873015873,2.0,1.0992063492063493,1096.0,1650.0,2244.0,899.0,321.0
fold_03,rolling_7d,quality_weighted,decomp_poisson_calendar_vessel_daytype,1.0,2018-01-01,2018-01-12,2018-01-13,2018-01-19,7,504,3077.019766640131,3092.0,6.134920634920635,1.9047619047619047,0.873015873015873,1096.0,1536.0,2021.0,757.0,314.0
fold_03,rolling_7d,quality_weighted,decomp_poisson_calendar_vessel_mean,1.0,2018-01-01,2018-01-12,2018-01-13,2018-01-19,7,504,3095.5938567848225,3163.0,6.275793650793651,1.9027777777777777,0.8869047619047619,1096.0,1543.0,2082.0,761.0,320.0
fold_03,rolling_7d,quality_weighted,decomp_ridge_calendar_daytype,0.1,2018-01-01,2018-01-12,2018-01-13,2018-01-19,7,504,3356.2306330052534,3421.0,6.787698412698413,1.9821428571428572,0.9503968253968254,1096.0,1575.0,2278.0,850.0,293.0
fold_03,rolling_7d,quality_weighted,decomp_ridge_calendar_mean,0.1,2018-01-01,2018-01-12,2018-01-13,2018-01-19,7,504,3374.4623389302233,3418.0,6.781746031746032,1.9722222222222223,0.9325396825396826,1096.0,1566.0,2255.0,858.0,305.0
fold_03,rolling_7d,quality_weighted,decomp_ridge_calendar_vessel_daytype,0.1,2018-01-01,2018-01-12,2018-01-13,2018-01-19,7,504,2939.6714559298925,3019.0,5.990079365079365,1.8472222222222223,0.628968253968254,1096.0,1413.0,1974.0,737.0,308.0
fold_03,rolling_7d,quality_weighted,decomp_ridge_calendar_vessel_mean,0.1,2018-01-01,2018-01-12,2018-01-13,2018-01-19,7,504,2958.7789901571737,2979.0,5.910714285714286,1.8273809523809523,0.621031746031746,1096.0,1409.0,1924.0,743.0,312.0
fold_03,rolling_7d,quality_weighted,hour_mean,,2018-01-01,2018-01-12,2018-01-13,2018-01-19,7,504,5899.196597353497,5961.0,11.827380952380953,2.6607142857142856,2.2281746031746033,1096.0,2219.0,3976.0,1569.0,416.0
fold_03,rolling_7d,quality_weighted,poisson_direct_calendar,0.01,2018-01-01,2018-01-12,2018-01-13,2018-01-19,7,504,3356.092119957125,3385.0,6.716269841269841,2.013888888888889,1.0654761904761905,1096.0,1633.0,2191.0,835.0,359.0
fold_03,rolling_7d,quality_weighted,poisson_direct_calendar_vessel,0.01,2018-01-01,2018-01-12,2018-01-13,2018-01-19,7,504,3111.1552812560285,3169.0,6.287698412698413,1.9186507936507937,0.8472222222222222,1096.0,1523.0,2103.0,759.0,307.0
fold_03,rolling_7d,quality_weighted,ridge_direct_calendar,1.0,2018-01-01,2018-01-12,2018-01-13,2018-01-19,7,504,3418.1409690637092,3475.0,6.89484126984127,1.9345238095238095,0.9186507936507936,1096.0,1559.0,2293.0,869.0,313.0
fold_03,rolling_7d,quality_weighted,ridge_direct_calendar_vessel,1.0,2018-01-01,2018-01-12,2018-01-13,2018-01-19,7,504,3101.380595824661,3171.0,6.291666666666667,1.8392857142857142,0.6011904761904762,1096.0,1399.0,2095.0,752.0,324.0
fold_04,rolling_7d,all,decomp_ewm7_daytype_shrunk,,2018-01-01,2018-01-13,2018-01-14,2018-01-20,7,504,4772.8507116566125,4808.0,9.53968253968254,2.369047619047619,1.3015873015873016,1323.0,1979.0,3154.0,1271.0,383.0
fold_04,rolling_7d,all,decomp_mean_daytype_shrunk,,2018-01-01,2018-01-13,2018-01-14,2018-01-20,7,504,5308.831641468782,5274.0,10.464285714285714,2.488095238095238,1.5277777777777777,1323.0,2093.0,3432.0,1417.0,425.0
fold_04,rolling_7d,all,decomp_mean_mean,,2018-01-01,2018-01-13,2018-01-14,2018-01-20,7,504,5285.240108244208,5224.0,10.365079365079366,2.4801587301587302,1.4722222222222223,1323.0,2065.0,3408.0,1397.0,419.0
fold_04,rolling_7d,all,decomp_poisson_calendar_daytype,1.0,2018-01-01,2018-01-13,2018-01-14,2018-01-20,7,504,4019.4518972563815,4134.0,8.202380952380953,2.0833333333333335,0.14285714285714285,1323.0,1395.0,2663.0,1084.0,387.0
fold_04,rolling_7d,all,decomp_poisson_calendar_mean,1.0,2018-01-01,2018-01-13,2018-01-14,2018-01-20,7,504,4020.4992689809833,4072.0,8.079365079365079,2.0555555555555554,0.13095238095238096,1323.0,1389.0,2589.0,1097.0,386.0
fold_04,rolling_7d,all,decomp_poisson_calendar_vessel_daytype,0.0001,2018-01-01,2018-01-13,2018-01-14,2018-01-20,7,504,3963.6119257930895,4023.0,7.982142857142857,1.998015873015873,-0.24404761904761904,1323.0,1200.0,2592.0,1052.0,379.0
fold_04,rolling_7d,all,decomp_poisson_calendar_vessel_mean,0.0001,2018-01-01,2018-01-13,2018-01-14,2018-01-20,7,504,3967.5040051002106,4019.0,7.974206349206349,1.9702380952380953,-0.23214285714285715,1323.0,1206.0,2584.0,1057.0,378.0
fold_04,rolling_7d,all,decomp_ridge_calendar_daytype,0.1,2018-01-01,2018-01-13,2018-01-14,2018-01-20,7,504,4350.377261305091,4374.0,8.678571428571429,2.0515873015873014,-0.19444444444444445,1323.0,1225.0,2847.0,1154.0,373.0
fold_04,rolling_7d,all,decomp_ridge_calendar_mean,0.1,2018-01-01,2018-01-13,2018-01-14,2018-01-20,7,504,4353.367107520021,4458.0,8.845238095238095,2.0714285714285716,-0.17857142857142858,1323.0,1233.0,2874.0,1187.0,397.0
fold_04,rolling_7d,all,decomp_ridge_calendar_vessel_daytype,0.1,2018-01-01,2018-01-13,2018-01-14,2018-01-20,7,504,4678.592575290208,4691.0,9.307539682539682,2.0654761904761907,-0.6726190476190477,1323.0,984.0,3108.0,1202.0,381.0
fold_04,rolling_7d,all,decomp_ridge_calendar_vessel_mean,0.1,2018-01-01,2018-01-13,2018-01-14,2018-01-20,7,504,4687.301143569928,4704.0,9.333333333333334,2.0555555555555554,-0.6706349206349206,1323.0,985.0,3131.0,1186.0,387.0
fold_04,rolling_7d,all,hour_mean,,2018-01-01,2018-01-13,2018-01-14,2018-01-20,7,504,5250.674556213018,5325.0,10.56547619047619,2.501984126984127,1.5138888888888888,1323.0,2086.0,3525.0,1391.0,409.0
fold_04,rolling_7d,all,poisson_direct_calendar,0.01,2018-01-01,2018-01-13,2018-01-14,2018-01-20,7,504,4069.981721208622,4132.0,8.198412698412698,2.0873015873015874,0.09523809523809523,1323.0,1371.0,2617.0,1083.0,432.0
fold_04,rolling_7d,all,poisson_direct_calendar_vessel,0.0001,2018-01-01,2018-01-13,2018-01-14,2018-01-20,7,504,3963.276067551623,4024.0,7.984126984126984,1.9761904761904763,-0.23809523809523808,1323.0,1203.0,2611.0,1030.0,383.0
fold_04,rolling_7d,all,ridge_direct_calendar,1.0,2018-01-01,2018-01-13,2018-01-14,2018-01-20,7,504,4213.224837113135,4228.0,8.38888888888889,2.0476190476190474,-0.17857142857142858,1323.0,1233.0,2702.0,1131.0,395.0
fold_04,rolling_7d,all,ridge_direct_calendar_vessel,1.0,2018-01-01,2018-01-13,2018-01-14,2018-01-20,7,504,4364.932059860203,4400.0,8.73015873015873,2.0436507936507935,-0.623015873015873,1323.0,1009.0,2868.0,1137.0,395.0
fold_04,rolling_7d,exclude_outage_severe,decomp_ewm7_daytype_shrunk,,2018-01-01,2018-01-13,2018-01-14,2018-01-20,7,504,5222.489966462205,5196.0,10.30952380952381,2.4444444444444446,1.4880952380952381,1323.0,2073.0,3458.0,1363.0,375.0
fold_04,rolling_7d,exclude_outage_severe,decomp_mean_daytype_shrunk,,2018-01-01,2018-01-13,2018-01-14,2018-01-20,7,504,5620.070040295004,5677.0,11.26388888888889,2.5654761904761907,1.6964285714285714,1323.0,2178.0,3763.0,1484.0,430.0
fold_04,rolling_7d,exclude_outage_severe,decomp_mean_mean,,2018-01-01,2018-01-13,2018-01-14,2018-01-20,7,504,5663.281323675717,5791.0,11.490079365079366,2.621031746031746,1.7361111111111112,1323.0,2198.0,3775.0,1595.0,421.0
fold_04,rolling_7d,exclude_outage_severe,decomp_poisson_calendar_daytype,1.0,2018-01-01,2018-01-13,2018-01-14,2018-01-20,7,504,3992.6360151683293,3998.0,7.932539682539683,2.123015873015873,0.4603174603174603,1323.0,1555.0,2561.0,1043.0,394.0
fold_04,rolling_7d,exclude_outage_severe,decomp_poisson_calendar_mean,1.0,2018-01-01,2018-01-13,2018-01-14,2018-01-20,7,504,4036.1224565982757,4049.0,8.033730158730158,2.121031746031746,0.47023809523809523,1323.0,1560.0,2555.0,1083.0,411.0
fold_04,rolling_7d,exclude_outage_severe,decomp_poisson_calendar_vessel_daytype,0.0001,2018-01-01,2018-01-13,2018-01-14,2018-01-20,7,504,3836.2699604636127,3854.0,7.646825396825397,2.0555555555555554,0.25396825396825395,1323.0,1451.0,2447.0,1017.0,390.0
fold_04,rolling_7d,exclude_outage_severe,decomp_poisson_calendar_vessel_mean,0.0001,2018-01-01,2018-01-13,2018-01-14,2018-01-20,7,504,3878.8508588788072,3930.0,7.7976190476190474,2.0515873015873014,0.25,1323.0,1449.0,2526.0,1009.0,395.0
fold_04,rolling_7d,exclude_outage_severe,decomp_ridge_calendar_daytype,0.1,2018-01-01,2018-01-13,2018-01-14,2018-01-20,7,504,4051.764787103623,4039.0,8.01388888888889,2.0932539682539684,0.25992063492063494,1323.0,1454.0,2591.0,1056.0,392.0
fold_04,rolling_7d,exclude_outage_severe,decomp_ridge_calendar_mean,0.1,2018-01-01,2018-01-13,2018-01-14,2018-01-20,7,504,4094.231964780328,4153.0,8.240079365079366,2.117063492063492,0.2718253968253968,1323.0,1460.0,2654.0,1097.0,402.0
fold_04,rolling_7d,exclude_outage_severe,decomp_ridge_calendar_vessel_daytype,0.1,2018-01-01,2018-01-13,2018-01-14,2018-01-20,7,504,3981.308756523675,4034.0,8.003968253968255,2.0396825396825395,-0.04365079365079365,1323.0,1301.0,2588.0,1051.0,395.0
fold_04,rolling_7d,exclude_outage_severe,decomp_ridge_calendar_vessel_mean,0.1,2018-01-01,2018-01-13,2018-01-14,2018-01-20,7,504,4022.696153431355,4055.0,8.045634920634921,2.0297619047619047,-0.04563492063492063,1323.0,1300.0,2577.0,1079.0,399.0
fold_04,rolling_7d,exclude_outage_severe,hour_mean,,2018-01-01,2018-01-13,2018-01-14,2018-01-20,7,504,5632.319444444445,5797.0,11.501984126984127,2.628968253968254,1.7638888888888888,1323.0,2212.0,3794.0,1550.0,453.0
fold_04,rolling_7d,exclude_outage_severe,poisson_direct_calendar,0.01,2018-01-01,2018-01-13,2018-01-14,2018-01-20,7,504,3982.4318038438505,4020.0,7.976190476190476,2.1468253968253967,0.4523809523809524,1323.0,1551.0,2502.0,1075.0,443.0
fold_04,rolling_7d,exclude_outage_severe,poisson_direct_calendar_vessel,0.0001,2018-01-01,2018-01-13,2018-01-14,2018-01-20,7,504,3859.1025857164204,3929.0,7.795634920634921,2.0535714285714284,0.24404761904761904,1323.0,1446.0,2518.0,1021.0,390.0
fold_04,rolling_7d,exclude_outage_severe,ridge_direct_calendar,1.0,2018-01-01,2018-01-13,2018-01-14,2018-01-20,7,504,4013.899598098315,4114.0,8.162698412698413,2.0912698412698414,0.25,1323.0,1449.0,2611.0,1086.0,417.0
fold_04,rolling_7d,exclude_outage_severe,ridge_direct_calendar_vessel,1.0,2018-01-01,2018-01-13,2018-01-14,2018-01-20,7,504,3933.5794010003333,3940.0,7.817460317460317,2.007936507936508,-0.05952380952380952,1323.0,1293.0,2486.0,1037.0,417.0
fold_04,rolling_7d,quality_weighted,decomp_ewm7_daytype_shrunk,,2018-01-01,2018-01-13,2018-01-14,2018-01-20,7,504,5355.6241135081855,5315.0,10.545634920634921,2.482142857142857,1.5615079365079365,1323.0,2110.0,3495.0,1419.0,401.0
fold_04,rolling_7d,quality_weighted,decomp_mean_daytype_shrunk,,2018-01-01,2018-01-13,2018-01-14,2018-01-20,7,504,5723.862504260227,5866.0,11.63888888888889,2.615079365079365,1.757936507936508,1323.0,2209.0,3913.0,1525.0,428.0
fold_04,rolling_7d,quality_weighted,decomp_mean_mean,,2018-01-01,2018-01-13,2018-01-14,2018-01-20,7,504,5770.877432813682,5829.0,11.56547619047619,2.621031746031746,1.7361111111111112,1323.0,2198.0,3814.0,1597.0,418.0
fold_04,rolling_7d,quality_weighted,decomp_poisson_calendar_daytype,1.0,2018-01-01,2018-01-13,2018-01-14,2018-01-20,7,504,4009.9202492386994,4042.0,8.01984126984127,2.123015873015873,0.5317460317460317,1323.0,1591.0,2600.0,1056.0,386.0
fold_04,rolling_7d,quality_weighted,decomp_poisson_calendar_mean,1.0,2018-01-01,2018-01-13,2018-01-14,2018-01-20,7,504,4057.3737214659172,4083.0,8.101190476190476,2.125,0.5416666666666666,1323.0,1596.0,2569.0,1119.0,395.0
fold_04,rolling_7d,quality_weighted,decomp_poisson_calendar_vessel_daytype,0.0001,2018-01-01,2018-01-13,2018-01-14,2018-01-20,7,504,3820.4245615464833,3864.0,7.666666666666667,2.0515873015873014,0.29365079365079366,1323.0,1471.0,2491.0,994.0,379.0
fold_04,rolling_7d,quality_weighted,decomp_poisson_calendar_vessel_mean,0.0001,2018-01-01,2018-01-13,2018-01-14,2018-01-20,7,504,3866.6284669115744,3929.0,7.795634920634921,2.0694444444444446,0.2916666666666667,1323.0,1470.0,2501.0,1037.0,391.0
fold_04,rolling_7d,quality_weighted,decomp_ridge_calendar_daytype,0.1,2018-01-01,2018-01-13,2018-01-14,2018-01-20,7,504,4043.0120915712114,4075.0,8.08531746031746,2.113095238095238,0.3630952380952381,1323.0,1506.0,2641.0,1049.0,385.0
fold_04,rolling_7d,quality_weighted,decomp_ridge_calendar_mean,0.1,2018-01-01,2018-01-13,2018-01-14,2018-01-20,7,504,4089.4692108532495,4149.0,8.232142857142858,2.121031746031746,0.3472222222222222,1323.0,1498.0,2650.0,1095.0,404.0
fold_04,rolling_7d,quality_weighted,decomp_ridge_calendar_vessel_daytype,0.1,2018-01-01,2018-01-13,2018-01-14,2018-01-20,7,504,3933.34807077721,3990.0,7.916666666666667,2.0357142857142856,0.023809523809523808,1323.0,1335.0,2547.0,1063.0,380.0
fold_04,rolling_7d,quality_weighted,decomp_ridge_calendar_vessel_mean,0.1,2018-01-01,2018-01-13,2018-01-14,2018-01-20,7,504,3978.379980638575,4026.0,7.988095238095238,2.0357142857142856,0.01984126984126984,1323.0,1333.0,2561.0,1067.0,398.0
fold_04,rolling_7d,quality_weighted,hour_mean,,2018-01-01,2018-01-13,2018-01-14,2018-01-20,7,504,5743.327032136106,5834.0,11.575396825396826,2.634920634920635,1.7777777777777777,1323.0,2219.0,3790.0,1591.0,453.0
fold_04,rolling_7d,quality_weighted,poisson_direct_calendar,0.01,2018-01-01,2018-01-13,2018-01-14,2018-01-20,7,504,4002.0955262272223,4048.0,8.031746031746032,2.1507936507936507,0.5119047619047619,1323.0,1581.0,2549.0,1060.0,439.0
fold_04,rolling_7d,quality_weighted,poisson_direct_calendar_vessel,0.0001,2018-01-01,2018-01-13,2018-01-14,2018-01-20,7,504,3850.9610348666347,3887.0,7.712301587301587,2.0575396825396823,0.2996031746031746,1323.0,1474.0,2484.0,1012.0,391.0
fold_04,rolling_7d,quality_weighted,ridge_direct_calendar,1.0,2018-01-01,2018-01-13,2018-01-14,2018-01-20,7,504,4029.0512778512602,4099.0,8.132936507936508,2.0773809523809526,0.32341269841269843,1323.0,1486.0,2600.0,1102.0,397.0
fold_04,rolling_7d,quality_weighted,ridge_direct_calendar_vessel,1.0,2018-01-01,2018-01-13,2018-01-14,2018-01-20,7,504,3920.4386009931914,3922.0,7.781746031746032,2.015873015873016,0.015873015873015872,1323.0,1331.0,2483.0,1024.0,415.0
fold_05,rolling_7d,all,decomp_ewm7_daytype_shrunk,,2018-01-01,2018-01-14,2018-01-15,2018-01-21,7,504,4701.771478827967,4741.0,9.406746031746032,2.3234126984126986,0.4027777777777778,1619.0,1822.0,2940.0,1329.0,472.0
fold_05,rolling_7d,all,decomp_mean_daytype_shrunk,,2018-01-01,2018-01-14,2018-01-15,2018-01-21,7,504,5058.750568045234,5105.0,10.128968253968255,2.4186507936507935,0.7876984126984127,1619.0,2016.0,3170.0,1441.0,494.0
fold_05,rolling_7d,all,decomp_mean_mean,,2018-01-01,2018-01-14,2018-01-15,2018-01-21,7,504,4999.562434097089,5031.0,9.982142857142858,2.4623015873015874,0.8154761904761905,1619.0,2030.0,3079.0,1492.0,460.0
fold_05,rolling_7d,all,decomp_poisson_calendar_daytype,1.0,2018-01-01,2018-01-14,2018-01-15,2018-01-21,7,504,5790.813470178548,5816.0,11.53968253968254,2.3214285714285716,-0.8650793650793651,1619.0,1183.0,3774.0,1549.0,493.0
fold_05,rolling_7d,all,decomp_poisson_calendar_mean,1.0,2018-01-01,2018-01-14,2018-01-15,2018-01-21,7,504,5796.544906986621,5806.0,11.51984126984127,2.3333333333333335,-0.8611111111111112,1619.0,1185.0,3723.0,1598.0,485.0
fold_05,rolling_7d,all,decomp_poisson_calendar_vessel_daytype,0.0001,2018-01-01,2018-01-14,2018-01-15,2018-01-21,7,504,6119.963881114776,6081.0,12.06547619047619,2.3035714285714284,-1.2638888888888888,1619.0,982.0,3928.0,1681.0,472.0
fold_05,rolling_7d,all,decomp_poisson_calendar_vessel_mean,0.0001,2018-01-01,2018-01-14,2018-01-15,2018-01-21,7,504,6125.086241131604,6094.0,12.091269841269842,2.3134920634920637,-1.257936507936508,1619.0,985.0,3955.0,1658.0,481.0
fold_05,rolling_7d,all,decomp_ridge_calendar_daytype,1.0,2018-01-01,2018-01-14,2018-01-15,2018-01-21,7,504,7133.549194239905,7150.0,14.186507936507937,2.492063492063492,-1.246031746031746,1619.0,991.0,4823.0,1833.0,494.0
fold_05,rolling_7d,all,decomp_ridge_calendar_mean,1.0,2018-01-01,2018-01-14,2018-01-15,2018-01-21,7,504,7152.190945258365,7225.0,14.33531746031746,2.5257936507936507,-1.248015873015873,1619.0,990.0,4839.0,1885.0,501.0
fold_05,rolling_7d,all,decomp_ridge_calendar_vessel_daytype,0.1,2018-01-01,2018-01-14,2018-01-15,2018-01-21,7,504,8006.546871479945,8012.0,15.896825396825397,2.626984126984127,-1.8412698412698412,1619.0,691.0,5384.0,2145.0,483.0
fold_05,rolling_7d,all,decomp_ridge_calendar_vessel_mean,0.1,2018-01-01,2018-01-14,2018-01-15,2018-01-21,7,504,8022.099844870299,8027.0,15.926587301587302,2.613095238095238,-1.8551587301587302,1619.0,684.0,5380.0,2152.0,495.0
fold_05,rolling_7d,all,hour_mean,,2018-01-01,2018-01-14,2018-01-15,2018-01-21,7,504,4870.5,4879.0,9.680555555555555,2.4027777777777777,0.7599206349206349,1619.0,2002.0,2982.0,1414.0,483.0
fold_05,rolling_7d,all,poisson_direct_calendar,0.01,2018-01-01,2018-01-14,2018-01-15,2018-01-21,7,504,5948.373218149277,6011.0,11.926587301587302,2.3551587301587302,-0.9186507936507936,1619.0,1156.0,3854.0,1642.0,515.0
fold_05,rolling_7d,all,poisson_direct_calendar_vessel,0.0001,2018-01-01,2018-01-14,2018-01-15,2018-01-21,7,504,6086.6432372548825,6067.0,12.037698412698413,2.3075396825396823,-1.2638888888888888,1619.0,982.0,3914.0,1665.0,488.0
fold_05,rolling_7d,all,ridge_direct_calendar,10.0,2018-01-01,2018-01-14,2018-01-15,2018-01-21,7,504,7773.358191632416,7890.0,15.654761904761905,2.7182539682539684,-1.257936507936508,1619.0,985.0,5225.0,1903.0,762.0
fold_05,rolling_7d,all,ridge_direct_calendar_vessel,1.0,2018-01-01,2018-01-14,2018-01-15,2018-01-21,7,504,7132.649094054564,7180.0,14.246031746031745,2.503968253968254,-1.6785714285714286,1619.0,773.0,4746.0,1926.0,508.0
fold_05,rolling_7d,exclude_outage_severe,decomp_ewm7_daytype_shrunk,,2018-01-01,2018-01-14,2018-01-15,2018-01-21,7,504,5045.9225051089625,5016.0,9.952380952380953,2.4087301587301586,0.9007936507936508,1619.0,2073.0,3173.0,1426.0,417.0
fold_05,rolling_7d,exclude_outage_severe,decomp_mean_daytype_shrunk,,2018-01-01,2018-01-14,2018-01-15,2018-01-21,7,504,5309.883741904647,5341.0,10.597222222222221,2.501984126984127,1.1091269841269842,1619.0,2178.0,3364.0,1505.0,472.0
fold_05,rolling_7d,exclude_outage_severe,decomp_mean_mean,,2018-01-01,2018-01-14,2018-01-15,2018-01-21,7,504,5338.270593011173,5399.0,10.712301587301587,2.5496031746031744,1.1488095238095237,1619.0,2198.0,3368.0,1574.0,457.0
fold_05,rolling_7d,exclude_outage_severe,decomp_poisson_calendar_daytype,1.0,2018-01-01,2018-01-14,2018-01-15,2018-01-21,7,504,4547.8476938325,4589.0,9.10515873015873,2.2123015873015874,-0.2361111111111111,1619.0,1500.0,2799.0,1303.0,487.0
fold_05,rolling_7d,exclude_outage_severe,decomp_poisson_calendar_mean,1.0,2018-01-01,2018-01-14,2018-01-15,2018-01-21,7,504,4575.79698411988,4576.0,9.079365079365079,2.1944444444444446,-0.21825396825396826,1619.0,1509.0,2772.0,1320.0,484.0
fold_05,rolling_7d,exclude_outage_severe,decomp_poisson_calendar_vessel_daytype,0.0001,2018-01-01,2018-01-14,2018-01-15,2018-01-21,7,504,4679.948745383399,4668.0,9.261904761904763,2.1865079365079363,-0.44841269841269843,1619.0,1393.0,2846.0,1347.0,475.0
fold_05,rolling_7d,exclude_outage_severe,decomp_poisson_calendar_vessel_mean,0.0001,2018-01-01,2018-01-14,2018-01-15,2018-01-21,7,504,4707.452679717782,4696.0,9.317460317460318,2.1746031746031744,-0.4365079365079365,1619.0,1399.0,2918.0,1312.0,466.0
fold_05,rolling_7d,exclude_outage_severe,decomp_ridge_calendar_daytype,1.0,2018-01-01,2018-01-14,2018-01-15,2018-01-21,7,504,4770.367369666634,4806.0,9.535714285714286,2.2261904761904763,-0.36904761904761907,1619.0,1433.0,2949.0,1371.0,486.0
fold_05,rolling_7d,exclude_outage_severe,decomp_ridge_calendar_mean,1.0,2018-01-01,2018-01-14,2018-01-15,2018-01-21,7,504,4797.13489551201,4806.0,9.535714285714286,2.2103174603174605,-0.3611111111111111,1619.0,1437.0,2950.0,1369.0,487.0
fold_05,rolling_7d,exclude_outage_severe,decomp_ridge_calendar_vessel_daytype,0.1,2018-01-01,2018-01-14,2018-01-15,2018-01-21,7,504,5079.020163717927,5167.0,10.251984126984127,2.236111111111111,-0.7837301587301587,1619.0,1224.0,3165.0,1509.0,493.0
fold_05,rolling_7d,exclude_outage_severe,decomp_ridge_calendar_vessel_mean,0.1,2018-01-01,2018-01-14,2018-01-15,2018-01-21,7,504,5104.996728444008,5173.0,10.26388888888889,2.2162698412698414,-0.7757936507936508,1619.0,1228.0,3173.0,1529.0,471.0
fold_05,rolling_7d,exclude_outage_severe,hour_mean,,2018-01-01,2018-01-14,2018-01-15,2018-01-21,7,504,5332.819444444443,5443.0,10.799603174603174,2.5654761904761907,1.1765873015873016,1619.0,2212.0,3391.0,1559.0,493.0
fold_05,rolling_7d,exclude_outage_severe,poisson_direct_calendar,0.01,2018-01-01,2018-01-14,2018-01-15,2018-01-21,7,504,4588.860981208788,4644.0,9.214285714285714,2.2261904761904763,-0.23809523809523808,1619.0,1499.0,2803.0,1327.0,514.0
fold_05,rolling_7d,exclude_outage_severe,poisson_direct_calendar_vessel,0.0001,2018-01-01,2018-01-14,2018-01-15,2018-01-21,7,504,4704.262459771703,4741.0,9.406746031746032,2.1845238095238093,-0.44642857142857145,1619.0,1394.0,2930.0,1349.0,462.0
fold_05,rolling_7d,exclude_outage_severe,ridge_direct_calendar,10.0,2018-01-01,2018-01-14,2018-01-15,2018-01-21,7,504,4965.705230815032,5035.0,9.990079365079366,2.2876984126984126,-0.45436507936507936,1619.0,1390.0,2978.0,1390.0,667.0
fold_05,rolling_7d,exclude_outage_severe,ridge_direct_calendar_vessel,0.1,2018-01-01,2018-01-14,2018-01-15,2018-01-21,7,504,5055.5742512373645,5146.0,10.21031746031746,2.257936507936508,-0.7896825396825397,1619.0,1221.0,3138.0,1496.0,512.0
fold_05,rolling_7d,quality_weighted,decomp_ewm7_daytype_shrunk,,2018-01-01,2018-01-14,2018-01-15,2018-01-21,7,504,5130.71509440757,5125.0,10.168650793650794,2.4464285714285716,0.9742063492063492,1619.0,2110.0,3186.0,1496.0,443.0
fold_05,rolling_7d,quality_weighted,decomp_mean_daytype_shrunk,,2018-01-01,2018-01-14,2018-01-15,2018-01-21,7,504,5379.436218890289,5518.0,10.948412698412698,2.5476190476190474,1.1706349206349207,1619.0,2209.0,3488.0,1560.0,470.0
fold_05,rolling_7d,quality_weighted,decomp_mean_mean,,2018-01-01,2018-01-14,2018-01-15,2018-01-21,7,504,5411.783415589681,5433.0,10.779761904761905,2.5496031746031744,1.1488095238095237,1619.0,2198.0,3391.0,1582.0,460.0
fold_05,rolling_7d,quality_weighted,decomp_poisson_calendar_daytype,1.0,2018-01-01,2018-01-14,2018-01-15,2018-01-21,7,504,4519.494539787447,4543.0,9.01388888888889,2.1884920634920637,-0.16468253968253968,1619.0,1536.0,2780.0,1288.0,475.0
fold_05,rolling_7d,quality_weighted,decomp_poisson_calendar_mean,1.0,2018-01-01,2018-01-14,2018-01-15,2018-01-21,7,504,4550.9491373952405,4584.0,9.095238095238095,2.1944444444444446,-0.1388888888888889,1619.0,1549.0,2781.0,1330.0,473.0
fold_05,rolling_7d,quality_weighted,decomp_poisson_calendar_vessel_daytype,0.0001,2018-01-01,2018-01-14,2018-01-15,2018-01-21,7,504,4629.61943288797,4636.0,9.198412698412698,2.1746031746031744,-0.3968253968253968,1619.0,1419.0,2873.0,1299.0,464.0
fold_05,rolling_7d,quality_weighted,decomp_poisson_calendar_vessel_mean,0.0001,2018-01-01,2018-01-14,2018-01-15,2018-01-21,7,504,4660.567744382637,4712.0,9.34920634920635,2.1984126984126986,-0.3968253968253968,1619.0,1419.0,2919.0,1328.0,465.0
fold_05,rolling_7d,quality_weighted,decomp_ridge_calendar_daytype,1.0,2018-01-01,2018-01-14,2018-01-15,2018-01-21,7,504,4728.575366467912,4730.0,9.384920634920634,2.2142857142857144,-0.2857142857142857,1619.0,1475.0,2904.0,1337.0,489.0
fold_05,rolling_7d,quality_weighted,decomp_ridge_calendar_mean,1.0,2018-01-01,2018-01-14,2018-01-15,2018-01-21,7,504,4758.725942882415,4817.0,9.557539682539682,2.2242063492063493,-0.2757936507936508,1619.0,1480.0,2979.0,1359.0,479.0
fold_05,rolling_7d,quality_weighted,decomp_ridge_calendar_vessel_daytype,0.1,2018-01-01,2018-01-14,2018-01-15,2018-01-21,7,504,4983.901743664238,5053.0,10.02579365079365,2.2123015873015874,-0.7083333333333334,1619.0,1262.0,3114.0,1467.0,472.0
fold_05,rolling_7d,quality_weighted,decomp_ridge_calendar_vessel_mean,0.1,2018-01-01,2018-01-14,2018-01-15,2018-01-21,7,504,5013.250068855241,5099.0,10.117063492063492,2.2083333333333335,-0.7043650793650794,1619.0,1264.0,3153.0,1477.0,469.0
fold_05,rolling_7d,quality_weighted,hour_mean,,2018-01-01,2018-01-14,2018-01-15,2018-01-21,7,504,5409.327032136105,5434.0,10.781746031746032,2.5595238095238093,1.1904761904761905,1619.0,2219.0,3361.0,1580.0,493.0
fold_05,rolling_7d,quality_weighted,poisson_direct_calendar,0.1,2018-01-01,2018-01-14,2018-01-15,2018-01-21,7,504,5376.271107656451,5442.0,10.797619047619047,2.492063492063492,-0.13095238095238096,1619.0,1553.0,3172.0,1449.0,821.0
fold_05,rolling_7d,quality_weighted,poisson_direct_calendar_vessel,0.0001,2018-01-01,2018-01-14,2018-01-15,2018-01-21,7,504,4661.339720801627,4658.0,9.242063492063492,2.1865079365079363,-0.38492063492063494,1619.0,1425.0,2886.0,1306.0,466.0
fold_05,rolling_7d,quality_weighted,ridge_direct_calendar,10.0,2018-01-01,2018-01-14,2018-01-15,2018-01-21,7,504,4966.643028963334,4985.0,9.890873015873016,2.2996031746031744,-0.35119047619047616,1619.0,1442.0,2954.0,1326.0,705.0
fold_05,rolling_7d,quality_weighted,ridge_direct_calendar_vessel,1.0,2018-01-01,2018-01-14,2018-01-15,2018-01-21,7,504,4900.224691834354,4872.0,9.666666666666666,2.2063492063492065,-0.7103174603174603,1619.0,1261.0,2933.0,1416.0,523.0
fold_06,rolling_7d,all,decomp_ewm7_daytype_shrunk,,2018-01-01,2018-01-15,2018-01-16,2018-01-22,7,504,4535.191879622792,4540.0,9.007936507936508,2.234126984126984,-0.10317460317460317,1765.0,1713.0,2762.0,1312.0,466.0
fold_06,rolling_7d,all,decomp_mean_daytype_shrunk,,2018-01-01,2018-01-15,2018-01-16,2018-01-22,7,504,4685.298139574436,4745.0,9.41468253968254,2.2916666666666665,0.33134920634920634,1765.0,1932.0,2880.0,1389.0,476.0
fold_06,rolling_7d,all,decomp_mean_mean,,2018-01-01,2018-01-15,2018-01-16,2018-01-22,7,504,4582.379227483302,4615.0,9.156746031746032,2.2996031746031744,0.35912698412698413,1765.0,1946.0,2772.0,1395.0,448.0
fold_06,rolling_7d,all,decomp_poisson_calendar_daytype,1.0,2018-01-01,2018-01-15,2018-01-16,2018-01-22,7,504,6616.3893243824605,6609.0,13.113095238095237,2.4384920634920637,-1.5376984126984128,1765.0,990.0,4299.0,1833.0,477.0
fold_06,rolling_7d,all,decomp_poisson_calendar_mean,1.0,2018-01-01,2018-01-15,2018-01-16,2018-01-22,7,504,6602.408339032931,6654.0,13.202380952380953,2.4404761904761907,-1.5634920634920635,1765.0,977.0,4334.0,1818.0,502.0
fold_06,rolling_7d,all,decomp_poisson_calendar_vessel_daytype,0.0001,2018-01-01,2018-01-15,2018-01-16,2018-01-22,7,504,6814.139599726839,6732.0,13.357142857142858,2.4484126984126986,-1.75,1765.0,883.0,4300.0,1935.0,497.0
fold_06,rolling_7d,all,decomp_poisson_calendar_vessel_mean,0.0001,2018-01-01,2018-01-15,2018-01-16,2018-01-22,7,504,6805.307495042961,6768.0,13.428571428571429,2.4404761904761907,-1.7380952380952381,1765.0,889.0,4348.0,1923.0,497.0
fold_06,rolling_7d,all,decomp_ridge_calendar_daytype,0.1,2018-01-01,2018-01-15,2018-01-16,2018-01-22,7,504,8850.049662159981,8882.0,17.623015873015873,2.7777777777777777,-2.234126984126984,1765.0,639.0,5853.0,2504.0,525.0
fold_06,rolling_7d,all,decomp_ridge_calendar_mean,0.1,2018-01-01,2018-01-15,2018-01-16,2018-01-22,7,504,8854.573822133234,8793.0,17.446428571428573,2.7797619047619047,-2.2083333333333335,1765.0,652.0,5763.0,2515.0,515.0
fold_06,rolling_7d,all,decomp_ridge_calendar_vessel_daytype,0.1,2018-01-01,2018-01-15,2018-01-16,2018-01-22,7,504,8669.198647458303,8715.0,17.291666666666668,2.7757936507936507,-2.2837301587301586,1765.0,614.0,5759.0,2426.0,530.0
fold_06,rolling_7d,all,decomp_ridge_calendar_vessel_mean,0.1,2018-01-01,2018-01-15,2018-01-16,2018-01-22,7,504,8675.7136617987,8672.0,17.206349206349206,2.761904761904762,-2.2777777777777777,1765.0,617.0,5703.0,2461.0,508.0
fold_06,rolling_7d,all,hour_mean,,2018-01-01,2018-01-15,2018-01-16,2018-01-22,7,504,4486.408888888889,4532.0,8.992063492063492,2.2857142857142856,0.34523809523809523,1765.0,1939.0,2745.0,1336.0,451.0
fold_06,rolling_7d,all,poisson_direct_calendar,0.01,2018-01-01,2018-01-15,2018-01-16,2018-01-22,7,504,6851.3635155287375,6857.0,13.60515873015873,2.4662698412698414,-1.5972222222222223,1765.0,960.0,4505.0,1865.0,487.0
fold_06,rolling_7d,all,poisson_direct_calendar_vessel,0.0001,2018-01-01,2018-01-15,2018-01-16,2018-01-22,7,504,6799.987608471216,6760.0,13.412698412698413,2.4285714285714284,-1.746031746031746,1765.0,885.0,4353.0,1908.0,499.0
fold_06,rolling_7d,all,ridge_direct_calendar,10.0,2018-01-01,2018-01-15,2018-01-16,2018-01-22,7,504,8986.48720529546,8990.0,17.83730158730159,2.8492063492063493,-2.0476190476190474,1765.0,733.0,6141.0,2289.0,560.0
fold_06,rolling_7d,all,ridge_direct_calendar_vessel,1.0,2018-01-01,2018-01-15,2018-01-16,2018-01-22,7,504,7811.846563467945,7808.0,15.492063492063492,2.6507936507936507,-2.0753968253968256,1765.0,719.0,5088.0,2185.0,535.0
fold_06,rolling_7d,exclude_outage_severe,decomp_ewm7_daytype_shrunk,,2018-01-01,2018-01-15,2018-01-16,2018-01-22,7,504,4727.704816243793,4706.0,9.337301587301587,2.3214285714285716,0.6111111111111112,1765.0,2073.0,2929.0,1373.0,404.0
fold_06,rolling_7d,exclude_outage_severe,decomp_mean_daytype_shrunk,,2018-01-01,2018-01-15,2018-01-16,2018-01-22,7,504,4929.1139254008785,4949.0,9.819444444444445,2.3948412698412698,0.8194444444444444,1765.0,2178.0,3076.0,1420.0,453.0
fold_06,rolling_7d,exclude_outage_severe,decomp_mean_mean,,2018-01-01,2018-01-15,2018-01-16,2018-01-22,7,504,4932.590213936526,4963.0,9.847222222222221,2.4305555555555554,0.8591269841269841,1765.0,2198.0,3044.0,1477.0,442.0
fold_06,rolling_7d,exclude_outage_severe,decomp_poisson_calendar_daytype,1.0,2018-01-01,2018-01-15,2018-01-16,2018-01-22,7,504,4677.977934048147,4708.0,9.341269841269842,2.2222222222222223,-0.6111111111111112,1765.0,1457.0,2865.0,1368.0,475.0
fold_06,rolling_7d,exclude_outage_severe,decomp_poisson_calendar_mean,1.0,2018-01-01,2018-01-15,2018-01-16,2018-01-22,7,504,4691.613309999035,4680.0,9.285714285714286,2.1984126984126986,-0.5912698412698413,1765.0,1467.0,2826.0,1380.0,474.0
fold_06,rolling_7d,exclude_outage_severe,decomp_poisson_calendar_vessel_daytype,0.0001,2018-01-01,2018-01-15,2018-01-16,2018-01-22,7,504,4926.853199685832,4958.0,9.837301587301587,2.238095238095238,-0.8174603174603174,1765.0,1353.0,3014.0,1484.0,460.0
fold_06,rolling_7d,exclude_outage_severe,decomp_poisson_calendar_vessel_mean,0.0001,2018-01-01,2018-01-15,2018-01-16,2018-01-22,7,504,4940.935379178231,4957.0,9.83531746031746,2.2202380952380953,-0.8075396825396826,1765.0,1358.0,3053.0,1450.0,454.0
fold_06,rolling_7d,exclude_outage_severe,decomp_ridge_calendar_daytype,1.0,2018-01-01,2018-01-15,2018-01-16,2018-01-22,7,504,5032.2910940562315,5071.0,10.061507936507937,2.255952380952381,-0.7956349206349206,1765.0,1364.0,3134.0,1461.0,476.0
fold_06,rolling_7d,exclude_outage_severe,decomp_ridge_calendar_mean,1.0,2018-01-01,2018-01-15,2018-01-16,2018-01-22,7,504,5046.891911128228,5065.0,10.049603174603174,2.244047619047619,-0.7916666666666666,1765.0,1366.0,3135.0,1457.0,473.0
fold_06,rolling_7d,exclude_outage_severe,decomp_ridge_calendar_vessel_daytype,0.1,2018-01-01,2018-01-15,2018-01-16,2018-01-22,7,504,5541.623107200151,5614.0,11.13888888888889,2.3134920634920637,-1.1904761904761905,1765.0,1165.0,3434.0,1701.0,479.0
fold_06,rolling_7d,exclude_outage_severe,decomp_ridge_calendar_vessel_mean,0.1,2018-01-01,2018-01-15,2018-01-16,2018-01-22,7,504,5556.931766645178,5604.0,11.119047619047619,2.2936507936507935,-1.1904761904761905,1765.0,1165.0,3419.0,1722.0,463.0
fold_06,rolling_7d,exclude_outage_severe,hour_mean,,2018-01-01,2018-01-15,2018-01-16,2018-01-22,7,504,4929.152777777777,5003.0,9.926587301587302,2.4384920634920637,0.8869047619047619,1765.0,2212.0,3067.0,1460.0,476.0
fold_06,rolling_7d,exclude_outage_severe,poisson_direct_calendar,0.1,2018-01-01,2018-01-15,2018-01-16,2018-01-22,7,504,5686.060108815266,5666.0,11.242063492063492,2.4761904761904763,-0.5595238095238095,1765.0,1483.0,3446.0,1499.0,721.0
fold_06,rolling_7d,exclude_outage_severe,poisson_direct_calendar_vessel,0.0001,2018-01-01,2018-01-15,2018-01-16,2018-01-22,7,504,4941.494986785234,5010.0,9.94047619047619,2.238095238095238,-0.8174603174603174,1765.0,1353.0,3067.0,1486.0,457.0
fold_06,rolling_7d,exclude_outage_severe,ridge_direct_calendar,10.0,2018-01-01,2018-01-15,2018-01-16,2018-01-22,7,504,5407.725605017284,5466.0,10.845238095238095,2.3333333333333335,-0.8809523809523809,1765.0,1321.0,3360.0,1492.0,614.0
fold_06,rolling_7d,exclude_outage_severe,ridge_direct_calendar_vessel,0.1,2018-01-01,2018-01-15,2018-01-16,2018-01-22,7,504,5483.716244370772,5587.0,11.08531746031746,2.363095238095238,-1.1924603174603174,1765.0,1164.0,3393.0,1679.0,515.0
fold_06,rolling_7d,quality_weighted,decomp_ewm7_daytype_shrunk,,2018-01-01,2018-01-15,2018-01-16,2018-01-22,7,504,4783.052355005942,4783.0,9.490079365079366,2.3511904761904763,0.6845238095238095,1765.0,2110.0,2914.0,1439.0,430.0
fold_06,rolling_7d,quality_weighted,decomp_mean_daytype_shrunk,,2018-01-01,2018-01-15,2018-01-16,2018-01-22,7,504,4975.805647994044,5090.0,10.09920634920635,2.4285714285714284,0.8809523809523809,1765.0,2209.0,3146.0,1489.0,455.0
fold_06,rolling_7d,quality_weighted,decomp_mean_mean,,2018-01-01,2018-01-15,2018-01-16,2018-01-22,7,504,4982.915000944194,4973.0,9.867063492063492,2.4186507936507935,0.8591269841269841,1765.0,2198.0,3047.0,1481.0,445.0
fold_06,rolling_7d,quality_weighted,decomp_poisson_calendar_daytype,1.0,2018-01-01,2018-01-15,2018-01-16,2018-01-22,7,504,4617.02373887748,4657.0,9.240079365079366,2.1964285714285716,-0.5456349206349206,1765.0,1490.0,2846.0,1341.0,470.0
fold_06,rolling_7d,quality_weighted,decomp_poisson_calendar_mean,1.0,2018-01-01,2018-01-15,2018-01-16,2018-01-22,7,504,4633.686681048346,4665.0,9.255952380952381,2.1964285714285716,-0.5218253968253969,1765.0,1502.0,2835.0,1360.0,470.0
fold_06,rolling_7d,quality_weighted,decomp_poisson_calendar_vessel_daytype,0.0001,2018-01-01,2018-01-15,2018-01-16,2018-01-22,7,504,4849.08247099184,4896.0,9.714285714285714,2.2182539682539684,-0.7619047619047619,1765.0,1381.0,3005.0,1435.0,456.0
fold_06,rolling_7d,quality_weighted,decomp_poisson_calendar_vessel_mean,0.0001,2018-01-01,2018-01-15,2018-01-16,2018-01-22,7,504,4866.106624659185,4960.0,9.841269841269842,2.238095238095238,-0.7579365079365079,1765.0,1383.0,3065.0,1437.0,458.0
fold_06,rolling_7d,quality_weighted,decomp_ridge_calendar_daytype,1.0,2018-01-01,2018-01-15,2018-01-16,2018-01-22,7,504,4949.296979901426,4953.0,9.827380952380953,2.232142857142857,-0.7003968253968254,1765.0,1412.0,3091.0,1391.0,471.0
fold_06,rolling_7d,quality_weighted,decomp_ridge_calendar_mean,1.0,2018-01-01,2018-01-15,2018-01-16,2018-01-22,7,504,4966.603664417804,4999.0,9.918650793650794,2.240079365079365,-0.6964285714285714,1765.0,1414.0,3128.0,1409.0,462.0
fold_06,rolling_7d,quality_weighted,decomp_ridge_calendar_vessel_daytype,0.1,2018-01-01,2018-01-15,2018-01-16,2018-01-22,7,504,5403.570261118842,5475.0,10.863095238095237,2.2916666666666665,-1.117063492063492,1765.0,1202.0,3375.0,1636.0,464.0
fold_06,rolling_7d,quality_weighted,decomp_ridge_calendar_vessel_mean,0.1,2018-01-01,2018-01-15,2018-01-16,2018-01-22,7,504,5421.536271983372,5529.0,10.970238095238095,2.2876984126984126,-1.1130952380952381,1765.0,1204.0,3420.0,1648.0,461.0
fold_06,rolling_7d,quality_weighted,hour_mean,,2018-01-01,2018-01-15,2018-01-16,2018-01-22,7,504,4983.93572778828,4980.0,9.880952380952381,2.4285714285714284,0.9007936507936508,1765.0,2219.0,3027.0,1477.0,476.0
fold_06,rolling_7d,quality_weighted,poisson_direct_calendar,0.1,2018-01-01,2018-01-15,2018-01-16,2018-01-22,7,504,5661.066579425767,5728.0,11.365079365079366,2.503968253968254,-0.5,1765.0,1513.0,3479.0,1496.0,753.0
fold_06,rolling_7d,quality_weighted,poisson_direct_calendar_vessel,0.0001,2018-01-01,2018-01-15,2018-01-16,2018-01-22,7,504,4871.1431883244295,4911.0,9.744047619047619,2.236111111111111,-0.748015873015873,1765.0,1388.0,3035.0,1415.0,461.0
fold_06,rolling_7d,quality_weighted,ridge_direct_calendar,10.0,2018-01-01,2018-01-15,2018-01-16,2018-01-22,7,504,5378.1500161442455,5402.0,10.718253968253968,2.3412698412698414,-0.7777777777777778,1765.0,1373.0,3332.0,1435.0,635.0
fold_06,rolling_7d,quality_weighted,ridge_direct_calendar_vessel,0.1,2018-01-01,2018-01-15,2018-01-16,2018-01-22,7,504,5398.958671020834,5483.0,10.878968253968255,2.3353174603174605,-1.1051587301587302,1765.0,1208.0,3346.0,1625.0,512.0
fold_07,rolling_7d,all,decomp_ewm7_daytype_shrunk,,2018-01-01,2018-01-16,2018-01-17,2018-01-23,7,504,4834.668414924855,4892.0,9.706349206349206,2.2738095238095237,-0.5714285714285714,1931.0,1643.0,2887.0,1504.0,501.0
fold_07,rolling_7d,all,decomp_mean_daytype_shrunk,,2018-01-01,2018-01-16,2018-01-17,2018-01-23,7,504,4729.711939648951,4779.0,9.482142857142858,2.2718253968253967,-0.061507936507936505,1931.0,1900.0,2841.0,1434.0,504.0
fold_07,rolling_7d,all,decomp_mean_mean,,2018-01-01,2018-01-16,2018-01-17,2018-01-23,7,504,4653.909066970751,4723.0,9.371031746031745,2.2837301587301586,-0.13690476190476192,1931.0,1862.0,2782.0,1435.0,506.0
fold_07,rolling_7d,all,decomp_poisson_calendar_daytype,1.0,2018-01-01,2018-01-16,2018-01-17,2018-01-23,7,504,7680.6529434764525,7669.0,15.216269841269842,2.6726190476190474,-2.009920634920635,1931.0,918.0,4920.0,2210.0,539.0
fold_07,rolling_7d,all,decomp_poisson_calendar_mean,1.0,2018-01-01,2018-01-16,2018-01-17,2018-01-23,7,504,7677.565279730117,7681.0,15.240079365079366,2.6845238095238093,-2.013888888888889,1931.0,916.0,4924.0,2196.0,561.0
fold_07,rolling_7d,all,decomp_poisson_calendar_vessel_daytype,0.0001,2018-01-01,2018-01-16,2018-01-17,2018-01-23,7,504,8049.277207447878,8043.0,15.958333333333334,2.732142857142857,-2.240079365079365,1931.0,802.0,5021.0,2433.0,589.0
fold_07,rolling_7d,all,decomp_poisson_calendar_vessel_mean,0.0001,2018-01-01,2018-01-16,2018-01-17,2018-01-23,7,504,8048.793841411928,8030.0,15.932539682539682,2.7301587301587302,-2.2301587301587302,1931.0,807.0,5058.0,2401.0,571.0
fold_07,rolling_7d,all,decomp_ridge_calendar_daytype,1.0,2018-01-01,2018-01-16,2018-01-17,2018-01-23,7,504,10154.896852170936,10230.0,20.297619047619047,3.0793650793650795,-2.5793650793650795,1931.0,631.0,6863.0,2803.0,564.0
fold_07,rolling_7d,all,decomp_ridge_calendar_mean,1.0,2018-01-01,2018-01-16,2018-01-17,2018-01-23,7,504,10160.726474445726,10281.0,20.398809523809526,3.0892857142857144,-2.5773809523809526,1931.0,632.0,6921.0,2794.0,566.0
fold_07,rolling_7d,all,decomp_ridge_calendar_vessel_daytype,0.1,2018-01-01,2018-01-16,2018-01-17,2018-01-23,7,504,10667.19635623027,10632.0,21.095238095238095,3.1626984126984126,-2.876984126984127,1931.0,481.0,6894.0,3117.0,621.0
fold_07,rolling_7d,all,decomp_ridge_calendar_vessel_mean,0.1,2018-01-01,2018-01-16,2018-01-17,2018-01-23,7,504,10672.364616248007,10661.0,21.15277777777778,3.1686507936507935,-2.882936507936508,1931.0,478.0,6897.0,3152.0,612.0
fold_07,rolling_7d,all,hour_mean,,2018-01-01,2018-01-16,2018-01-17,2018-01-23,7,504,4507.4296875,4524.0,8.976190476190476,2.265873015873016,-0.06746031746031746,1931.0,1897.0,2645.0,1416.0,463.0
fold_07,rolling_7d,all,poisson_direct_calendar,0.01,2018-01-01,2018-01-16,2018-01-17,2018-01-23,7,504,7948.414176424993,7995.0,15.863095238095237,2.7202380952380953,-2.0496031746031744,1931.0,898.0,5146.0,2333.0,516.0
fold_07,rolling_7d,all,poisson_direct_calendar_vessel,0.0001,2018-01-01,2018-01-16,2018-01-17,2018-01-23,7,504,8037.851959641022,8003.0,15.878968253968255,2.7162698412698414,-2.236111111111111,1931.0,804.0,5040.0,2391.0,572.0
fold_07,rolling_7d,all,ridge_direct_calendar,10.0,2018-01-01,2018-01-16,2018-01-17,2018-01-23,7,504,10197.576372979529,10230.0,20.297619047619047,3.107142857142857,-2.515873015873016,1931.0,663.0,6920.0,2763.0,547.0
fold_07,rolling_7d,all,ridge_direct_calendar_vessel,0.1,2018-01-01,2018-01-16,2018-01-17,2018-01-23,7,504,9192.54625499099,9183.0,18.220238095238095,2.9662698412698414,-2.609126984126984,1931.0,616.0,5832.0,2697.0,654.0
fold_07,rolling_7d,exclude_outage_severe,decomp_ewm7_daytype_shrunk,,2018-01-01,2018-01-16,2018-01-17,2018-01-23,7,504,4547.143927546507,4582.0,9.091269841269842,2.2698412698412698,0.28174603174603174,1931.0,2073.0,2767.0,1401.0,414.0
fold_07,rolling_7d,exclude_outage_severe,decomp_mean_daytype_shrunk,,2018-01-01,2018-01-16,2018-01-17,2018-01-23,7,504,4675.314450771315,4699.0,9.323412698412698,2.3075396825396823,0.49007936507936506,1931.0,2178.0,2842.0,1416.0,441.0
fold_07,rolling_7d,exclude_outage_severe,decomp_mean_mean,,2018-01-01,2018-01-16,2018-01-17,2018-01-23,7,504,4674.040792512076,4665.0,9.255952380952381,2.3273809523809526,0.5297619047619048,1931.0,2198.0,2796.0,1433.0,436.0
fold_07,rolling_7d,exclude_outage_severe,decomp_poisson_calendar_daytype,1.0,2018-01-01,2018-01-16,2018-01-17,2018-01-23,7,504,5165.847574091155,5239.0,10.39484126984127,2.3313492063492065,-1.0337301587301588,1931.0,1410.0,3105.0,1639.0,495.0
fold_07,rolling_7d,exclude_outage_severe,decomp_poisson_calendar_mean,1.0,2018-01-01,2018-01-16,2018-01-17,2018-01-23,7,504,5176.500618068305,5176.0,10.26984126984127,2.3055555555555554,-1.0,1931.0,1427.0,3048.0,1632.0,496.0
fold_07,rolling_7d,exclude_outage_severe,decomp_poisson_calendar_vessel_daytype,0.0001,2018-01-01,2018-01-16,2018-01-17,2018-01-23,7,504,5550.10713043613,5573.0,11.057539682539682,2.367063492063492,-1.255952380952381,1931.0,1298.0,3280.0,1803.0,490.0
fold_07,rolling_7d,exclude_outage_severe,decomp_poisson_calendar_vessel_mean,0.0001,2018-01-01,2018-01-16,2018-01-17,2018-01-23,7,504,5560.848090242811,5542.0,10.996031746031745,2.3412698412698414,-1.246031746031746,1931.0,1303.0,3295.0,1766.0,481.0
fold_07,rolling_7d,exclude_outage_severe,decomp_ridge_calendar_daytype,1.0,2018-01-01,2018-01-16,2018-01-17,2018-01-23,7,504,5729.212274677692,5764.0,11.436507936507937,2.4007936507936507,-1.25,1931.0,1301.0,3514.0,1758.0,492.0
fold_07,rolling_7d,exclude_outage_severe,decomp_ridge_calendar_mean,1.0,2018-01-01,2018-01-16,2018-01-17,2018-01-23,7,504,5741.130660714662,5781.0,11.470238095238095,2.390873015873016,-1.244047619047619,1931.0,1304.0,3517.0,1775.0,489.0
fold_07,rolling_7d,exclude_outage_severe,decomp_ridge_calendar_vessel_daytype,0.1,2018-01-01,2018-01-16,2018-01-17,2018-01-23,7,504,6575.788075799834,6667.0,13.228174603174603,2.5376984126984126,-1.7043650793650793,1931.0,1072.0,3958.0,2195.0,514.0
fold_07,rolling_7d,exclude_outage_severe,decomp_ridge_calendar_vessel_mean,0.1,2018-01-01,2018-01-16,2018-01-17,2018-01-23,7,504,6586.973360439435,6668.0,13.23015873015873,2.5238095238095237,-1.7103174603174602,1931.0,1069.0,3946.0,2215.0,507.0
fold_07,rolling_7d,exclude_outage_severe,hour_mean,,2018-01-01,2018-01-16,2018-01-17,2018-01-23,7,504,4679.986111111111,4699.0,9.323412698412698,2.3313492063492065,0.5575396825396826,1931.0,2212.0,2805.0,1440.0,454.0
fold_07,rolling_7d,exclude_outage_severe,poisson_direct_calendar,0.1,2018-01-01,2018-01-16,2018-01-17,2018-01-23,7,504,6352.197793971483,6319.0,12.537698412698413,2.5853174603174605,-0.9702380952380952,1931.0,1442.0,3878.0,1805.0,636.0
fold_07,rolling_7d,exclude_outage_severe,poisson_direct_calendar_vessel,0.0001,2018-01-01,2018-01-16,2018-01-17,2018-01-23,7,504,5568.836747769408,5640.0,11.19047619047619,2.376984126984127,-1.25,1931.0,1301.0,3346.0,1806.0,488.0
fold_07,rolling_7d,exclude_outage_severe,ridge_direct_calendar,10.0,2018-01-01,2018-01-16,2018-01-17,2018-01-23,7,504,6250.995627094624,6328.0,12.555555555555555,2.507936507936508,-1.3452380952380953,1931.0,1253.0,3918.0,1829.0,581.0
fold_07,rolling_7d,exclude_outage_severe,ridge_direct_calendar_vessel,0.1,2018-01-01,2018-01-16,2018-01-17,2018-01-23,7,504,6314.821890728846,6411.0,12.720238095238095,2.5456349206349205,-1.6686507936507937,1931.0,1090.0,3834.0,2027.0,550.0
fold_07,rolling_7d,quality_weighted,decomp_ewm7_daytype_shrunk,,2018-01-01,2018-01-16,2018-01-17,2018-01-23,7,504,4566.340701811008,4593.0,9.113095238095237,2.2837301587301586,0.3551587301587302,1931.0,2110.0,2720.0,1441.0,432.0
fold_07,rolling_7d,quality_weighted,decomp_mean_daytype_shrunk,,2018-01-01,2018-01-16,2018-01-17,2018-01-23,7,504,4693.992433257654,4766.0,9.456349206349206,2.3253968253968256,0.5515873015873016,1931.0,2209.0,2874.0,1443.0,449.0
fold_07,rolling_7d,quality_weighted,decomp_mean_mean,,2018-01-01,2018-01-16,2018-01-17,2018-01-23,7,504,4697.142336404748,4673.0,9.271825396825397,2.3234126984126986,0.5297619047619048,1931.0,2198.0,2781.0,1445.0,447.0
fold_07,rolling_7d,quality_weighted,decomp_poisson_calendar_daytype,1.0,2018-01-01,2018-01-16,2018-01-17,2018-01-23,7,504,5059.8465898638915,5107.0,10.132936507936508,2.2876984126984126,-0.9543650793650794,1931.0,1450.0,3070.0,1546.0,491.0
fold_07,rolling_7d,quality_weighted,decomp_poisson_calendar_mean,1.0,2018-01-01,2018-01-16,2018-01-17,2018-01-23,7,504,5074.223963802022,5105.0,10.128968253968255,2.2876984126984126,-0.9384920634920635,1931.0,1458.0,3051.0,1562.0,492.0
fold_07,rolling_7d,quality_weighted,decomp_poisson_calendar_vessel_daytype,0.0001,2018-01-01,2018-01-16,2018-01-17,2018-01-23,7,504,5432.656809247637,5484.0,10.880952380952381,2.3412698412698414,-1.1944444444444444,1931.0,1329.0,3278.0,1726.0,480.0
fold_07,rolling_7d,quality_weighted,decomp_poisson_calendar_vessel_mean,0.0001,2018-01-01,2018-01-16,2018-01-17,2018-01-23,7,504,5446.900469104595,5545.0,11.001984126984127,2.359126984126984,-1.1924603174603174,1931.0,1330.0,3314.0,1746.0,485.0
fold_07,rolling_7d,quality_weighted,decomp_ridge_calendar_daytype,1.0,2018-01-01,2018-01-16,2018-01-17,2018-01-23,7,504,5580.816774143392,5602.0,11.115079365079366,2.365079365079365,-1.1547619047619047,1931.0,1349.0,3470.0,1653.0,479.0
fold_07,rolling_7d,quality_weighted,decomp_ridge_calendar_mean,1.0,2018-01-01,2018-01-16,2018-01-17,2018-01-23,7,504,5596.249023782303,5610.0,11.130952380952381,2.361111111111111,-1.1547619047619047,1931.0,1349.0,3503.0,1638.0,469.0
fold_07,rolling_7d,quality_weighted,decomp_ridge_calendar_vessel_daytype,0.1,2018-01-01,2018-01-16,2018-01-17,2018-01-23,7,504,6371.333585426646,6414.0,12.726190476190476,2.496031746031746,-1.619047619047619,1931.0,1115.0,3846.0,2068.0,500.0
fold_07,rolling_7d,quality_weighted,decomp_ridge_calendar_vessel_mean,0.1,2018-01-01,2018-01-16,2018-01-17,2018-01-23,7,504,6385.744358252978,6497.0,12.890873015873016,2.494047619047619,-1.621031746031746,1931.0,1114.0,3915.0,2079.0,503.0
fold_07,rolling_7d,quality_weighted,hour_mean,,2018-01-01,2018-01-16,2018-01-17,2018-01-23,7,504,4709.327032136107,4666.0,9.257936507936508,2.3214285714285716,0.5714285714285714,1931.0,2219.0,2767.0,1445.0,454.0
fold_07,rolling_7d,quality_weighted,poisson_direct_calendar,0.1,2018-01-01,2018-01-16,2018-01-17,2018-01-23,7,504,6295.896320186025,6330.0,12.55952380952381,2.607142857142857,-0.9087301587301587,1931.0,1473.0,3903.0,1761.0,666.0
fold_07,rolling_7d,quality_weighted,poisson_direct_calendar_vessel,0.0001,2018-01-01,2018-01-16,2018-01-17,2018-01-23,7,504,5460.002000981469,5511.0,10.93452380952381,2.363095238095238,-1.1884920634920635,1931.0,1332.0,3291.0,1731.0,489.0
fold_07,rolling_7d,quality_weighted,ridge_direct_calendar,10.0,2018-01-01,2018-01-16,2018-01-17,2018-01-23,7,504,6180.166218870203,6257.0,12.41468253968254,2.505952380952381,-1.2400793650793651,1931.0,1306.0,3917.0,1752.0,588.0
fold_07,rolling_7d,quality_weighted,ridge_direct_calendar_vessel,0.1,2018-01-01,2018-01-16,2018-01-17,2018-01-23,7,504,6178.871357765079,6242.0,12.384920634920634,2.503968253968254,-1.5873015873015872,1931.0,1131.0,3762.0,1936.0,544.0
fold_08,rolling_7d,all,decomp_ewm7_daytype_shrunk,,2018-01-01,2018-01-17,2018-01-18,2018-01-24,7,504,5661.354117072728,5700.0,11.30952380952381,2.4444444444444446,-1.2063492063492063,2177.0,1569.0,3473.0,1732.0,495.0
fold_08,rolling_7d,all,decomp_mean_daytype_shrunk,,2018-01-01,2018-01-17,2018-01-18,2018-01-24,7,504,5055.55480668627,5086.0,10.091269841269842,2.3293650793650795,-0.6587301587301587,2177.0,1845.0,3058.0,1549.0,479.0
fold_08,rolling_7d,all,decomp_mean_mean,,2018-01-01,2018-01-17,2018-01-18,2018-01-24,7,504,5011.014717939679,5089.0,10.097222222222221,2.3511904761904763,-0.7083333333333334,2177.0,1820.0,3037.0,1574.0,478.0
fold_08,rolling_7d,all,decomp_poisson_calendar_daytype,0.1,2018-01-01,2018-01-17,2018-01-18,2018-01-24,7,504,9717.36093943303,9765.0,19.375,3.109126984126984,-2.736111111111111,2177.0,798.0,6193.0,2940.0,632.0
fold_08,rolling_7d,all,decomp_poisson_calendar_mean,1.0,2018-01-01,2018-01-17,2018-01-18,2018-01-24,7,504,9725.157933371496,9718.0,19.28174603174603,3.0873015873015874,-2.6785714285714284,2177.0,827.0,6286.0,2848.0,584.0
fold_08,rolling_7d,all,decomp_poisson_calendar_vessel_daytype,0.0001,2018-01-01,2018-01-17,2018-01-18,2018-01-24,7,504,10029.523222843734,10090.0,20.01984126984127,3.1706349206349205,-2.8412698412698414,2177.0,745.0,6354.0,3093.0,643.0
fold_08,rolling_7d,all,decomp_poisson_calendar_vessel_mean,0.0001,2018-01-01,2018-01-17,2018-01-18,2018-01-24,7,504,10033.946630476867,10038.0,19.916666666666668,3.142857142857143,-2.8253968253968256,2177.0,753.0,6424.0,2999.0,615.0
fold_08,rolling_7d,all,decomp_ridge_calendar_daytype,0.1,2018-01-01,2018-01-17,2018-01-18,2018-01-24,7,504,13392.689067800613,13509.0,26.803571428571427,3.7003968253968256,-3.498015873015873,2177.0,414.0,8859.0,3959.0,691.0
fold_08,rolling_7d,all,decomp_ridge_calendar_mean,0.1,2018-01-01,2018-01-17,2018-01-18,2018-01-24,7,504,13394.634144785912,13437.0,26.660714285714285,3.6884920634920637,-3.501984126984127,2177.0,412.0,8766.0,3989.0,682.0
fold_08,rolling_7d,all,decomp_ridge_calendar_vessel_daytype,0.1,2018-01-01,2018-01-17,2018-01-18,2018-01-24,7,504,13154.389942171874,13247.0,26.283730158730158,3.6527777777777777,-3.482142857142857,2177.0,422.0,8664.0,3902.0,681.0
fold_08,rolling_7d,all,decomp_ridge_calendar_vessel_mean,0.1,2018-01-01,2018-01-17,2018-01-18,2018-01-24,7,504,13153.581724096408,13269.0,26.327380952380953,3.6567460317460316,-3.490079365079365,2177.0,418.0,8674.0,3918.0,677.0
fold_08,rolling_7d,all,hour_mean,,2018-01-01,2018-01-17,2018-01-18,2018-01-24,7,504,4865.941176470588,4905.0,9.732142857142858,2.3075396825396823,-0.7083333333333334,2177.0,1820.0,2895.0,1541.0,469.0
fold_08,rolling_7d,all,poisson_direct_calendar,0.01,2018-01-01,2018-01-17,2018-01-18,2018-01-24,7,504,10076.582042631544,10087.0,20.01388888888889,3.140873015873016,-2.7043650793650795,2177.0,814.0,6587.0,2965.0,535.0
fold_08,rolling_7d,all,poisson_direct_calendar_vessel,0.001,2018-01-01,2018-01-17,2018-01-18,2018-01-24,7,504,10077.649464162656,10029.0,19.898809523809526,3.1448412698412698,-2.8154761904761907,2177.0,758.0,6434.0,2983.0,612.0
fold_08,rolling_7d,all,ridge_direct_calendar,1.0,2018-01-01,2018-01-17,2018-01-18,2018-01-24,7,504,11628.308848728917,11692.0,23.1984126984127,3.4444444444444446,-3.2063492063492065,2177.0,561.0,7664.0,3365.0,663.0
fold_08,rolling_7d,all,ridge_direct_calendar_vessel,1.0,2018-01-01,2018-01-17,2018-01-18,2018-01-24,7,504,11465.603980126962,11536.0,22.88888888888889,3.4365079365079363,-3.1944444444444446,2177.0,567.0,7524.0,3357.0,655.0
fold_08,rolling_7d,exclude_outage_severe,decomp_ewm7_daytype_shrunk,,2018-01-01,2018-01-17,2018-01-18,2018-01-24,7,504,4493.730181583558,4564.0,9.055555555555555,2.234126984126984,-0.20634920634920634,2177.0,2073.0,2744.0,1417.0,403.0
fold_08,rolling_7d,exclude_outage_severe,decomp_mean_daytype_shrunk,,2018-01-01,2018-01-17,2018-01-18,2018-01-24,7,504,4508.3782037254505,4515.0,8.958333333333334,2.244047619047619,0.001984126984126984,2177.0,2178.0,2701.0,1394.0,420.0
fold_08,rolling_7d,exclude_outage_severe,decomp_mean_mean,,2018-01-01,2018-01-17,2018-01-18,2018-01-24,7,504,4547.508647287772,4553.0,9.033730158730158,2.2757936507936507,0.041666666666666664,2177.0,2198.0,2717.0,1415.0,421.0
fold_08,rolling_7d,exclude_outage_severe,decomp_poisson_calendar_daytype,1.0,2018-01-01,2018-01-17,2018-01-18,2018-01-24,7,504,6172.134516478676,6253.0,12.406746031746032,2.5376984126984126,-1.6130952380952381,2177.0,1364.0,3791.0,1970.0,492.0
fold_08,rolling_7d,exclude_outage_severe,decomp_poisson_calendar_mean,1.0,2018-01-01,2018-01-17,2018-01-18,2018-01-24,7,504,6206.084411741248,6195.0,12.291666666666666,2.509920634920635,-1.5734126984126984,2177.0,1384.0,3739.0,1967.0,489.0
fold_08,rolling_7d,exclude_outage_severe,decomp_poisson_calendar_vessel_daytype,0.0001,2018-01-01,2018-01-17,2018-01-18,2018-01-24,7,504,6770.546769891643,6758.0,13.408730158730158,2.611111111111111,-1.8293650793650793,2177.0,1255.0,4055.0,2216.0,487.0
fold_08,rolling_7d,exclude_outage_severe,decomp_poisson_calendar_vessel_mean,0.0001,2018-01-01,2018-01-17,2018-01-18,2018-01-24,7,504,6801.551732815637,6811.0,13.51388888888889,2.5972222222222223,-1.8234126984126984,2177.0,1258.0,4125.0,2207.0,479.0
fold_08,rolling_7d,exclude_outage_severe,decomp_ridge_calendar_daytype,1.0,2018-01-01,2018-01-17,2018-01-18,2018-01-24,7,504,7064.350632822636,7085.0,14.057539682539682,2.6646825396825395,-1.8630952380952381,2177.0,1238.0,4432.0,2170.0,483.0
fold_08,rolling_7d,exclude_outage_severe,decomp_ridge_calendar_mean,1.0,2018-01-01,2018-01-17,2018-01-18,2018-01-24,7,504,7095.069514629132,7127.0,14.140873015873016,2.6607142857142856,-1.8591269841269842,2177.0,1240.0,4448.0,2195.0,484.0
fold_08,rolling_7d,exclude_outage_severe,decomp_ridge_calendar_vessel_daytype,0.1,2018-01-01,2018-01-17,2018-01-18,2018-01-24,7,504,8377.576148977278,8465.0,16.79563492063492,2.9027777777777777,-2.3432539682539684,2177.0,996.0,5138.0,2800.0,527.0
fold_08,rolling_7d,exclude_outage_severe,decomp_ridge_calendar_vessel_mean,0.1,2018-01-01,2018-01-17,2018-01-18,2018-01-24,7,504,8401.643989476144,8461.0,16.78769841269841,2.886904761904762,-2.3511904761904763,2177.0,992.0,5119.0,2821.0,521.0
fold_08,rolling_7d,exclude_outage_severe,hour_mean,,2018-01-01,2018-01-17,2018-01-18,2018-01-24,7,504,4557.152777777777,4559.0,9.045634920634921,2.2718253968253967,0.06944444444444445,2177.0,2212.0,2696.0,1428.0,435.0
fold_08,rolling_7d,exclude_outage_severe,poisson_direct_calendar,0.01,2018-01-01,2018-01-17,2018-01-18,2018-01-24,7,504,6461.415101388102,6478.0,12.853174603174603,2.5634920634920637,-1.6388888888888888,2177.0,1351.0,3915.0,2081.0,482.0
fold_08,rolling_7d,exclude_outage_severe,poisson_direct_calendar_vessel,0.001,2018-01-01,2018-01-17,2018-01-18,2018-01-24,7,504,6814.356026836951,6875.0,13.640873015873016,2.628968253968254,-1.8551587301587302,2177.0,1242.0,4139.0,2229.0,507.0
fold_08,rolling_7d,exclude_outage_severe,ridge_direct_calendar,10.0,2018-01-01,2018-01-17,2018-01-18,2018-01-24,7,504,7911.894052870844,7985.0,15.843253968253968,2.8115079365079363,-1.9742063492063493,2177.0,1182.0,5164.0,2281.0,540.0
fold_08,rolling_7d,exclude_outage_severe,ridge_direct_calendar_vessel,10.0,2018-01-01,2018-01-17,2018-01-18,2018-01-24,7,504,7901.886949888492,8032.0,15.936507936507937,2.873015873015873,-2.3055555555555554,2177.0,1015.0,4676.0,2684.0,672.0
fold_08,rolling_7d,quality_weighted,decomp_ewm7_daytype_shrunk,,2018-01-01,2018-01-17,2018-01-18,2018-01-24,7,504,4454.913778205593,4481.0,8.890873015873016,2.2281746031746033,-0.22023809523809523,2177.0,2066.0,2662.0,1413.0,406.0
fold_08,rolling_7d,quality_weighted,decomp_mean_daytype_shrunk,,2018-01-01,2018-01-17,2018-01-18,2018-01-24,7,504,4475.466775714376,4547.0,9.021825396825397,2.251984126984127,0.0496031746031746,2177.0,2202.0,2710.0,1413.0,424.0
fold_08,rolling_7d,quality_weighted,decomp_mean_mean,,2018-01-01,2018-01-17,2018-01-18,2018-01-24,7,504,4521.485404352962,4527.0,8.982142857142858,2.259920634920635,0.013888888888888888,2177.0,2184.0,2668.0,1429.0,430.0
fold_08,rolling_7d,quality_weighted,decomp_poisson_calendar_daytype,1.0,2018-01-01,2018-01-17,2018-01-18,2018-01-24,7,504,6250.944334598863,6269.0,12.438492063492063,2.5257936507936507,-1.632936507936508,2177.0,1354.0,3880.0,1895.0,494.0
fold_08,rolling_7d,quality_weighted,decomp_poisson_calendar_mean,1.0,2018-01-01,2018-01-17,2018-01-18,2018-01-24,7,504,6289.223064717041,6333.0,12.56547619047619,2.5297619047619047,-1.625,2177.0,1358.0,3910.0,1933.0,490.0
fold_08,rolling_7d,quality_weighted,decomp_poisson_calendar_vessel_daytype,0.0001,2018-01-01,2018-01-17,2018-01-18,2018-01-24,7,504,6970.483656955083,7050.0,13.988095238095237,2.6666666666666665,-1.9404761904761905,2177.0,1199.0,4304.0,2229.0,517.0
fold_08,rolling_7d,quality_weighted,decomp_poisson_calendar_vessel_mean,0.0001,2018-01-01,2018-01-17,2018-01-18,2018-01-24,7,504,7004.972729760072,7102.0,14.091269841269842,2.6706349206349205,-1.9325396825396826,2177.0,1203.0,4350.0,2232.0,520.0
fold_08,rolling_7d,quality_weighted,decomp_ridge_calendar_daytype,1.0,2018-01-01,2018-01-17,2018-01-18,2018-01-24,7,504,7201.325671862067,7217.0,14.319444444444445,2.6726190476190474,-1.8988095238095237,2177.0,1220.0,4655.0,2083.0,479.0
fold_08,rolling_7d,quality_weighted,decomp_ridge_calendar_mean,1.0,2018-01-01,2018-01-17,2018-01-18,2018-01-24,7,504,7235.661443805367,7256.0,14.396825396825397,2.6825396825396823,-1.8928571428571428,2177.0,1223.0,4670.0,2100.0,486.0
fold_08,rolling_7d,quality_weighted,decomp_ridge_calendar_vessel_daytype,0.1,2018-01-01,2018-01-17,2018-01-18,2018-01-24,7,504,8624.011741318825,8722.0,17.305555555555557,2.9285714285714284,-2.4404761904761907,2177.0,947.0,5392.0,2782.0,548.0
fold_08,rolling_7d,quality_weighted,decomp_ridge_calendar_vessel_mean,0.1,2018-01-01,2018-01-17,2018-01-18,2018-01-24,7,504,8650.634227297713,8678.0,17.21825396825397,2.9126984126984126,-2.4365079365079363,2177.0,949.0,5360.0,2775.0,543.0
fold_08,rolling_7d,quality_weighted,hour_mean,,2018-01-01,2018-01-17,2018-01-18,2018-01-24,7,504,4536.616007728894,4494.0,8.916666666666666,2.253968253968254,0.08333333333333333,2177.0,2219.0,2652.0,1407.0,435.0
fold_08,rolling_7d,quality_weighted,poisson_direct_calendar,0.01,2018-01-01,2018-01-17,2018-01-18,2018-01-24,7,504,6563.946208458885,6589.0,13.073412698412698,2.5734126984126986,-1.6686507936507937,2177.0,1336.0,4098.0,2010.0,481.0
fold_08,rolling_7d,quality_weighted,poisson_direct_calendar_vessel,0.001,2018-01-01,2018-01-17,2018-01-18,2018-01-24,7,504,7034.328941931239,7151.0,14.188492063492063,2.6805555555555554,-1.9583333333333333,2177.0,1190.0,4397.0,2236.0,518.0
fold_08,rolling_7d,quality_weighted,ridge_direct_calendar,10.0,2018-01-01,2018-01-17,2018-01-18,2018-01-24,7,504,8128.172544906145,8241.0,16.351190476190474,2.859126984126984,-2.001984126984127,2177.0,1168.0,5483.0,2213.0,545.0
fold_08,rolling_7d,quality_weighted,ridge_direct_calendar_vessel,10.0,2018-01-01,2018-01-17,2018-01-18,2018-01-24,7,504,8334.205438907471,8388.0,16.642857142857142,2.888888888888889,-2.365079365079365,2177.0,985.0,5183.0,2607.0,598.0
