row_number,time_window,source_zone,target_zone,task_key,baseline_vessel_count,candidate_vessel_count,difference,was_replaced_direction,value_unchanged_when_not_replaced,passed
1,1/25/2018 0:00,核心区,近港区,core->near,0,0,0,False,True,True
2,1/25/2018 0:00,核心区,外围区,core->outer,0,0,0,False,True,True
3,1/25/2018 0:00,近港区,核心区,near->core,1,1,0,False,True,True
4,1/25/2018 0:00,近港区,外围区,near->outer,0,0,0,True,True,True
5,1/25/2018 0:00,外围区,核心区,outer->core,0,0,0,False,True,True
6,1/25/2018 0:00,外围区,近港区,outer->near,0,0,0,False,True,True
7,1/25/2018 1:00,核心区,近港区,core->near,1,1,0,False,True,True
8,1/25/2018 1:00,核心区,外围区,core->outer,0,0,0,False,True,True
9,1/25/2018 1:00,近港区,核心区,near->core,0,0,0,False,True,True
10,1/25/2018 1:00,近港区,外围区,near->outer,0,0,0,True,True,True
11,1/25/2018 1:00,外围区,核心区,outer->core,0,0,0,False,True,True
12,1/25/2018 1:00,外围区,近港区,outer->near,0,0,0,False,True,True
13,1/25/2018 2:00,核心区,近港区,core->near,1,1,0,False,True,True
14,1/25/2018 2:00,核心区,外围区,core->outer,0,0,0,False,True,True
15,1/25/2018 2:00,近港区,核心区,near->core,1,1,0,False,True,True
16,1/25/2018 2:00,近港区,外围区,near->outer,0,0,0,True,True,True
17,1/25/2018 2:00,外围区,核心区,outer->core,0,0,0,False,True,True
18,1/25/2018 2:00,外围区,近港区,outer->near,0,0,0,False,True,True
19,1/25/2018 3:00,核心区,近港区,core->near,1,1,0,False,True,True
20,1/25/2018 3:00,核心区,外围区,core->outer,0,0,0,False,True,True
21,1/25/2018 3:00,近港区,核心区,near->core,1,1,0,False,True,True
22,1/25/2018 3:00,近港区,外围区,near->outer,0,0,0,True,True,True
23,1/25/2018 3:00,外围区,核心区,outer->core,0,0,0,False,True,True
24,1/25/2018 3:00,外围区,近港区,outer->near,0,0,0,False,True,True
25,1/25/2018 4:00,核心区,近港区,core->near,0,0,0,False,True,True
26,1/25/2018 4:00,核心区,外围区,core->outer,0,0,0,False,True,True
27,1/25/2018 4:00,近港区,核心区,near->core,1,1,0,False,True,True
28,1/25/2018 4:00,近港区,外围区,near->outer,0,0,0,True,True,True
29,1/25/2018 4:00,外围区,核心区,outer->core,0,0,0,False,True,True
30,1/25/2018 4:00,外围区,近港区,outer->near,0,0,0,False,True,True
31,1/25/2018 5:00,核心区,近港区,core->near,0,0,0,False,True,True
32,1/25/2018 5:00,核心区,外围区,core->outer,0,0,0,False,True,True
33,1/25/2018 5:00,近港区,核心区,near->core,1,1,0,False,True,True
34,1/25/2018 5:00,近港区,外围区,near->outer,0,0,0,True,True,True
35,1/25/2018 5:00,外围区,核心区,outer->core,0,0,0,False,True,True
36,1/25/2018 5:00,外围区,近港区,outer->near,1,1,0,False,True,True
37,1/25/2018 6:00,核心区,近港区,core->near,2,2,0,False,True,True
38,1/25/2018 6:00,核心区,外围区,core->outer,1,1,0,False,True,True
39,1/25/2018 6:00,近港区,核心区,near->core,1,1,0,False,True,True
40,1/25/2018 6:00,近港区,外围区,near->outer,0,0,0,True,True,True
41,1/25/2018 6:00,外围区,核心区,outer->core,0,0,0,False,True,True
42,1/25/2018 6:00,外围区,近港区,outer->near,0,0,0,False,True,True
43,1/25/2018 7:00,核心区,近港区,core->near,1,1,0,False,True,True
44,1/25/2018 7:00,核心区,外围区,core->outer,0,0,0,False,True,True
45,1/25/2018 7:00,近港区,核心区,near->core,1,1,0,False,True,True
46,1/25/2018 7:00,近港区,外围区,near->outer,0,1,1,True,True,True
47,1/25/2018 7:00,外围区,核心区,outer->core,0,0,0,False,True,True
48,1/25/2018 7:00,外围区,近港区,outer->near,1,1,0,False,True,True
49,1/25/2018 8:00,核心区,近港区,core->near,1,1,0,False,True,True
50,1/25/2018 8:00,核心区,外围区,core->outer,0,0,0,False,True,True
51,1/25/2018 8:00,近港区,核心区,near->core,1,1,0,False,True,True
52,1/25/2018 8:00,近港区,外围区,near->outer,1,1,0,True,True,True
53,1/25/2018 8:00,外围区,核心区,outer->core,0,0,0,False,True,True
54,1/25/2018 8:00,外围区,近港区,outer->near,0,0,0,False,True,True
55,1/25/2018 9:00,核心区,近港区,core->near,1,1,0,False,True,True
56,1/25/2018 9:00,核心区,外围区,core->outer,0,0,0,False,True,True
57,1/25/2018 9:00,近港区,核心区,near->core,1,1,0,False,True,True
58,1/25/2018 9:00,近港区,外围区,near->outer,0,1,1,True,True,True
59,1/25/2018 9:00,外围区,核心区,outer->core,0,0,0,False,True,True
60,1/25/2018 9:00,外围区,近港区,outer->near,1,1,0,False,True,True
61,1/25/2018 10:00,核心区,近港区,core->near,2,2,0,False,True,True
62,1/25/2018 10:00,核心区,外围区,core->outer,0,0,0,False,True,True
63,1/25/2018 10:00,近港区,核心区,near->core,1,1,0,False,True,True
64,1/25/2018 10:00,近港区,外围区,near->outer,0,1,1,True,True,True
65,1/25/2018 10:00,外围区,核心区,outer->core,0,0,0,False,True,True
66,1/25/2018 10:00,外围区,近港区,outer->near,1,1,0,False,True,True
67,1/25/2018 11:00,核心区,近港区,core->near,1,1,0,False,True,True
68,1/25/2018 11:00,核心区,外围区,core->outer,0,0,0,False,True,True
69,1/25/2018 11:00,近港区,核心区,near->core,1,1,0,False,True,True
70,1/25/2018 11:00,近港区,外围区,near->outer,1,1,0,True,True,True
71,1/25/2018 11:00,外围区,核心区,outer->core,0,0,0,False,True,True
72,1/25/2018 11:00,外围区,近港区,outer->near,0,0,0,False,True,True
73,1/25/2018 12:00,核心区,近港区,core->near,1,1,0,False,True,True
74,1/25/2018 12:00,核心区,外围区,core->outer,0,0,0,False,True,True
75,1/25/2018 12:00,近港区,核心区,near->core,1,1,0,False,True,True
76,1/25/2018 12:00,近港区,外围区,near->outer,0,0,0,True,True,True
77,1/25/2018 12:00,外围区,核心区,outer->core,0,0,0,False,True,True
78,1/25/2018 12:00,外围区,近港区,outer->near,0,0,0,False,True,True
79,1/25/2018 13:00,核心区,近港区,core->near,1,1,0,False,True,True
80,1/25/2018 13:00,核心区,外围区,core->outer,0,0,0,False,True,True
81,1/25/2018 13:00,近港区,核心区,near->core,1,1,0,False,True,True
82,1/25/2018 13:00,近港区,外围区,near->outer,0,0,0,True,True,True
83,1/25/2018 13:00,外围区,核心区,outer->core,0,0,0,False,True,True
84,1/25/2018 13:00,外围区,近港区,outer->near,1,1,0,False,True,True
85,1/25/2018 14:00,核心区,近港区,core->near,2,2,0,False,True,True
86,1/25/2018 14:00,核心区,外围区,core->outer,0,0,0,False,True,True
87,1/25/2018 14:00,近港区,核心区,near->core,1,1,0,False,True,True
88,1/25/2018 14:00,近港区,外围区,near->outer,0,0,0,True,True,True
89,1/25/2018 14:00,外围区,核心区,outer->core,0,0,0,False,True,True
90,1/25/2018 14:00,外围区,近港区,outer->near,0,0,0,False,True,True
91,1/25/2018 15:00,核心区,近港区,core->near,1,1,0,False,True,True
92,1/25/2018 15:00,核心区,外围区,core->outer,0,0,0,False,True,True
93,1/25/2018 15:00,近港区,核心区,near->core,2,2,0,False,True,True
94,1/25/2018 15:00,近港区,外围区,near->outer,0,0,0,True,True,True
95,1/25/2018 15:00,外围区,核心区,outer->core,0,0,0,False,True,True
96,1/25/2018 15:00,外围区,近港区,outer->near,0,0,0,False,True,True
97,1/25/2018 16:00,核心区,近港区,core->near,1,1,0,False,True,True
98,1/25/2018 16:00,核心区,外围区,core->outer,0,0,0,False,True,True
99,1/25/2018 16:00,近港区,核心区,near->core,1,1,0,False,True,True
100,1/25/2018 16:00,近港区,外围区,near->outer,0,0,0,True,True,True
101,1/25/2018 16:00,外围区,核心区,outer->core,0,0,0,False,True,True
102,1/25/2018 16:00,外围区,近港区,outer->near,0,0,0,False,True,True
103,1/25/2018 17:00,核心区,近港区,core->near,1,1,0,False,True,True
104,1/25/2018 17:00,核心区,外围区,core->outer,0,0,0,False,True,True
105,1/25/2018 17:00,近港区,核心区,near->core,1,1,0,False,True,True
106,1/25/2018 17:00,近港区,外围区,near->outer,0,0,0,True,True,True
107,1/25/2018 17:00,外围区,核心区,outer->core,0,0,0,False,True,True
108,1/25/2018 17:00,外围区,近港区,outer->near,1,1,0,False,True,True
109,1/25/2018 18:00,核心区,近港区,core->near,2,2,0,False,True,True
110,1/25/2018 18:00,核心区,外围区,core->outer,0,0,0,False,True,True
111,1/25/2018 18:00,近港区,核心区,near->core,1,1,0,False,True,True
112,1/25/2018 18:00,近港区,外围区,near->outer,0,0,0,True,True,True
113,1/25/2018 18:00,外围区,核心区,outer->core,0,0,0,False,True,True
114,1/25/2018 18:00,外围区,近港区,outer->near,1,1,0,False,True,True
115,1/25/2018 19:00,核心区,近港区,core->near,1,1,0,False,True,True
116,1/25/2018 19:00,核心区,外围区,core->outer,0,0,0,False,True,True
117,1/25/2018 19:00,近港区,核心区,near->core,1,1,0,False,True,True
118,1/25/2018 19:00,近港区,外围区,near->outer,1,1,0,True,True,True
119,1/25/2018 19:00,外围区,核心区,outer->core,0,0,0,False,True,True
120,1/25/2018 19:00,外围区,近港区,outer->near,0,0,0,False,True,True
121,1/25/2018 20:00,核心区,近港区,core->near,1,1,0,False,True,True
122,1/25/2018 20:00,核心区,外围区,core->outer,0,0,0,False,True,True
123,1/25/2018 20:00,近港区,核心区,near->core,1,1,0,False,True,True
124,1/25/2018 20:00,近港区,外围区,near->outer,0,0,0,True,True,True
125,1/25/2018 20:00,外围区,核心区,outer->core,0,0,0,False,True,True
126,1/25/2018 20:00,外围区,近港区,outer->near,0,0,0,False,True,True
127,1/25/2018 21:00,核心区,近港区,core->near,1,1,0,False,True,True
128,1/25/2018 21:00,核心区,外围区,core->outer,0,0,0,False,True,True
129,1/25/2018 21:00,近港区,核心区,near->core,1,1,0,False,True,True
130,1/25/2018 21:00,近港区,外围区,near->outer,0,0,0,True,True,True
131,1/25/2018 21:00,外围区,核心区,outer->core,0,0,0,False,True,True
132,1/25/2018 21:00,外围区,近港区,outer->near,0,0,0,False,True,True
133,1/25/2018 22:00,核心区,近港区,core->near,1,1,0,False,True,True
134,1/25/2018 22:00,核心区,外围区,core->outer,0,0,0,False,True,True
135,1/25/2018 22:00,近港区,核心区,near->core,1,1,0,False,True,True
136,1/25/2018 22:00,近港区,外围区,near->outer,0,0,0,True,True,True
137,1/25/2018 22:00,外围区,核心区,outer->core,0,0,0,False,True,True
138,1/25/2018 22:00,外围区,近港区,outer->near,0,0,0,False,True,True
139,1/25/2018 23:00,核心区,近港区,core->near,1,1,0,False,True,True
140,1/25/2018 23:00,核心区,外围区,core->outer,0,0,0,False,True,True
141,1/25/2018 23:00,近港区,核心区,near->core,1,1,0,False,True,True
142,1/25/2018 23:00,近港区,外围区,near->outer,0,0,0,True,True,True
143,1/25/2018 23:00,外围区,核心区,outer->core,0,0,0,False,True,True
144,1/25/2018 23:00,外围区,近港区,outer->near,0,0,0,False,True,True
145,1/26/2018 0:00,核心区,近港区,core->near,0,0,0,False,True,True
146,1/26/2018 0:00,核心区,外围区,core->outer,0,0,0,False,True,True
147,1/26/2018 0:00,近港区,核心区,near->core,1,1,0,False,True,True
148,1/26/2018 0:00,近港区,外围区,near->outer,0,0,0,True,True,True
149,1/26/2018 0:00,外围区,核心区,outer->core,0,0,0,False,True,True
150,1/26/2018 0:00,外围区,近港区,outer->near,0,0,0,False,True,True
151,1/26/2018 1:00,核心区,近港区,core->near,1,1,0,False,True,True
152,1/26/2018 1:00,核心区,外围区,core->outer,0,0,0,False,True,True
153,1/26/2018 1:00,近港区,核心区,near->core,0,0,0,False,True,True
154,1/26/2018 1:00,近港区,外围区,near->outer,0,0,0,True,True,True
155,1/26/2018 1:00,外围区,核心区,outer->core,0,0,0,False,True,True
156,1/26/2018 1:00,外围区,近港区,outer->near,0,0,0,False,True,True
157,1/26/2018 2:00,核心区,近港区,core->near,1,1,0,False,True,True
158,1/26/2018 2:00,核心区,外围区,core->outer,0,0,0,False,True,True
159,1/26/2018 2:00,近港区,核心区,near->core,1,1,0,False,True,True
160,1/26/2018 2:00,近港区,外围区,near->outer,0,0,0,True,True,True
161,1/26/2018 2:00,外围区,核心区,outer->core,0,0,0,False,True,True
162,1/26/2018 2:00,外围区,近港区,outer->near,0,0,0,False,True,True
163,1/26/2018 3:00,核心区,近港区,core->near,1,1,0,False,True,True
164,1/26/2018 3:00,核心区,外围区,core->outer,0,0,0,False,True,True
165,1/26/2018 3:00,近港区,核心区,near->core,1,1,0,False,True,True
166,1/26/2018 3:00,近港区,外围区,near->outer,0,0,0,True,True,True
167,1/26/2018 3:00,外围区,核心区,outer->core,0,0,0,False,True,True
168,1/26/2018 3:00,外围区,近港区,outer->near,0,0,0,False,True,True
169,1/26/2018 4:00,核心区,近港区,core->near,0,0,0,False,True,True
170,1/26/2018 4:00,核心区,外围区,core->outer,0,0,0,False,True,True
171,1/26/2018 4:00,近港区,核心区,near->core,1,1,0,False,True,True
172,1/26/2018 4:00,近港区,外围区,near->outer,0,0,0,True,True,True
173,1/26/2018 4:00,外围区,核心区,outer->core,0,0,0,False,True,True
174,1/26/2018 4:00,外围区,近港区,outer->near,0,0,0,False,True,True
175,1/26/2018 5:00,核心区,近港区,core->near,0,0,0,False,True,True
176,1/26/2018 5:00,核心区,外围区,core->outer,0,0,0,False,True,True
177,1/26/2018 5:00,近港区,核心区,near->core,1,1,0,False,True,True
178,1/26/2018 5:00,近港区,外围区,near->outer,0,0,0,True,True,True
179,1/26/2018 5:00,外围区,核心区,outer->core,0,0,0,False,True,True
180,1/26/2018 5:00,外围区,近港区,outer->near,1,1,0,False,True,True
181,1/26/2018 6:00,核心区,近港区,core->near,2,2,0,False,True,True
182,1/26/2018 6:00,核心区,外围区,core->outer,1,1,0,False,True,True
183,1/26/2018 6:00,近港区,核心区,near->core,1,1,0,False,True,True
184,1/26/2018 6:00,近港区,外围区,near->outer,0,0,0,True,True,True
185,1/26/2018 6:00,外围区,核心区,outer->core,0,0,0,False,True,True
186,1/26/2018 6:00,外围区,近港区,outer->near,0,0,0,False,True,True
187,1/26/2018 7:00,核心区,近港区,core->near,1,1,0,False,True,True
188,1/26/2018 7:00,核心区,外围区,core->outer,0,0,0,False,True,True
189,1/26/2018 7:00,近港区,核心区,near->core,1,1,0,False,True,True
190,1/26/2018 7:00,近港区,外围区,near->outer,0,1,1,True,True,True
191,1/26/2018 7:00,外围区,核心区,outer->core,0,0,0,False,True,True
192,1/26/2018 7:00,外围区,近港区,outer->near,1,1,0,False,True,True
193,1/26/2018 8:00,核心区,近港区,core->near,1,1,0,False,True,True
194,1/26/2018 8:00,核心区,外围区,core->outer,0,0,0,False,True,True
195,1/26/2018 8:00,近港区,核心区,near->core,1,1,0,False,True,True
196,1/26/2018 8:00,近港区,外围区,near->outer,1,1,0,True,True,True
197,1/26/2018 8:00,外围区,核心区,outer->core,0,0,0,False,True,True
198,1/26/2018 8:00,外围区,近港区,outer->near,0,0,0,False,True,True
199,1/26/2018 9:00,核心区,近港区,core->near,1,1,0,False,True,True
200,1/26/2018 9:00,核心区,外围区,core->outer,0,0,0,False,True,True
201,1/26/2018 9:00,近港区,核心区,near->core,1,1,0,False,True,True
202,1/26/2018 9:00,近港区,外围区,near->outer,0,1,1,True,True,True
203,1/26/2018 9:00,外围区,核心区,outer->core,0,0,0,False,True,True
204,1/26/2018 9:00,外围区,近港区,outer->near,1,1,0,False,True,True
205,1/26/2018 10:00,核心区,近港区,core->near,2,2,0,False,True,True
206,1/26/2018 10:00,核心区,外围区,core->outer,0,0,0,False,True,True
207,1/26/2018 10:00,近港区,核心区,near->core,1,1,0,False,True,True
208,1/26/2018 10:00,近港区,外围区,near->outer,0,1,1,True,True,True
209,1/26/2018 10:00,外围区,核心区,outer->core,0,0,0,False,True,True
210,1/26/2018 10:00,外围区,近港区,outer->near,1,1,0,False,True,True
211,1/26/2018 11:00,核心区,近港区,core->near,1,1,0,False,True,True
212,1/26/2018 11:00,核心区,外围区,core->outer,0,0,0,False,True,True
213,1/26/2018 11:00,近港区,核心区,near->core,1,1,0,False,True,True
214,1/26/2018 11:00,近港区,外围区,near->outer,1,1,0,True,True,True
215,1/26/2018 11:00,外围区,核心区,outer->core,0,0,0,False,True,True
216,1/26/2018 11:00,外围区,近港区,outer->near,0,0,0,False,True,True
217,1/26/2018 12:00,核心区,近港区,core->near,1,1,0,False,True,True
218,1/26/2018 12:00,核心区,外围区,core->outer,0,0,0,False,True,True
219,1/26/2018 12:00,近港区,核心区,near->core,1,1,0,False,True,True
220,1/26/2018 12:00,近港区,外围区,near->outer,0,0,0,True,True,True
221,1/26/2018 12:00,外围区,核心区,outer->core,0,0,0,False,True,True
222,1/26/2018 12:00,外围区,近港区,outer->near,0,0,0,False,True,True
223,1/26/2018 13:00,核心区,近港区,core->near,1,1,0,False,True,True
224,1/26/2018 13:00,核心区,外围区,core->outer,0,0,0,False,True,True
225,1/26/2018 13:00,近港区,核心区,near->core,1,1,0,False,True,True
226,1/26/2018 13:00,近港区,外围区,near->outer,0,0,0,True,True,True
227,1/26/2018 13:00,外围区,核心区,outer->core,0,0,0,False,True,True
228,1/26/2018 13:00,外围区,近港区,outer->near,1,1,0,False,True,True
229,1/26/2018 14:00,核心区,近港区,core->near,2,2,0,False,True,True
230,1/26/2018 14:00,核心区,外围区,core->outer,0,0,0,False,True,True
231,1/26/2018 14:00,近港区,核心区,near->core,1,1,0,False,True,True
232,1/26/2018 14:00,近港区,外围区,near->outer,0,0,0,True,True,True
233,1/26/2018 14:00,外围区,核心区,outer->core,0,0,0,False,True,True
234,1/26/2018 14:00,外围区,近港区,outer->near,0,0,0,False,True,True
235,1/26/2018 15:00,核心区,近港区,core->near,1,1,0,False,True,True
236,1/26/2018 15:00,核心区,外围区,core->outer,0,0,0,False,True,True
237,1/26/2018 15:00,近港区,核心区,near->core,2,2,0,False,True,True
238,1/26/2018 15:00,近港区,外围区,near->outer,0,0,0,True,True,True
239,1/26/2018 15:00,外围区,核心区,outer->core,0,0,0,False,True,True
240,1/26/2018 15:00,外围区,近港区,outer->near,0,0,0,False,True,True
241,1/26/2018 16:00,核心区,近港区,core->near,1,1,0,False,True,True
242,1/26/2018 16:00,核心区,外围区,core->outer,0,0,0,False,True,True
243,1/26/2018 16:00,近港区,核心区,near->core,1,1,0,False,True,True
244,1/26/2018 16:00,近港区,外围区,near->outer,0,0,0,True,True,True
245,1/26/2018 16:00,外围区,核心区,outer->core,0,0,0,False,True,True
246,1/26/2018 16:00,外围区,近港区,outer->near,0,0,0,False,True,True
247,1/26/2018 17:00,核心区,近港区,core->near,1,1,0,False,True,True
248,1/26/2018 17:00,核心区,外围区,core->outer,0,0,0,False,True,True
249,1/26/2018 17:00,近港区,核心区,near->core,1,1,0,False,True,True
250,1/26/2018 17:00,近港区,外围区,near->outer,0,0,0,True,True,True
251,1/26/2018 17:00,外围区,核心区,outer->core,0,0,0,False,True,True
252,1/26/2018 17:00,外围区,近港区,outer->near,1,1,0,False,True,True
253,1/26/2018 18:00,核心区,近港区,core->near,2,2,0,False,True,True
254,1/26/2018 18:00,核心区,外围区,core->outer,0,0,0,False,True,True
255,1/26/2018 18:00,近港区,核心区,near->core,1,1,0,False,True,True
256,1/26/2018 18:00,近港区,外围区,near->outer,0,0,0,True,True,True
257,1/26/2018 18:00,外围区,核心区,outer->core,0,0,0,False,True,True
258,1/26/2018 18:00,外围区,近港区,outer->near,1,1,0,False,True,True
259,1/26/2018 19:00,核心区,近港区,core->near,1,1,0,False,True,True
260,1/26/2018 19:00,核心区,外围区,core->outer,0,0,0,False,True,True
261,1/26/2018 19:00,近港区,核心区,near->core,1,1,0,False,True,True
262,1/26/2018 19:00,近港区,外围区,near->outer,1,1,0,True,True,True
263,1/26/2018 19:00,外围区,核心区,outer->core,0,0,0,False,True,True
264,1/26/2018 19:00,外围区,近港区,outer->near,0,0,0,False,True,True
265,1/26/2018 20:00,核心区,近港区,core->near,1,1,0,False,True,True
266,1/26/2018 20:00,核心区,外围区,core->outer,0,0,0,False,True,True
267,1/26/2018 20:00,近港区,核心区,near->core,1,1,0,False,True,True
268,1/26/2018 20:00,近港区,外围区,near->outer,0,0,0,True,True,True
269,1/26/2018 20:00,外围区,核心区,outer->core,0,0,0,False,True,True
270,1/26/2018 20:00,外围区,近港区,outer->near,0,0,0,False,True,True
271,1/26/2018 21:00,核心区,近港区,core->near,1,1,0,False,True,True
272,1/26/2018 21:00,核心区,外围区,core->outer,0,0,0,False,True,True
273,1/26/2018 21:00,近港区,核心区,near->core,1,1,0,False,True,True
274,1/26/2018 21:00,近港区,外围区,near->outer,0,0,0,True,True,True
275,1/26/2018 21:00,外围区,核心区,outer->core,0,0,0,False,True,True
276,1/26/2018 21:00,外围区,近港区,outer->near,0,0,0,False,True,True
277,1/26/2018 22:00,核心区,近港区,core->near,1,1,0,False,True,True
278,1/26/2018 22:00,核心区,外围区,core->outer,0,0,0,False,True,True
279,1/26/2018 22:00,近港区,核心区,near->core,1,1,0,False,True,True
280,1/26/2018 22:00,近港区,外围区,near->outer,0,0,0,True,True,True
281,1/26/2018 22:00,外围区,核心区,outer->core,0,0,0,False,True,True
282,1/26/2018 22:00,外围区,近港区,outer->near,0,0,0,False,True,True
283,1/26/2018 23:00,核心区,近港区,core->near,1,1,0,False,True,True
284,1/26/2018 23:00,核心区,外围区,core->outer,0,0,0,False,True,True
285,1/26/2018 23:00,近港区,核心区,near->core,1,1,0,False,True,True
286,1/26/2018 23:00,近港区,外围区,near->outer,0,0,0,True,True,True
287,1/26/2018 23:00,外围区,核心区,outer->core,0,0,0,False,True,True
288,1/26/2018 23:00,外围区,近港区,outer->near,0,0,0,False,True,True
289,1/27/2018 0:00,核心区,近港区,core->near,0,0,0,False,True,True
290,1/27/2018 0:00,核心区,外围区,core->outer,0,0,0,False,True,True
291,1/27/2018 0:00,近港区,核心区,near->core,1,1,0,False,True,True
292,1/27/2018 0:00,近港区,外围区,near->outer,0,0,0,True,True,True
293,1/27/2018 0:00,外围区,核心区,outer->core,0,0,0,False,True,True
294,1/27/2018 0:00,外围区,近港区,outer->near,0,0,0,False,True,True
295,1/27/2018 1:00,核心区,近港区,core->near,1,1,0,False,True,True
296,1/27/2018 1:00,核心区,外围区,core->outer,0,0,0,False,True,True
297,1/27/2018 1:00,近港区,核心区,near->core,0,0,0,False,True,True
298,1/27/2018 1:00,近港区,外围区,near->outer,0,0,0,True,True,True
299,1/27/2018 1:00,外围区,核心区,outer->core,0,0,0,False,True,True
300,1/27/2018 1:00,外围区,近港区,outer->near,0,0,0,False,True,True
301,1/27/2018 2:00,核心区,近港区,core->near,1,1,0,False,True,True
302,1/27/2018 2:00,核心区,外围区,core->outer,0,0,0,False,True,True
303,1/27/2018 2:00,近港区,核心区,near->core,1,1,0,False,True,True
304,1/27/2018 2:00,近港区,外围区,near->outer,0,0,0,True,True,True
305,1/27/2018 2:00,外围区,核心区,outer->core,0,0,0,False,True,True
306,1/27/2018 2:00,外围区,近港区,outer->near,0,0,0,False,True,True
307,1/27/2018 3:00,核心区,近港区,core->near,1,1,0,False,True,True
308,1/27/2018 3:00,核心区,外围区,core->outer,0,0,0,False,True,True
309,1/27/2018 3:00,近港区,核心区,near->core,1,1,0,False,True,True
310,1/27/2018 3:00,近港区,外围区,near->outer,0,0,0,True,True,True
311,1/27/2018 3:00,外围区,核心区,outer->core,0,0,0,False,True,True
312,1/27/2018 3:00,外围区,近港区,outer->near,0,0,0,False,True,True
313,1/27/2018 4:00,核心区,近港区,core->near,0,0,0,False,True,True
314,1/27/2018 4:00,核心区,外围区,core->outer,0,0,0,False,True,True
315,1/27/2018 4:00,近港区,核心区,near->core,1,1,0,False,True,True
316,1/27/2018 4:00,近港区,外围区,near->outer,0,0,0,True,True,True
317,1/27/2018 4:00,外围区,核心区,outer->core,0,0,0,False,True,True
318,1/27/2018 4:00,外围区,近港区,outer->near,0,0,0,False,True,True
319,1/27/2018 5:00,核心区,近港区,core->near,0,0,0,False,True,True
320,1/27/2018 5:00,核心区,外围区,core->outer,0,0,0,False,True,True
321,1/27/2018 5:00,近港区,核心区,near->core,1,1,0,False,True,True
322,1/27/2018 5:00,近港区,外围区,near->outer,0,0,0,True,True,True
323,1/27/2018 5:00,外围区,核心区,outer->core,0,0,0,False,True,True
324,1/27/2018 5:00,外围区,近港区,outer->near,1,1,0,False,True,True
325,1/27/2018 6:00,核心区,近港区,core->near,2,2,0,False,True,True
326,1/27/2018 6:00,核心区,外围区,core->outer,1,1,0,False,True,True
327,1/27/2018 6:00,近港区,核心区,near->core,1,1,0,False,True,True
328,1/27/2018 6:00,近港区,外围区,near->outer,0,0,0,True,True,True
329,1/27/2018 6:00,外围区,核心区,outer->core,0,0,0,False,True,True
330,1/27/2018 6:00,外围区,近港区,outer->near,0,0,0,False,True,True
331,1/27/2018 7:00,核心区,近港区,core->near,1,1,0,False,True,True
332,1/27/2018 7:00,核心区,外围区,core->outer,0,0,0,False,True,True
333,1/27/2018 7:00,近港区,核心区,near->core,1,1,0,False,True,True
334,1/27/2018 7:00,近港区,外围区,near->outer,0,1,1,True,True,True
335,1/27/2018 7:00,外围区,核心区,outer->core,0,0,0,False,True,True
336,1/27/2018 7:00,外围区,近港区,outer->near,1,1,0,False,True,True
337,1/27/2018 8:00,核心区,近港区,core->near,1,1,0,False,True,True
338,1/27/2018 8:00,核心区,外围区,core->outer,0,0,0,False,True,True
339,1/27/2018 8:00,近港区,核心区,near->core,1,1,0,False,True,True
340,1/27/2018 8:00,近港区,外围区,near->outer,1,1,0,True,True,True
341,1/27/2018 8:00,外围区,核心区,outer->core,0,0,0,False,True,True
342,1/27/2018 8:00,外围区,近港区,outer->near,0,0,0,False,True,True
343,1/27/2018 9:00,核心区,近港区,core->near,1,1,0,False,True,True
344,1/27/2018 9:00,核心区,外围区,core->outer,0,0,0,False,True,True
345,1/27/2018 9:00,近港区,核心区,near->core,1,1,0,False,True,True
346,1/27/2018 9:00,近港区,外围区,near->outer,0,1,1,True,True,True
347,1/27/2018 9:00,外围区,核心区,outer->core,0,0,0,False,True,True
348,1/27/2018 9:00,外围区,近港区,outer->near,1,1,0,False,True,True
349,1/27/2018 10:00,核心区,近港区,core->near,2,2,0,False,True,True
350,1/27/2018 10:00,核心区,外围区,core->outer,0,0,0,False,True,True
351,1/27/2018 10:00,近港区,核心区,near->core,1,1,0,False,True,True
352,1/27/2018 10:00,近港区,外围区,near->outer,0,1,1,True,True,True
353,1/27/2018 10:00,外围区,核心区,outer->core,0,0,0,False,True,True
354,1/27/2018 10:00,外围区,近港区,outer->near,1,1,0,False,True,True
355,1/27/2018 11:00,核心区,近港区,core->near,1,1,0,False,True,True
356,1/27/2018 11:00,核心区,外围区,core->outer,0,0,0,False,True,True
357,1/27/2018 11:00,近港区,核心区,near->core,1,1,0,False,True,True
358,1/27/2018 11:00,近港区,外围区,near->outer,1,1,0,True,True,True
359,1/27/2018 11:00,外围区,核心区,outer->core,0,0,0,False,True,True
360,1/27/2018 11:00,外围区,近港区,outer->near,0,0,0,False,True,True
361,1/27/2018 12:00,核心区,近港区,core->near,1,1,0,False,True,True
362,1/27/2018 12:00,核心区,外围区,core->outer,0,0,0,False,True,True
363,1/27/2018 12:00,近港区,核心区,near->core,1,1,0,False,True,True
364,1/27/2018 12:00,近港区,外围区,near->outer,0,0,0,True,True,True
365,1/27/2018 12:00,外围区,核心区,outer->core,0,0,0,False,True,True
366,1/27/2018 12:00,外围区,近港区,outer->near,0,0,0,False,True,True
367,1/27/2018 13:00,核心区,近港区,core->near,1,1,0,False,True,True
368,1/27/2018 13:00,核心区,外围区,core->outer,0,0,0,False,True,True
369,1/27/2018 13:00,近港区,核心区,near->core,1,1,0,False,True,True
370,1/27/2018 13:00,近港区,外围区,near->outer,0,0,0,True,True,True
371,1/27/2018 13:00,外围区,核心区,outer->core,0,0,0,False,True,True
372,1/27/2018 13:00,外围区,近港区,outer->near,1,1,0,False,True,True
373,1/27/2018 14:00,核心区,近港区,core->near,2,2,0,False,True,True
374,1/27/2018 14:00,核心区,外围区,core->outer,0,0,0,False,True,True
375,1/27/2018 14:00,近港区,核心区,near->core,1,1,0,False,True,True
376,1/27/2018 14:00,近港区,外围区,near->outer,0,0,0,True,True,True
377,1/27/2018 14:00,外围区,核心区,outer->core,0,0,0,False,True,True
378,1/27/2018 14:00,外围区,近港区,outer->near,0,0,0,False,True,True
379,1/27/2018 15:00,核心区,近港区,core->near,1,1,0,False,True,True
380,1/27/2018 15:00,核心区,外围区,core->outer,0,0,0,False,True,True
381,1/27/2018 15:00,近港区,核心区,near->core,2,2,0,False,True,True
382,1/27/2018 15:00,近港区,外围区,near->outer,0,0,0,True,True,True
383,1/27/2018 15:00,外围区,核心区,outer->core,0,0,0,False,True,True
384,1/27/2018 15:00,外围区,近港区,outer->near,0,0,0,False,True,True
385,1/27/2018 16:00,核心区,近港区,core->near,1,1,0,False,True,True
386,1/27/2018 16:00,核心区,外围区,core->outer,0,0,0,False,True,True
387,1/27/2018 16:00,近港区,核心区,near->core,1,1,0,False,True,True
388,1/27/2018 16:00,近港区,外围区,near->outer,0,0,0,True,True,True
389,1/27/2018 16:00,外围区,核心区,outer->core,0,0,0,False,True,True
390,1/27/2018 16:00,外围区,近港区,outer->near,0,0,0,False,True,True
391,1/27/2018 17:00,核心区,近港区,core->near,1,1,0,False,True,True
392,1/27/2018 17:00,核心区,外围区,core->outer,0,0,0,False,True,True
393,1/27/2018 17:00,近港区,核心区,near->core,1,1,0,False,True,True
394,1/27/2018 17:00,近港区,外围区,near->outer,0,0,0,True,True,True
395,1/27/2018 17:00,外围区,核心区,outer->core,0,0,0,False,True,True
396,1/27/2018 17:00,外围区,近港区,outer->near,1,1,0,False,True,True
397,1/27/2018 18:00,核心区,近港区,core->near,2,2,0,False,True,True
398,1/27/2018 18:00,核心区,外围区,core->outer,0,0,0,False,True,True
399,1/27/2018 18:00,近港区,核心区,near->core,1,1,0,False,True,True
400,1/27/2018 18:00,近港区,外围区,near->outer,0,0,0,True,True,True
401,1/27/2018 18:00,外围区,核心区,outer->core,0,0,0,False,True,True
402,1/27/2018 18:00,外围区,近港区,outer->near,1,1,0,False,True,True
403,1/27/2018 19:00,核心区,近港区,core->near,1,1,0,False,True,True
404,1/27/2018 19:00,核心区,外围区,core->outer,0,0,0,False,True,True
405,1/27/2018 19:00,近港区,核心区,near->core,1,1,0,False,True,True
406,1/27/2018 19:00,近港区,外围区,near->outer,1,1,0,True,True,True
407,1/27/2018 19:00,外围区,核心区,outer->core,0,0,0,False,True,True
408,1/27/2018 19:00,外围区,近港区,outer->near,0,0,0,False,True,True
409,1/27/2018 20:00,核心区,近港区,core->near,1,1,0,False,True,True
410,1/27/2018 20:00,核心区,外围区,core->outer,0,0,0,False,True,True
411,1/27/2018 20:00,近港区,核心区,near->core,1,1,0,False,True,True
412,1/27/2018 20:00,近港区,外围区,near->outer,0,0,0,True,True,True
413,1/27/2018 20:00,外围区,核心区,outer->core,0,0,0,False,True,True
414,1/27/2018 20:00,外围区,近港区,outer->near,0,0,0,False,True,True
415,1/27/2018 21:00,核心区,近港区,core->near,1,1,0,False,True,True
416,1/27/2018 21:00,核心区,外围区,core->outer,0,0,0,False,True,True
417,1/27/2018 21:00,近港区,核心区,near->core,1,1,0,False,True,True
418,1/27/2018 21:00,近港区,外围区,near->outer,0,0,0,True,True,True
419,1/27/2018 21:00,外围区,核心区,outer->core,0,0,0,False,True,True
420,1/27/2018 21:00,外围区,近港区,outer->near,0,0,0,False,True,True
421,1/27/2018 22:00,核心区,近港区,core->near,1,1,0,False,True,True
422,1/27/2018 22:00,核心区,外围区,core->outer,0,0,0,False,True,True
423,1/27/2018 22:00,近港区,核心区,near->core,1,1,0,False,True,True
424,1/27/2018 22:00,近港区,外围区,near->outer,0,0,0,True,True,True
425,1/27/2018 22:00,外围区,核心区,outer->core,0,0,0,False,True,True
426,1/27/2018 22:00,外围区,近港区,outer->near,0,0,0,False,True,True
427,1/27/2018 23:00,核心区,近港区,core->near,1,1,0,False,True,True
428,1/27/2018 23:00,核心区,外围区,core->outer,0,0,0,False,True,True
429,1/27/2018 23:00,近港区,核心区,near->core,1,1,0,False,True,True
430,1/27/2018 23:00,近港区,外围区,near->outer,0,0,0,True,True,True
431,1/27/2018 23:00,外围区,核心区,outer->core,0,0,0,False,True,True
432,1/27/2018 23:00,外围区,近港区,outer->near,0,0,0,False,True,True
433,1/28/2018 0:00,核心区,近港区,core->near,0,0,0,False,True,True
434,1/28/2018 0:00,核心区,外围区,core->outer,0,0,0,False,True,True
435,1/28/2018 0:00,近港区,核心区,near->core,1,1,0,False,True,True
436,1/28/2018 0:00,近港区,外围区,near->outer,0,0,0,True,True,True
437,1/28/2018 0:00,外围区,核心区,outer->core,0,0,0,False,True,True
438,1/28/2018 0:00,外围区,近港区,outer->near,0,0,0,False,True,True
439,1/28/2018 1:00,核心区,近港区,core->near,1,1,0,False,True,True
440,1/28/2018 1:00,核心区,外围区,core->outer,0,0,0,False,True,True
441,1/28/2018 1:00,近港区,核心区,near->core,0,0,0,False,True,True
442,1/28/2018 1:00,近港区,外围区,near->outer,0,0,0,True,True,True
443,1/28/2018 1:00,外围区,核心区,outer->core,0,0,0,False,True,True
444,1/28/2018 1:00,外围区,近港区,outer->near,0,0,0,False,True,True
445,1/28/2018 2:00,核心区,近港区,core->near,1,1,0,False,True,True
446,1/28/2018 2:00,核心区,外围区,core->outer,0,0,0,False,True,True
447,1/28/2018 2:00,近港区,核心区,near->core,1,1,0,False,True,True
448,1/28/2018 2:00,近港区,外围区,near->outer,0,0,0,True,True,True
449,1/28/2018 2:00,外围区,核心区,outer->core,0,0,0,False,True,True
450,1/28/2018 2:00,外围区,近港区,outer->near,0,0,0,False,True,True
451,1/28/2018 3:00,核心区,近港区,core->near,1,1,0,False,True,True
452,1/28/2018 3:00,核心区,外围区,core->outer,0,0,0,False,True,True
453,1/28/2018 3:00,近港区,核心区,near->core,1,1,0,False,True,True
454,1/28/2018 3:00,近港区,外围区,near->outer,0,0,0,True,True,True
455,1/28/2018 3:00,外围区,核心区,outer->core,0,0,0,False,True,True
456,1/28/2018 3:00,外围区,近港区,outer->near,0,0,0,False,True,True
457,1/28/2018 4:00,核心区,近港区,core->near,0,0,0,False,True,True
458,1/28/2018 4:00,核心区,外围区,core->outer,0,0,0,False,True,True
459,1/28/2018 4:00,近港区,核心区,near->core,1,1,0,False,True,True
460,1/28/2018 4:00,近港区,外围区,near->outer,0,0,0,True,True,True
461,1/28/2018 4:00,外围区,核心区,outer->core,0,0,0,False,True,True
462,1/28/2018 4:00,外围区,近港区,outer->near,0,0,0,False,True,True
463,1/28/2018 5:00,核心区,近港区,core->near,0,0,0,False,True,True
464,1/28/2018 5:00,核心区,外围区,core->outer,0,0,0,False,True,True
465,1/28/2018 5:00,近港区,核心区,near->core,1,1,0,False,True,True
466,1/28/2018 5:00,近港区,外围区,near->outer,0,0,0,True,True,True
467,1/28/2018 5:00,外围区,核心区,outer->core,0,0,0,False,True,True
468,1/28/2018 5:00,外围区,近港区,outer->near,1,1,0,False,True,True
469,1/28/2018 6:00,核心区,近港区,core->near,2,2,0,False,True,True
470,1/28/2018 6:00,核心区,外围区,core->outer,1,1,0,False,True,True
471,1/28/2018 6:00,近港区,核心区,near->core,1,1,0,False,True,True
472,1/28/2018 6:00,近港区,外围区,near->outer,0,0,0,True,True,True
473,1/28/2018 6:00,外围区,核心区,outer->core,0,0,0,False,True,True
474,1/28/2018 6:00,外围区,近港区,outer->near,0,0,0,False,True,True
475,1/28/2018 7:00,核心区,近港区,core->near,1,1,0,False,True,True
476,1/28/2018 7:00,核心区,外围区,core->outer,0,0,0,False,True,True
477,1/28/2018 7:00,近港区,核心区,near->core,1,1,0,False,True,True
478,1/28/2018 7:00,近港区,外围区,near->outer,0,1,1,True,True,True
479,1/28/2018 7:00,外围区,核心区,outer->core,0,0,0,False,True,True
480,1/28/2018 7:00,外围区,近港区,outer->near,1,1,0,False,True,True
481,1/28/2018 8:00,核心区,近港区,core->near,1,1,0,False,True,True
482,1/28/2018 8:00,核心区,外围区,core->outer,0,0,0,False,True,True
483,1/28/2018 8:00,近港区,核心区,near->core,1,1,0,False,True,True
484,1/28/2018 8:00,近港区,外围区,near->outer,1,1,0,True,True,True
485,1/28/2018 8:00,外围区,核心区,outer->core,0,0,0,False,True,True
486,1/28/2018 8:00,外围区,近港区,outer->near,0,0,0,False,True,True
487,1/28/2018 9:00,核心区,近港区,core->near,1,1,0,False,True,True
488,1/28/2018 9:00,核心区,外围区,core->outer,0,0,0,False,True,True
489,1/28/2018 9:00,近港区,核心区,near->core,1,1,0,False,True,True
490,1/28/2018 9:00,近港区,外围区,near->outer,0,1,1,True,True,True
491,1/28/2018 9:00,外围区,核心区,outer->core,0,0,0,False,True,True
492,1/28/2018 9:00,外围区,近港区,outer->near,1,1,0,False,True,True
493,1/28/2018 10:00,核心区,近港区,core->near,2,2,0,False,True,True
494,1/28/2018 10:00,核心区,外围区,core->outer,0,0,0,False,True,True
495,1/28/2018 10:00,近港区,核心区,near->core,1,1,0,False,True,True
496,1/28/2018 10:00,近港区,外围区,near->outer,0,1,1,True,True,True
497,1/28/2018 10:00,外围区,核心区,outer->core,0,0,0,False,True,True
498,1/28/2018 10:00,外围区,近港区,outer->near,1,1,0,False,True,True
499,1/28/2018 11:00,核心区,近港区,core->near,1,1,0,False,True,True
500,1/28/2018 11:00,核心区,外围区,core->outer,0,0,0,False,True,True
501,1/28/2018 11:00,近港区,核心区,near->core,1,1,0,False,True,True
502,1/28/2018 11:00,近港区,外围区,near->outer,1,1,0,True,True,True
503,1/28/2018 11:00,外围区,核心区,outer->core,0,0,0,False,True,True
504,1/28/2018 11:00,外围区,近港区,outer->near,0,0,0,False,True,True
505,1/28/2018 12:00,核心区,近港区,core->near,1,1,0,False,True,True
506,1/28/2018 12:00,核心区,外围区,core->outer,0,0,0,False,True,True
507,1/28/2018 12:00,近港区,核心区,near->core,1,1,0,False,True,True
508,1/28/2018 12:00,近港区,外围区,near->outer,0,0,0,True,True,True
509,1/28/2018 12:00,外围区,核心区,outer->core,0,0,0,False,True,True
510,1/28/2018 12:00,外围区,近港区,outer->near,0,0,0,False,True,True
511,1/28/2018 13:00,核心区,近港区,core->near,1,1,0,False,True,True
512,1/28/2018 13:00,核心区,外围区,core->outer,0,0,0,False,True,True
513,1/28/2018 13:00,近港区,核心区,near->core,1,1,0,False,True,True
514,1/28/2018 13:00,近港区,外围区,near->outer,0,0,0,True,True,True
515,1/28/2018 13:00,外围区,核心区,outer->core,0,0,0,False,True,True
516,1/28/2018 13:00,外围区,近港区,outer->near,1,1,0,False,True,True
517,1/28/2018 14:00,核心区,近港区,core->near,2,2,0,False,True,True
518,1/28/2018 14:00,核心区,外围区,core->outer,0,0,0,False,True,True
519,1/28/2018 14:00,近港区,核心区,near->core,1,1,0,False,True,True
520,1/28/2018 14:00,近港区,外围区,near->outer,0,0,0,True,True,True
521,1/28/2018 14:00,外围区,核心区,outer->core,0,0,0,False,True,True
522,1/28/2018 14:00,外围区,近港区,outer->near,0,0,0,False,True,True
523,1/28/2018 15:00,核心区,近港区,core->near,1,1,0,False,True,True
524,1/28/2018 15:00,核心区,外围区,core->outer,0,0,0,False,True,True
525,1/28/2018 15:00,近港区,核心区,near->core,2,2,0,False,True,True
526,1/28/2018 15:00,近港区,外围区,near->outer,0,0,0,True,True,True
527,1/28/2018 15:00,外围区,核心区,outer->core,0,0,0,False,True,True
528,1/28/2018 15:00,外围区,近港区,outer->near,0,0,0,False,True,True
529,1/28/2018 16:00,核心区,近港区,core->near,1,1,0,False,True,True
530,1/28/2018 16:00,核心区,外围区,core->outer,0,0,0,False,True,True
531,1/28/2018 16:00,近港区,核心区,near->core,1,1,0,False,True,True
532,1/28/2018 16:00,近港区,外围区,near->outer,0,0,0,True,True,True
533,1/28/2018 16:00,外围区,核心区,outer->core,0,0,0,False,True,True
534,1/28/2018 16:00,外围区,近港区,outer->near,0,0,0,False,True,True
535,1/28/2018 17:00,核心区,近港区,core->near,1,1,0,False,True,True
536,1/28/2018 17:00,核心区,外围区,core->outer,0,0,0,False,True,True
537,1/28/2018 17:00,近港区,核心区,near->core,1,1,0,False,True,True
538,1/28/2018 17:00,近港区,外围区,near->outer,0,0,0,True,True,True
539,1/28/2018 17:00,外围区,核心区,outer->core,0,0,0,False,True,True
540,1/28/2018 17:00,外围区,近港区,outer->near,1,1,0,False,True,True
541,1/28/2018 18:00,核心区,近港区,core->near,2,2,0,False,True,True
542,1/28/2018 18:00,核心区,外围区,core->outer,0,0,0,False,True,True
543,1/28/2018 18:00,近港区,核心区,near->core,1,1,0,False,True,True
544,1/28/2018 18:00,近港区,外围区,near->outer,0,0,0,True,True,True
545,1/28/2018 18:00,外围区,核心区,outer->core,0,0,0,False,True,True
546,1/28/2018 18:00,外围区,近港区,outer->near,1,1,0,False,True,True
547,1/28/2018 19:00,核心区,近港区,core->near,1,1,0,False,True,True
548,1/28/2018 19:00,核心区,外围区,core->outer,0,0,0,False,True,True
549,1/28/2018 19:00,近港区,核心区,near->core,1,1,0,False,True,True
550,1/28/2018 19:00,近港区,外围区,near->outer,1,1,0,True,True,True
551,1/28/2018 19:00,外围区,核心区,outer->core,0,0,0,False,True,True
552,1/28/2018 19:00,外围区,近港区,outer->near,0,0,0,False,True,True
553,1/28/2018 20:00,核心区,近港区,core->near,1,1,0,False,True,True
554,1/28/2018 20:00,核心区,外围区,core->outer,0,0,0,False,True,True
555,1/28/2018 20:00,近港区,核心区,near->core,1,1,0,False,True,True
556,1/28/2018 20:00,近港区,外围区,near->outer,0,0,0,True,True,True
557,1/28/2018 20:00,外围区,核心区,outer->core,0,0,0,False,True,True
558,1/28/2018 20:00,外围区,近港区,outer->near,0,0,0,False,True,True
559,1/28/2018 21:00,核心区,近港区,core->near,1,1,0,False,True,True
560,1/28/2018 21:00,核心区,外围区,core->outer,0,0,0,False,True,True
561,1/28/2018 21:00,近港区,核心区,near->core,1,1,0,False,True,True
562,1/28/2018 21:00,近港区,外围区,near->outer,0,0,0,True,True,True
563,1/28/2018 21:00,外围区,核心区,outer->core,0,0,0,False,True,True
564,1/28/2018 21:00,外围区,近港区,outer->near,0,0,0,False,True,True
565,1/28/2018 22:00,核心区,近港区,core->near,1,1,0,False,True,True
566,1/28/2018 22:00,核心区,外围区,core->outer,0,0,0,False,True,True
567,1/28/2018 22:00,近港区,核心区,near->core,1,1,0,False,True,True
568,1/28/2018 22:00,近港区,外围区,near->outer,0,0,0,True,True,True
569,1/28/2018 22:00,外围区,核心区,outer->core,0,0,0,False,True,True
570,1/28/2018 22:00,外围区,近港区,outer->near,0,0,0,False,True,True
571,1/28/2018 23:00,核心区,近港区,core->near,1,1,0,False,True,True
572,1/28/2018 23:00,核心区,外围区,core->outer,0,0,0,False,True,True
573,1/28/2018 23:00,近港区,核心区,near->core,1,1,0,False,True,True
574,1/28/2018 23:00,近港区,外围区,near->outer,0,0,0,True,True,True
575,1/28/2018 23:00,外围区,核心区,outer->core,0,0,0,False,True,True
576,1/28/2018 23:00,外围区,近港区,outer->near,0,0,0,False,True,True
577,1/29/2018 0:00,核心区,近港区,core->near,0,0,0,False,True,True
578,1/29/2018 0:00,核心区,外围区,core->outer,0,0,0,False,True,True
579,1/29/2018 0:00,近港区,核心区,near->core,1,1,0,False,True,True
580,1/29/2018 0:00,近港区,外围区,near->outer,0,0,0,True,True,True
581,1/29/2018 0:00,外围区,核心区,outer->core,0,0,0,False,True,True
582,1/29/2018 0:00,外围区,近港区,outer->near,0,0,0,False,True,True
583,1/29/2018 1:00,核心区,近港区,core->near,1,1,0,False,True,True
584,1/29/2018 1:00,核心区,外围区,core->outer,0,0,0,False,True,True
585,1/29/2018 1:00,近港区,核心区,near->core,0,0,0,False,True,True
586,1/29/2018 1:00,近港区,外围区,near->outer,0,0,0,True,True,True
587,1/29/2018 1:00,外围区,核心区,outer->core,0,0,0,False,True,True
588,1/29/2018 1:00,外围区,近港区,outer->near,0,0,0,False,True,True
589,1/29/2018 2:00,核心区,近港区,core->near,1,1,0,False,True,True
590,1/29/2018 2:00,核心区,外围区,core->outer,0,0,0,False,True,True
591,1/29/2018 2:00,近港区,核心区,near->core,1,1,0,False,True,True
592,1/29/2018 2:00,近港区,外围区,near->outer,0,0,0,True,True,True
593,1/29/2018 2:00,外围区,核心区,outer->core,0,0,0,False,True,True
594,1/29/2018 2:00,外围区,近港区,outer->near,0,0,0,False,True,True
595,1/29/2018 3:00,核心区,近港区,core->near,1,1,0,False,True,True
596,1/29/2018 3:00,核心区,外围区,core->outer,0,0,0,False,True,True
597,1/29/2018 3:00,近港区,核心区,near->core,1,1,0,False,True,True
598,1/29/2018 3:00,近港区,外围区,near->outer,0,0,0,True,True,True
599,1/29/2018 3:00,外围区,核心区,outer->core,0,0,0,False,True,True
600,1/29/2018 3:00,外围区,近港区,outer->near,0,0,0,False,True,True
601,1/29/2018 4:00,核心区,近港区,core->near,0,0,0,False,True,True
602,1/29/2018 4:00,核心区,外围区,core->outer,0,0,0,False,True,True
603,1/29/2018 4:00,近港区,核心区,near->core,1,1,0,False,True,True
604,1/29/2018 4:00,近港区,外围区,near->outer,0,0,0,True,True,True
605,1/29/2018 4:00,外围区,核心区,outer->core,0,0,0,False,True,True
606,1/29/2018 4:00,外围区,近港区,outer->near,0,0,0,False,True,True
607,1/29/2018 5:00,核心区,近港区,core->near,0,0,0,False,True,True
608,1/29/2018 5:00,核心区,外围区,core->outer,0,0,0,False,True,True
609,1/29/2018 5:00,近港区,核心区,near->core,1,1,0,False,True,True
610,1/29/2018 5:00,近港区,外围区,near->outer,0,0,0,True,True,True
611,1/29/2018 5:00,外围区,核心区,outer->core,0,0,0,False,True,True
612,1/29/2018 5:00,外围区,近港区,outer->near,1,1,0,False,True,True
613,1/29/2018 6:00,核心区,近港区,core->near,2,2,0,False,True,True
614,1/29/2018 6:00,核心区,外围区,core->outer,1,1,0,False,True,True
615,1/29/2018 6:00,近港区,核心区,near->core,1,1,0,False,True,True
616,1/29/2018 6:00,近港区,外围区,near->outer,0,0,0,True,True,True
617,1/29/2018 6:00,外围区,核心区,outer->core,0,0,0,False,True,True
618,1/29/2018 6:00,外围区,近港区,outer->near,0,0,0,False,True,True
619,1/29/2018 7:00,核心区,近港区,core->near,1,1,0,False,True,True
620,1/29/2018 7:00,核心区,外围区,core->outer,0,0,0,False,True,True
621,1/29/2018 7:00,近港区,核心区,near->core,1,1,0,False,True,True
622,1/29/2018 7:00,近港区,外围区,near->outer,0,1,1,True,True,True
623,1/29/2018 7:00,外围区,核心区,outer->core,0,0,0,False,True,True
624,1/29/2018 7:00,外围区,近港区,outer->near,1,1,0,False,True,True
625,1/29/2018 8:00,核心区,近港区,core->near,1,1,0,False,True,True
626,1/29/2018 8:00,核心区,外围区,core->outer,0,0,0,False,True,True
627,1/29/2018 8:00,近港区,核心区,near->core,1,1,0,False,True,True
628,1/29/2018 8:00,近港区,外围区,near->outer,1,1,0,True,True,True
629,1/29/2018 8:00,外围区,核心区,outer->core,0,0,0,False,True,True
630,1/29/2018 8:00,外围区,近港区,outer->near,0,0,0,False,True,True
631,1/29/2018 9:00,核心区,近港区,core->near,1,1,0,False,True,True
632,1/29/2018 9:00,核心区,外围区,core->outer,0,0,0,False,True,True
633,1/29/2018 9:00,近港区,核心区,near->core,1,1,0,False,True,True
634,1/29/2018 9:00,近港区,外围区,near->outer,0,1,1,True,True,True
635,1/29/2018 9:00,外围区,核心区,outer->core,0,0,0,False,True,True
636,1/29/2018 9:00,外围区,近港区,outer->near,1,1,0,False,True,True
637,1/29/2018 10:00,核心区,近港区,core->near,2,2,0,False,True,True
638,1/29/2018 10:00,核心区,外围区,core->outer,0,0,0,False,True,True
639,1/29/2018 10:00,近港区,核心区,near->core,1,1,0,False,True,True
640,1/29/2018 10:00,近港区,外围区,near->outer,0,1,1,True,True,True
641,1/29/2018 10:00,外围区,核心区,outer->core,0,0,0,False,True,True
642,1/29/2018 10:00,外围区,近港区,outer->near,1,1,0,False,True,True
643,1/29/2018 11:00,核心区,近港区,core->near,1,1,0,False,True,True
644,1/29/2018 11:00,核心区,外围区,core->outer,0,0,0,False,True,True
645,1/29/2018 11:00,近港区,核心区,near->core,1,1,0,False,True,True
646,1/29/2018 11:00,近港区,外围区,near->outer,1,1,0,True,True,True
647,1/29/2018 11:00,外围区,核心区,outer->core,0,0,0,False,True,True
648,1/29/2018 11:00,外围区,近港区,outer->near,0,0,0,False,True,True
649,1/29/2018 12:00,核心区,近港区,core->near,1,1,0,False,True,True
650,1/29/2018 12:00,核心区,外围区,core->outer,0,0,0,False,True,True
651,1/29/2018 12:00,近港区,核心区,near->core,1,1,0,False,True,True
652,1/29/2018 12:00,近港区,外围区,near->outer,0,0,0,True,True,True
653,1/29/2018 12:00,外围区,核心区,outer->core,0,0,0,False,True,True
654,1/29/2018 12:00,外围区,近港区,outer->near,0,0,0,False,True,True
655,1/29/2018 13:00,核心区,近港区,core->near,1,1,0,False,True,True
656,1/29/2018 13:00,核心区,外围区,core->outer,0,0,0,False,True,True
657,1/29/2018 13:00,近港区,核心区,near->core,1,1,0,False,True,True
658,1/29/2018 13:00,近港区,外围区,near->outer,0,0,0,True,True,True
659,1/29/2018 13:00,外围区,核心区,outer->core,0,0,0,False,True,True
660,1/29/2018 13:00,外围区,近港区,outer->near,1,1,0,False,True,True
661,1/29/2018 14:00,核心区,近港区,core->near,2,2,0,False,True,True
662,1/29/2018 14:00,核心区,外围区,core->outer,0,0,0,False,True,True
663,1/29/2018 14:00,近港区,核心区,near->core,1,1,0,False,True,True
664,1/29/2018 14:00,近港区,外围区,near->outer,0,0,0,True,True,True
665,1/29/2018 14:00,外围区,核心区,outer->core,0,0,0,False,True,True
666,1/29/2018 14:00,外围区,近港区,outer->near,0,0,0,False,True,True
667,1/29/2018 15:00,核心区,近港区,core->near,1,1,0,False,True,True
668,1/29/2018 15:00,核心区,外围区,core->outer,0,0,0,False,True,True
669,1/29/2018 15:00,近港区,核心区,near->core,2,2,0,False,True,True
670,1/29/2018 15:00,近港区,外围区,near->outer,0,0,0,True,True,True
671,1/29/2018 15:00,外围区,核心区,outer->core,0,0,0,False,True,True
672,1/29/2018 15:00,外围区,近港区,outer->near,0,0,0,False,True,True
673,1/29/2018 16:00,核心区,近港区,core->near,1,1,0,False,True,True
674,1/29/2018 16:00,核心区,外围区,core->outer,0,0,0,False,True,True
675,1/29/2018 16:00,近港区,核心区,near->core,1,1,0,False,True,True
676,1/29/2018 16:00,近港区,外围区,near->outer,0,0,0,True,True,True
677,1/29/2018 16:00,外围区,核心区,outer->core,0,0,0,False,True,True
678,1/29/2018 16:00,外围区,近港区,outer->near,0,0,0,False,True,True
679,1/29/2018 17:00,核心区,近港区,core->near,1,1,0,False,True,True
680,1/29/2018 17:00,核心区,外围区,core->outer,0,0,0,False,True,True
681,1/29/2018 17:00,近港区,核心区,near->core,1,1,0,False,True,True
682,1/29/2018 17:00,近港区,外围区,near->outer,0,0,0,True,True,True
683,1/29/2018 17:00,外围区,核心区,outer->core,0,0,0,False,True,True
684,1/29/2018 17:00,外围区,近港区,outer->near,1,1,0,False,True,True
685,1/29/2018 18:00,核心区,近港区,core->near,2,2,0,False,True,True
686,1/29/2018 18:00,核心区,外围区,core->outer,0,0,0,False,True,True
687,1/29/2018 18:00,近港区,核心区,near->core,1,1,0,False,True,True
688,1/29/2018 18:00,近港区,外围区,near->outer,0,0,0,True,True,True
689,1/29/2018 18:00,外围区,核心区,outer->core,0,0,0,False,True,True
690,1/29/2018 18:00,外围区,近港区,outer->near,1,1,0,False,True,True
691,1/29/2018 19:00,核心区,近港区,core->near,1,1,0,False,True,True
692,1/29/2018 19:00,核心区,外围区,core->outer,0,0,0,False,True,True
693,1/29/2018 19:00,近港区,核心区,near->core,1,1,0,False,True,True
694,1/29/2018 19:00,近港区,外围区,near->outer,1,1,0,True,True,True
695,1/29/2018 19:00,外围区,核心区,outer->core,0,0,0,False,True,True
696,1/29/2018 19:00,外围区,近港区,outer->near,0,0,0,False,True,True
697,1/29/2018 20:00,核心区,近港区,core->near,1,1,0,False,True,True
698,1/29/2018 20:00,核心区,外围区,core->outer,0,0,0,False,True,True
699,1/29/2018 20:00,近港区,核心区,near->core,1,1,0,False,True,True
700,1/29/2018 20:00,近港区,外围区,near->outer,0,0,0,True,True,True
701,1/29/2018 20:00,外围区,核心区,outer->core,0,0,0,False,True,True
702,1/29/2018 20:00,外围区,近港区,outer->near,0,0,0,False,True,True
703,1/29/2018 21:00,核心区,近港区,core->near,1,1,0,False,True,True
704,1/29/2018 21:00,核心区,外围区,core->outer,0,0,0,False,True,True
705,1/29/2018 21:00,近港区,核心区,near->core,1,1,0,False,True,True
706,1/29/2018 21:00,近港区,外围区,near->outer,0,0,0,True,True,True
707,1/29/2018 21:00,外围区,核心区,outer->core,0,0,0,False,True,True
708,1/29/2018 21:00,外围区,近港区,outer->near,0,0,0,False,True,True
709,1/29/2018 22:00,核心区,近港区,core->near,1,1,0,False,True,True
710,1/29/2018 22:00,核心区,外围区,core->outer,0,0,0,False,True,True
711,1/29/2018 22:00,近港区,核心区,near->core,1,1,0,False,True,True
712,1/29/2018 22:00,近港区,外围区,near->outer,0,0,0,True,True,True
713,1/29/2018 22:00,外围区,核心区,outer->core,0,0,0,False,True,True
714,1/29/2018 22:00,外围区,近港区,outer->near,0,0,0,False,True,True
715,1/29/2018 23:00,核心区,近港区,core->near,1,1,0,False,True,True
716,1/29/2018 23:00,核心区,外围区,core->outer,0,0,0,False,True,True
717,1/29/2018 23:00,近港区,核心区,near->core,1,1,0,False,True,True
718,1/29/2018 23:00,近港区,外围区,near->outer,0,0,0,True,True,True
719,1/29/2018 23:00,外围区,核心区,outer->core,0,0,0,False,True,True
720,1/29/2018 23:00,外围区,近港区,outer->near,0,0,0,False,True,True
721,1/30/2018 0:00,核心区,近港区,core->near,0,0,0,False,True,True
722,1/30/2018 0:00,核心区,外围区,core->outer,0,0,0,False,True,True
723,1/30/2018 0:00,近港区,核心区,near->core,1,1,0,False,True,True
724,1/30/2018 0:00,近港区,外围区,near->outer,0,0,0,True,True,True
725,1/30/2018 0:00,外围区,核心区,outer->core,0,0,0,False,True,True
726,1/30/2018 0:00,外围区,近港区,outer->near,0,0,0,False,True,True
727,1/30/2018 1:00,核心区,近港区,core->near,1,1,0,False,True,True
728,1/30/2018 1:00,核心区,外围区,core->outer,0,0,0,False,True,True
729,1/30/2018 1:00,近港区,核心区,near->core,0,0,0,False,True,True
730,1/30/2018 1:00,近港区,外围区,near->outer,0,0,0,True,True,True
731,1/30/2018 1:00,外围区,核心区,outer->core,0,0,0,False,True,True
732,1/30/2018 1:00,外围区,近港区,outer->near,0,0,0,False,True,True
733,1/30/2018 2:00,核心区,近港区,core->near,1,1,0,False,True,True
734,1/30/2018 2:00,核心区,外围区,core->outer,0,0,0,False,True,True
735,1/30/2018 2:00,近港区,核心区,near->core,1,1,0,False,True,True
736,1/30/2018 2:00,近港区,外围区,near->outer,0,0,0,True,True,True
737,1/30/2018 2:00,外围区,核心区,outer->core,0,0,0,False,True,True
738,1/30/2018 2:00,外围区,近港区,outer->near,0,0,0,False,True,True
739,1/30/2018 3:00,核心区,近港区,core->near,1,1,0,False,True,True
740,1/30/2018 3:00,核心区,外围区,core->outer,0,0,0,False,True,True
741,1/30/2018 3:00,近港区,核心区,near->core,1,1,0,False,True,True
742,1/30/2018 3:00,近港区,外围区,near->outer,0,0,0,True,True,True
743,1/30/2018 3:00,外围区,核心区,outer->core,0,0,0,False,True,True
744,1/30/2018 3:00,外围区,近港区,outer->near,0,0,0,False,True,True
745,1/30/2018 4:00,核心区,近港区,core->near,0,0,0,False,True,True
746,1/30/2018 4:00,核心区,外围区,core->outer,0,0,0,False,True,True
747,1/30/2018 4:00,近港区,核心区,near->core,1,1,0,False,True,True
748,1/30/2018 4:00,近港区,外围区,near->outer,0,0,0,True,True,True
749,1/30/2018 4:00,外围区,核心区,outer->core,0,0,0,False,True,True
750,1/30/2018 4:00,外围区,近港区,outer->near,0,0,0,False,True,True
751,1/30/2018 5:00,核心区,近港区,core->near,0,0,0,False,True,True
752,1/30/2018 5:00,核心区,外围区,core->outer,0,0,0,False,True,True
753,1/30/2018 5:00,近港区,核心区,near->core,1,1,0,False,True,True
754,1/30/2018 5:00,近港区,外围区,near->outer,0,0,0,True,True,True
755,1/30/2018 5:00,外围区,核心区,outer->core,0,0,0,False,True,True
756,1/30/2018 5:00,外围区,近港区,outer->near,1,1,0,False,True,True
757,1/30/2018 6:00,核心区,近港区,core->near,2,2,0,False,True,True
758,1/30/2018 6:00,核心区,外围区,core->outer,1,1,0,False,True,True
759,1/30/2018 6:00,近港区,核心区,near->core,1,1,0,False,True,True
760,1/30/2018 6:00,近港区,外围区,near->outer,0,0,0,True,True,True
761,1/30/2018 6:00,外围区,核心区,outer->core,0,0,0,False,True,True
762,1/30/2018 6:00,外围区,近港区,outer->near,0,0,0,False,True,True
763,1/30/2018 7:00,核心区,近港区,core->near,1,1,0,False,True,True
764,1/30/2018 7:00,核心区,外围区,core->outer,0,0,0,False,True,True
765,1/30/2018 7:00,近港区,核心区,near->core,1,1,0,False,True,True
766,1/30/2018 7:00,近港区,外围区,near->outer,0,1,1,True,True,True
767,1/30/2018 7:00,外围区,核心区,outer->core,0,0,0,False,True,True
768,1/30/2018 7:00,外围区,近港区,outer->near,1,1,0,False,True,True
769,1/30/2018 8:00,核心区,近港区,core->near,1,1,0,False,True,True
770,1/30/2018 8:00,核心区,外围区,core->outer,0,0,0,False,True,True
771,1/30/2018 8:00,近港区,核心区,near->core,1,1,0,False,True,True
772,1/30/2018 8:00,近港区,外围区,near->outer,1,1,0,True,True,True
773,1/30/2018 8:00,外围区,核心区,outer->core,0,0,0,False,True,True
774,1/30/2018 8:00,外围区,近港区,outer->near,0,0,0,False,True,True
775,1/30/2018 9:00,核心区,近港区,core->near,1,1,0,False,True,True
776,1/30/2018 9:00,核心区,外围区,core->outer,0,0,0,False,True,True
777,1/30/2018 9:00,近港区,核心区,near->core,1,1,0,False,True,True
778,1/30/2018 9:00,近港区,外围区,near->outer,0,1,1,True,True,True
779,1/30/2018 9:00,外围区,核心区,outer->core,0,0,0,False,True,True
780,1/30/2018 9:00,外围区,近港区,outer->near,1,1,0,False,True,True
781,1/30/2018 10:00,核心区,近港区,core->near,2,2,0,False,True,True
782,1/30/2018 10:00,核心区,外围区,core->outer,0,0,0,False,True,True
783,1/30/2018 10:00,近港区,核心区,near->core,1,1,0,False,True,True
784,1/30/2018 10:00,近港区,外围区,near->outer,0,1,1,True,True,True
785,1/30/2018 10:00,外围区,核心区,outer->core,0,0,0,False,True,True
786,1/30/2018 10:00,外围区,近港区,outer->near,1,1,0,False,True,True
787,1/30/2018 11:00,核心区,近港区,core->near,1,1,0,False,True,True
788,1/30/2018 11:00,核心区,外围区,core->outer,0,0,0,False,True,True
789,1/30/2018 11:00,近港区,核心区,near->core,1,1,0,False,True,True
790,1/30/2018 11:00,近港区,外围区,near->outer,1,1,0,True,True,True
791,1/30/2018 11:00,外围区,核心区,outer->core,0,0,0,False,True,True
792,1/30/2018 11:00,外围区,近港区,outer->near,0,0,0,False,True,True
793,1/30/2018 12:00,核心区,近港区,core->near,1,1,0,False,True,True
794,1/30/2018 12:00,核心区,外围区,core->outer,0,0,0,False,True,True
795,1/30/2018 12:00,近港区,核心区,near->core,1,1,0,False,True,True
796,1/30/2018 12:00,近港区,外围区,near->outer,0,0,0,True,True,True
797,1/30/2018 12:00,外围区,核心区,outer->core,0,0,0,False,True,True
798,1/30/2018 12:00,外围区,近港区,outer->near,0,0,0,False,True,True
799,1/30/2018 13:00,核心区,近港区,core->near,1,1,0,False,True,True
800,1/30/2018 13:00,核心区,外围区,core->outer,0,0,0,False,True,True
801,1/30/2018 13:00,近港区,核心区,near->core,1,1,0,False,True,True
802,1/30/2018 13:00,近港区,外围区,near->outer,0,0,0,True,True,True
803,1/30/2018 13:00,外围区,核心区,outer->core,0,0,0,False,True,True
804,1/30/2018 13:00,外围区,近港区,outer->near,1,1,0,False,True,True
805,1/30/2018 14:00,核心区,近港区,core->near,2,2,0,False,True,True
806,1/30/2018 14:00,核心区,外围区,core->outer,0,0,0,False,True,True
807,1/30/2018 14:00,近港区,核心区,near->core,1,1,0,False,True,True
808,1/30/2018 14:00,近港区,外围区,near->outer,0,0,0,True,True,True
809,1/30/2018 14:00,外围区,核心区,outer->core,0,0,0,False,True,True
810,1/30/2018 14:00,外围区,近港区,outer->near,0,0,0,False,True,True
811,1/30/2018 15:00,核心区,近港区,core->near,1,1,0,False,True,True
812,1/30/2018 15:00,核心区,外围区,core->outer,0,0,0,False,True,True
813,1/30/2018 15:00,近港区,核心区,near->core,2,2,0,False,True,True
814,1/30/2018 15:00,近港区,外围区,near->outer,0,0,0,True,True,True
815,1/30/2018 15:00,外围区,核心区,outer->core,0,0,0,False,True,True
816,1/30/2018 15:00,外围区,近港区,outer->near,0,0,0,False,True,True
817,1/30/2018 16:00,核心区,近港区,core->near,1,1,0,False,True,True
818,1/30/2018 16:00,核心区,外围区,core->outer,0,0,0,False,True,True
819,1/30/2018 16:00,近港区,核心区,near->core,1,1,0,False,True,True
820,1/30/2018 16:00,近港区,外围区,near->outer,0,0,0,True,True,True
821,1/30/2018 16:00,外围区,核心区,outer->core,0,0,0,False,True,True
822,1/30/2018 16:00,外围区,近港区,outer->near,0,0,0,False,True,True
823,1/30/2018 17:00,核心区,近港区,core->near,1,1,0,False,True,True
824,1/30/2018 17:00,核心区,外围区,core->outer,0,0,0,False,True,True
825,1/30/2018 17:00,近港区,核心区,near->core,1,1,0,False,True,True
826,1/30/2018 17:00,近港区,外围区,near->outer,0,0,0,True,True,True
827,1/30/2018 17:00,外围区,核心区,outer->core,0,0,0,False,True,True
828,1/30/2018 17:00,外围区,近港区,outer->near,1,1,0,False,True,True
829,1/30/2018 18:00,核心区,近港区,core->near,2,2,0,False,True,True
830,1/30/2018 18:00,核心区,外围区,core->outer,0,0,0,False,True,True
831,1/30/2018 18:00,近港区,核心区,near->core,1,1,0,False,True,True
832,1/30/2018 18:00,近港区,外围区,near->outer,0,0,0,True,True,True
833,1/30/2018 18:00,外围区,核心区,outer->core,0,0,0,False,True,True
834,1/30/2018 18:00,外围区,近港区,outer->near,1,1,0,False,True,True
835,1/30/2018 19:00,核心区,近港区,core->near,1,1,0,False,True,True
836,1/30/2018 19:00,核心区,外围区,core->outer,0,0,0,False,True,True
837,1/30/2018 19:00,近港区,核心区,near->core,1,1,0,False,True,True
838,1/30/2018 19:00,近港区,外围区,near->outer,1,1,0,True,True,True
839,1/30/2018 19:00,外围区,核心区,outer->core,0,0,0,False,True,True
840,1/30/2018 19:00,外围区,近港区,outer->near,0,0,0,False,True,True
841,1/30/2018 20:00,核心区,近港区,core->near,1,1,0,False,True,True
842,1/30/2018 20:00,核心区,外围区,core->outer,0,0,0,False,True,True
843,1/30/2018 20:00,近港区,核心区,near->core,1,1,0,False,True,True
844,1/30/2018 20:00,近港区,外围区,near->outer,0,0,0,True,True,True
845,1/30/2018 20:00,外围区,核心区,outer->core,0,0,0,False,True,True
846,1/30/2018 20:00,外围区,近港区,outer->near,0,0,0,False,True,True
847,1/30/2018 21:00,核心区,近港区,core->near,1,1,0,False,True,True
848,1/30/2018 21:00,核心区,外围区,core->outer,0,0,0,False,True,True
849,1/30/2018 21:00,近港区,核心区,near->core,1,1,0,False,True,True
850,1/30/2018 21:00,近港区,外围区,near->outer,0,0,0,True,True,True
851,1/30/2018 21:00,外围区,核心区,outer->core,0,0,0,False,True,True
852,1/30/2018 21:00,外围区,近港区,outer->near,0,0,0,False,True,True
853,1/30/2018 22:00,核心区,近港区,core->near,1,1,0,False,True,True
854,1/30/2018 22:00,核心区,外围区,core->outer,0,0,0,False,True,True
855,1/30/2018 22:00,近港区,核心区,near->core,1,1,0,False,True,True
856,1/30/2018 22:00,近港区,外围区,near->outer,0,0,0,True,True,True
857,1/30/2018 22:00,外围区,核心区,outer->core,0,0,0,False,True,True
858,1/30/2018 22:00,外围区,近港区,outer->near,0,0,0,False,True,True
859,1/30/2018 23:00,核心区,近港区,core->near,1,1,0,False,True,True
860,1/30/2018 23:00,核心区,外围区,core->outer,0,0,0,False,True,True
861,1/30/2018 23:00,近港区,核心区,near->core,1,1,0,False,True,True
862,1/30/2018 23:00,近港区,外围区,near->outer,0,0,0,True,True,True
863,1/30/2018 23:00,外围区,核心区,outer->core,0,0,0,False,True,True
864,1/30/2018 23:00,外围区,近港区,outer->near,0,0,0,False,True,True
865,1/31/2018 0:00,核心区,近港区,core->near,0,0,0,False,True,True
866,1/31/2018 0:00,核心区,外围区,core->outer,0,0,0,False,True,True
867,1/31/2018 0:00,近港区,核心区,near->core,1,1,0,False,True,True
868,1/31/2018 0:00,近港区,外围区,near->outer,0,0,0,True,True,True
869,1/31/2018 0:00,外围区,核心区,outer->core,0,0,0,False,True,True
870,1/31/2018 0:00,外围区,近港区,outer->near,0,0,0,False,True,True
871,1/31/2018 1:00,核心区,近港区,core->near,1,1,0,False,True,True
872,1/31/2018 1:00,核心区,外围区,core->outer,0,0,0,False,True,True
873,1/31/2018 1:00,近港区,核心区,near->core,0,0,0,False,True,True
874,1/31/2018 1:00,近港区,外围区,near->outer,0,0,0,True,True,True
875,1/31/2018 1:00,外围区,核心区,outer->core,0,0,0,False,True,True
876,1/31/2018 1:00,外围区,近港区,outer->near,0,0,0,False,True,True
877,1/31/2018 2:00,核心区,近港区,core->near,1,1,0,False,True,True
878,1/31/2018 2:00,核心区,外围区,core->outer,0,0,0,False,True,True
879,1/31/2018 2:00,近港区,核心区,near->core,1,1,0,False,True,True
880,1/31/2018 2:00,近港区,外围区,near->outer,0,0,0,True,True,True
881,1/31/2018 2:00,外围区,核心区,outer->core,0,0,0,False,True,True
882,1/31/2018 2:00,外围区,近港区,outer->near,0,0,0,False,True,True
883,1/31/2018 3:00,核心区,近港区,core->near,1,1,0,False,True,True
884,1/31/2018 3:00,核心区,外围区,core->outer,0,0,0,False,True,True
885,1/31/2018 3:00,近港区,核心区,near->core,1,1,0,False,True,True
886,1/31/2018 3:00,近港区,外围区,near->outer,0,0,0,True,True,True
887,1/31/2018 3:00,外围区,核心区,outer->core,0,0,0,False,True,True
888,1/31/2018 3:00,外围区,近港区,outer->near,0,0,0,False,True,True
889,1/31/2018 4:00,核心区,近港区,core->near,0,0,0,False,True,True
890,1/31/2018 4:00,核心区,外围区,core->outer,0,0,0,False,True,True
891,1/31/2018 4:00,近港区,核心区,near->core,1,1,0,False,True,True
892,1/31/2018 4:00,近港区,外围区,near->outer,0,0,0,True,True,True
893,1/31/2018 4:00,外围区,核心区,outer->core,0,0,0,False,True,True
894,1/31/2018 4:00,外围区,近港区,outer->near,0,0,0,False,True,True
895,1/31/2018 5:00,核心区,近港区,core->near,0,0,0,False,True,True
896,1/31/2018 5:00,核心区,外围区,core->outer,0,0,0,False,True,True
897,1/31/2018 5:00,近港区,核心区,near->core,1,1,0,False,True,True
898,1/31/2018 5:00,近港区,外围区,near->outer,0,0,0,True,True,True
899,1/31/2018 5:00,外围区,核心区,outer->core,0,0,0,False,True,True
900,1/31/2018 5:00,外围区,近港区,outer->near,1,1,0,False,True,True
901,1/31/2018 6:00,核心区,近港区,core->near,2,2,0,False,True,True
902,1/31/2018 6:00,核心区,外围区,core->outer,1,1,0,False,True,True
903,1/31/2018 6:00,近港区,核心区,near->core,1,1,0,False,True,True
904,1/31/2018 6:00,近港区,外围区,near->outer,0,0,0,True,True,True
905,1/31/2018 6:00,外围区,核心区,outer->core,0,0,0,False,True,True
906,1/31/2018 6:00,外围区,近港区,outer->near,0,0,0,False,True,True
907,1/31/2018 7:00,核心区,近港区,core->near,1,1,0,False,True,True
908,1/31/2018 7:00,核心区,外围区,core->outer,0,0,0,False,True,True
909,1/31/2018 7:00,近港区,核心区,near->core,1,1,0,False,True,True
910,1/31/2018 7:00,近港区,外围区,near->outer,0,1,1,True,True,True
911,1/31/2018 7:00,外围区,核心区,outer->core,0,0,0,False,True,True
912,1/31/2018 7:00,外围区,近港区,outer->near,1,1,0,False,True,True
913,1/31/2018 8:00,核心区,近港区,core->near,1,1,0,False,True,True
914,1/31/2018 8:00,核心区,外围区,core->outer,0,0,0,False,True,True
915,1/31/2018 8:00,近港区,核心区,near->core,1,1,0,False,True,True
916,1/31/2018 8:00,近港区,外围区,near->outer,1,1,0,True,True,True
917,1/31/2018 8:00,外围区,核心区,outer->core,0,0,0,False,True,True
918,1/31/2018 8:00,外围区,近港区,outer->near,0,0,0,False,True,True
919,1/31/2018 9:00,核心区,近港区,core->near,1,1,0,False,True,True
920,1/31/2018 9:00,核心区,外围区,core->outer,0,0,0,False,True,True
921,1/31/2018 9:00,近港区,核心区,near->core,1,1,0,False,True,True
922,1/31/2018 9:00,近港区,外围区,near->outer,0,1,1,True,True,True
923,1/31/2018 9:00,外围区,核心区,outer->core,0,0,0,False,True,True
924,1/31/2018 9:00,外围区,近港区,outer->near,1,1,0,False,True,True
925,1/31/2018 10:00,核心区,近港区,core->near,2,2,0,False,True,True
926,1/31/2018 10:00,核心区,外围区,core->outer,0,0,0,False,True,True
927,1/31/2018 10:00,近港区,核心区,near->core,1,1,0,False,True,True
928,1/31/2018 10:00,近港区,外围区,near->outer,0,1,1,True,True,True
929,1/31/2018 10:00,外围区,核心区,outer->core,0,0,0,False,True,True
930,1/31/2018 10:00,外围区,近港区,outer->near,1,1,0,False,True,True
931,1/31/2018 11:00,核心区,近港区,core->near,1,1,0,False,True,True
932,1/31/2018 11:00,核心区,外围区,core->outer,0,0,0,False,True,True
933,1/31/2018 11:00,近港区,核心区,near->core,1,1,0,False,True,True
934,1/31/2018 11:00,近港区,外围区,near->outer,1,1,0,True,True,True
935,1/31/2018 11:00,外围区,核心区,outer->core,0,0,0,False,True,True
936,1/31/2018 11:00,外围区,近港区,outer->near,0,0,0,False,True,True
937,1/31/2018 12:00,核心区,近港区,core->near,1,1,0,False,True,True
938,1/31/2018 12:00,核心区,外围区,core->outer,0,0,0,False,True,True
939,1/31/2018 12:00,近港区,核心区,near->core,1,1,0,False,True,True
940,1/31/2018 12:00,近港区,外围区,near->outer,0,0,0,True,True,True
941,1/31/2018 12:00,外围区,核心区,outer->core,0,0,0,False,True,True
942,1/31/2018 12:00,外围区,近港区,outer->near,0,0,0,False,True,True
943,1/31/2018 13:00,核心区,近港区,core->near,1,1,0,False,True,True
944,1/31/2018 13:00,核心区,外围区,core->outer,0,0,0,False,True,True
945,1/31/2018 13:00,近港区,核心区,near->core,1,1,0,False,True,True
946,1/31/2018 13:00,近港区,外围区,near->outer,0,0,0,True,True,True
947,1/31/2018 13:00,外围区,核心区,outer->core,0,0,0,False,True,True
948,1/31/2018 13:00,外围区,近港区,outer->near,1,1,0,False,True,True
949,1/31/2018 14:00,核心区,近港区,core->near,2,2,0,False,True,True
950,1/31/2018 14:00,核心区,外围区,core->outer,0,0,0,False,True,True
951,1/31/2018 14:00,近港区,核心区,near->core,1,1,0,False,True,True
952,1/31/2018 14:00,近港区,外围区,near->outer,0,0,0,True,True,True
953,1/31/2018 14:00,外围区,核心区,outer->core,0,0,0,False,True,True
954,1/31/2018 14:00,外围区,近港区,outer->near,0,0,0,False,True,True
955,1/31/2018 15:00,核心区,近港区,core->near,1,1,0,False,True,True
956,1/31/2018 15:00,核心区,外围区,core->outer,0,0,0,False,True,True
957,1/31/2018 15:00,近港区,核心区,near->core,2,2,0,False,True,True
958,1/31/2018 15:00,近港区,外围区,near->outer,0,0,0,True,True,True
959,1/31/2018 15:00,外围区,核心区,outer->core,0,0,0,False,True,True
960,1/31/2018 15:00,外围区,近港区,outer->near,0,0,0,False,True,True
961,1/31/2018 16:00,核心区,近港区,core->near,1,1,0,False,True,True
962,1/31/2018 16:00,核心区,外围区,core->outer,0,0,0,False,True,True
963,1/31/2018 16:00,近港区,核心区,near->core,1,1,0,False,True,True
964,1/31/2018 16:00,近港区,外围区,near->outer,0,0,0,True,True,True
965,1/31/2018 16:00,外围区,核心区,outer->core,0,0,0,False,True,True
966,1/31/2018 16:00,外围区,近港区,outer->near,0,0,0,False,True,True
967,1/31/2018 17:00,核心区,近港区,core->near,1,1,0,False,True,True
968,1/31/2018 17:00,核心区,外围区,core->outer,0,0,0,False,True,True
969,1/31/2018 17:00,近港区,核心区,near->core,1,1,0,False,True,True
970,1/31/2018 17:00,近港区,外围区,near->outer,0,0,0,True,True,True
971,1/31/2018 17:00,外围区,核心区,outer->core,0,0,0,False,True,True
972,1/31/2018 17:00,外围区,近港区,outer->near,1,1,0,False,True,True
973,1/31/2018 18:00,核心区,近港区,core->near,2,2,0,False,True,True
974,1/31/2018 18:00,核心区,外围区,core->outer,0,0,0,False,True,True
975,1/31/2018 18:00,近港区,核心区,near->core,1,1,0,False,True,True
976,1/31/2018 18:00,近港区,外围区,near->outer,0,0,0,True,True,True
977,1/31/2018 18:00,外围区,核心区,outer->core,0,0,0,False,True,True
978,1/31/2018 18:00,外围区,近港区,outer->near,1,1,0,False,True,True
979,1/31/2018 19:00,核心区,近港区,core->near,1,1,0,False,True,True
980,1/31/2018 19:00,核心区,外围区,core->outer,0,0,0,False,True,True
981,1/31/2018 19:00,近港区,核心区,near->core,1,1,0,False,True,True
982,1/31/2018 19:00,近港区,外围区,near->outer,1,1,0,True,True,True
983,1/31/2018 19:00,外围区,核心区,outer->core,0,0,0,False,True,True
984,1/31/2018 19:00,外围区,近港区,outer->near,0,0,0,False,True,True
985,1/31/2018 20:00,核心区,近港区,core->near,1,1,0,False,True,True
986,1/31/2018 20:00,核心区,外围区,core->outer,0,0,0,False,True,True
987,1/31/2018 20:00,近港区,核心区,near->core,1,1,0,False,True,True
988,1/31/2018 20:00,近港区,外围区,near->outer,0,0,0,True,True,True
989,1/31/2018 20:00,外围区,核心区,outer->core,0,0,0,False,True,True
990,1/31/2018 20:00,外围区,近港区,outer->near,0,0,0,False,True,True
991,1/31/2018 21:00,核心区,近港区,core->near,1,1,0,False,True,True
992,1/31/2018 21:00,核心区,外围区,core->outer,0,0,0,False,True,True
993,1/31/2018 21:00,近港区,核心区,near->core,1,1,0,False,True,True
994,1/31/2018 21:00,近港区,外围区,near->outer,0,0,0,True,True,True
995,1/31/2018 21:00,外围区,核心区,outer->core,0,0,0,False,True,True
996,1/31/2018 21:00,外围区,近港区,outer->near,0,0,0,False,True,True
997,1/31/2018 22:00,核心区,近港区,core->near,1,1,0,False,True,True
998,1/31/2018 22:00,核心区,外围区,core->outer,0,0,0,False,True,True
999,1/31/2018 22:00,近港区,核心区,near->core,1,1,0,False,True,True
1000,1/31/2018 22:00,近港区,外围区,near->outer,0,0,0,True,True,True
1001,1/31/2018 22:00,外围区,核心区,outer->core,0,0,0,False,True,True
1002,1/31/2018 22:00,外围区,近港区,outer->near,0,0,0,False,True,True
1003,1/31/2018 23:00,核心区,近港区,core->near,1,1,0,False,True,True
1004,1/31/2018 23:00,核心区,外围区,core->outer,0,0,0,False,True,True
1005,1/31/2018 23:00,近港区,核心区,near->core,1,1,0,False,True,True
1006,1/31/2018 23:00,近港区,外围区,near->outer,0,0,0,True,True,True
1007,1/31/2018 23:00,外围区,核心区,outer->core,0,0,0,False,True,True
1008,1/31/2018 23:00,外围区,近港区,outer->near,0,0,0,False,True,True
