evaluation_id,evaluation_type,method,task_key,pair,direction_role,n_scored_rows,actual_total,predicted_total,sse_float,sse_rounded,mse_rounded,mae_rounded,mean_bias_rounded,zero_true_rate,zero_prediction_rate
fold_01,rolling_7d,circular3_independent,core->near,core_near,forward,168,187.0,168.0,345.36958333333337,375.0,2.232142857142857,1.0892857142857142,-0.1130952380952381,0.5238095238095238,0.125
fold_01,rolling_7d,circular3_independent,core->outer,core_outer,forward,168,35.0,14.0,42.916296296296295,45.0,0.26785714285714285,0.20833333333333334,-0.125,0.8452380952380952,0.9166666666666666
fold_01,rolling_7d,circular3_independent,near->core,core_near,reverse,168,180.0,182.0,279.2489351851852,308.0,1.8333333333333333,1.0,0.011904761904761904,0.4583333333333333,0.041666666666666664
fold_01,rolling_7d,circular3_independent,near->outer,near_outer,forward,168,59.0,28.0,114.42587962962965,125.0,0.7440476190476191,0.39880952380952384,-0.18452380952380953,0.7916666666666666,0.8333333333333334
fold_01,rolling_7d,circular3_independent,outer->core,core_outer,reverse,168,33.0,0.0,43.81754629629629,51.0,0.30357142857142855,0.19642857142857142,-0.19642857142857142,0.8571428571428571,1.0
fold_01,rolling_7d,circular3_independent,outer->near,near_outer,reverse,168,65.0,70.0,87.0675,103.0,0.6130952380952381,0.49404761904761907,0.02976190476190476,0.7261904761904762,0.5833333333333334
fold_01,rolling_7d,pair_default_independent,core->near,core_near,forward,168,187.0,175.0,340.055956471105,362.0,2.1547619047619047,1.0714285714285714,-0.07142857142857142,0.5238095238095238,0.08333333333333333
fold_01,rolling_7d,pair_default_independent,core->outer,core_outer,forward,168,35.0,7.0,44.75816794233335,50.0,0.2976190476190476,0.21428571428571427,-0.16666666666666666,0.8452380952380952,0.9583333333333334
fold_01,rolling_7d,pair_default_independent,near->core,core_near,reverse,168,180.0,189.0,291.43885964179486,301.0,1.7916666666666667,0.9940476190476191,0.05357142857142857,0.4583333333333333,0.041666666666666664
fold_01,rolling_7d,pair_default_independent,near->outer,near_outer,forward,168,59.0,42.0,115.59546276336552,129.0,0.7678571428571429,0.4583333333333333,-0.10119047619047619,0.7916666666666666,0.75
fold_01,rolling_7d,pair_default_independent,outer->core,core_outer,reverse,168,33.0,0.0,44.16917902498406,51.0,0.30357142857142855,0.19642857142857142,-0.19642857142857142,0.8571428571428571,1.0
fold_01,rolling_7d,pair_default_independent,outer->near,near_outer,reverse,168,65.0,70.0,86.75540059934582,97.0,0.5773809523809523,0.4583333333333333,0.02976190476190476,0.7261904761904762,0.5833333333333334
fold_01,rolling_7d,pair_default_hierarchical,core->near,core_near,forward,168,187.0,175.0,340.055956471105,330.0,1.9642857142857142,1.0,-0.07142857142857142,0.5238095238095238,0.16666666666666666
fold_01,rolling_7d,pair_default_hierarchical,core->outer,core_outer,forward,168,35.0,49.0,44.75816794233335,68.0,0.40476190476190477,0.35714285714285715,0.08333333333333333,0.8452380952380952,0.7083333333333334
fold_01,rolling_7d,pair_default_hierarchical,near->core,core_near,reverse,168,180.0,175.0,291.43885964179486,309.0,1.8392857142857142,0.9821428571428571,-0.02976190476190476,0.4583333333333333,0.08333333333333333
fold_01,rolling_7d,pair_default_hierarchical,near->outer,near_outer,forward,168,59.0,35.0,115.59546276336552,136.0,0.8095238095238095,0.44047619047619047,-0.14285714285714285,0.7916666666666666,0.7916666666666666
fold_01,rolling_7d,pair_default_hierarchical,outer->core,core_outer,reverse,168,33.0,14.0,44.16917902498406,57.0,0.3392857142857143,0.24404761904761904,-0.1130952380952381,0.8571428571428571,0.9166666666666666
fold_01,rolling_7d,pair_default_hierarchical,outer->near,near_outer,reverse,168,65.0,105.0,86.75540059934582,118.0,0.7023809523809523,0.5833333333333334,0.23809523809523808,0.7261904761904762,0.375
fold_01,rolling_7d,pair_global_cv_independent,core->near,core_near,forward,168,187.0,182.0,346.7742381863179,369.0,2.1964285714285716,1.1011904761904763,-0.02976190476190476,0.5238095238095238,0.08333333333333333
fold_01,rolling_7d,pair_global_cv_independent,core->outer,core_outer,forward,168,35.0,0.0,45.6294916546922,57.0,0.3392857142857143,0.20833333333333334,-0.20833333333333334,0.8452380952380952,1.0
fold_01,rolling_7d,pair_global_cv_independent,near->core,core_near,reverse,168,180.0,175.0,290.1112358128688,317.0,1.8869047619047619,0.9940476190476191,-0.02976190476190476,0.4583333333333333,0.08333333333333333
fold_01,rolling_7d,pair_global_cv_independent,near->outer,near_outer,forward,168,59.0,28.0,117.11394641357302,125.0,0.7440476190476191,0.39880952380952384,-0.18452380952380953,0.7916666666666666,0.8333333333333334
fold_01,rolling_7d,pair_global_cv_independent,outer->core,core_outer,reverse,168,33.0,0.0,44.65354160301661,51.0,0.30357142857142855,0.19642857142857142,-0.19642857142857142,0.8571428571428571,1.0
fold_01,rolling_7d,pair_global_cv_independent,outer->near,near_outer,reverse,168,65.0,56.0,87.18004736910302,101.0,0.6011904761904762,0.44642857142857145,-0.05357142857142857,0.7261904761904762,0.6666666666666666
fold_01,rolling_7d,pair_global_cv_hierarchical,core->near,core_near,forward,168,187.0,175.0,346.7742381863179,324.0,1.9285714285714286,1.0119047619047619,-0.07142857142857142,0.5238095238095238,0.125
fold_01,rolling_7d,pair_global_cv_hierarchical,core->outer,core_outer,forward,168,35.0,56.0,45.6294916546922,71.0,0.4226190476190476,0.375,0.125,0.8452380952380952,0.6666666666666666
fold_01,rolling_7d,pair_global_cv_hierarchical,near->core,core_near,reverse,168,180.0,189.0,290.1112358128688,289.0,1.7202380952380953,0.9940476190476191,0.05357142857142857,0.4583333333333333,0.041666666666666664
fold_01,rolling_7d,pair_global_cv_hierarchical,near->outer,near_outer,forward,168,59.0,28.0,117.11394641357302,129.0,0.7678571428571429,0.39880952380952384,-0.18452380952380953,0.7916666666666666,0.8333333333333334
fold_01,rolling_7d,pair_global_cv_hierarchical,outer->core,core_outer,reverse,168,33.0,0.0,44.65354160301661,51.0,0.30357142857142855,0.19642857142857142,-0.19642857142857142,0.8571428571428571,1.0
fold_01,rolling_7d,pair_global_cv_hierarchical,outer->near,near_outer,reverse,168,65.0,98.0,87.18004736910302,115.0,0.6845238095238095,0.5535714285714286,0.19642857142857142,0.7261904761904762,0.4166666666666667
fold_01,rolling_7d,pair_bypair_cv_independent,core->near,core_near,forward,168,187.0,175.0,348.36021568371245,362.0,2.1547619047619047,1.0714285714285714,-0.07142857142857142,0.5238095238095238,0.08333333333333333
fold_01,rolling_7d,pair_bypair_cv_independent,core->outer,core_outer,forward,168,35.0,21.0,43.431615599816624,46.0,0.27380952380952384,0.2261904761904762,-0.08333333333333333,0.8452380952380952,0.875
fold_01,rolling_7d,pair_bypair_cv_independent,near->core,core_near,reverse,168,180.0,175.0,289.16965992041173,317.0,1.8869047619047619,0.9940476190476191,-0.02976190476190476,0.4583333333333333,0.08333333333333333
fold_01,rolling_7d,pair_bypair_cv_independent,near->outer,near_outer,forward,168,59.0,35.0,115.8851046702031,132.0,0.7857142857142857,0.44047619047619047,-0.14285714285714285,0.7916666666666666,0.7916666666666666
fold_01,rolling_7d,pair_bypair_cv_independent,outer->core,core_outer,reverse,168,33.0,0.0,42.58503515693988,51.0,0.30357142857142855,0.19642857142857142,-0.19642857142857142,0.8571428571428571,1.0
fold_01,rolling_7d,pair_bypair_cv_independent,outer->near,near_outer,reverse,168,65.0,56.0,86.24890682066865,103.0,0.6130952380952381,0.4583333333333333,-0.05357142857142857,0.7261904761904762,0.6666666666666666
fold_01,rolling_7d,pair_bypair_cv_hierarchical,core->near,core_near,forward,168,187.0,168.0,348.36021568371245,329.0,1.9583333333333333,0.9940476190476191,-0.1130952380952381,0.5238095238095238,0.16666666666666666
fold_01,rolling_7d,pair_bypair_cv_hierarchical,core->outer,core_outer,forward,168,35.0,35.0,43.35200923884835,56.0,0.3333333333333333,0.2857142857142857,0.0,0.8452380952380952,0.7916666666666666
fold_01,rolling_7d,pair_bypair_cv_hierarchical,near->core,core_near,reverse,168,180.0,182.0,289.16965992041173,290.0,1.7261904761904763,0.9761904761904762,0.011904761904761904,0.4583333333333333,0.08333333333333333
fold_01,rolling_7d,pair_bypair_cv_hierarchical,near->outer,near_outer,forward,168,59.0,28.0,117.11394641357302,129.0,0.7678571428571429,0.39880952380952384,-0.18452380952380953,0.7916666666666666,0.8333333333333334
fold_01,rolling_7d,pair_bypair_cv_hierarchical,outer->core,core_outer,reverse,168,33.0,28.0,44.37772474709197,53.0,0.31547619047619047,0.26785714285714285,-0.02976190476190476,0.8571428571428571,0.8333333333333334
fold_01,rolling_7d,pair_bypair_cv_hierarchical,outer->near,near_outer,reverse,168,65.0,98.0,87.18004736910302,115.0,0.6845238095238095,0.5535714285714286,0.19642857142857142,0.7261904761904762,0.4166666666666667
fold_02,rolling_7d,circular3_independent,core->near,core_near,forward,168,192.0,175.0,355.9425516528926,373.0,2.2202380952380953,1.125,-0.10119047619047619,0.5357142857142857,0.125
fold_02,rolling_7d,circular3_independent,core->outer,core_outer,forward,168,33.0,14.0,41.38410123966942,45.0,0.26785714285714285,0.20833333333333334,-0.1130952380952381,0.8511904761904762,0.9166666666666666
fold_02,rolling_7d,circular3_independent,near->core,core_near,reverse,168,184.0,189.0,275.7934297520661,295.0,1.755952380952381,1.0297619047619047,0.02976190476190476,0.4642857142857143,0.041666666666666664
fold_02,rolling_7d,circular3_independent,near->outer,near_outer,forward,168,57.0,35.0,108.13165289256197,114.0,0.6785714285714286,0.36904761904761907,-0.13095238095238096,0.7916666666666666,0.7916666666666666
fold_02,rolling_7d,circular3_independent,outer->core,core_outer,reverse,168,32.0,0.0,43.49756198347107,50.0,0.2976190476190476,0.19047619047619047,-0.19047619047619047,0.8630952380952381,1.0
fold_02,rolling_7d,circular3_independent,outer->near,near_outer,reverse,168,63.0,63.0,78.58967975206612,90.0,0.5357142857142857,0.4166666666666667,0.0,0.7202380952380952,0.625
fold_02,rolling_7d,pair_default_independent,core->near,core_near,forward,168,192.0,182.0,352.67144264393323,380.0,2.261904761904762,1.1666666666666667,-0.05952380952380952,0.5357142857142857,0.08333333333333333
fold_02,rolling_7d,pair_default_independent,core->outer,core_outer,forward,168,33.0,7.0,42.78279259139063,46.0,0.27380952380952384,0.20238095238095238,-0.15476190476190477,0.8511904761904762,0.9583333333333334
fold_02,rolling_7d,pair_default_independent,near->core,core_near,reverse,168,184.0,175.0,282.30041443864127,303.0,1.8035714285714286,1.0178571428571428,-0.05357142857142857,0.4642857142857143,0.08333333333333333
fold_02,rolling_7d,pair_default_independent,near->outer,near_outer,forward,168,57.0,35.0,108.87548614171575,124.0,0.7380952380952381,0.4166666666666667,-0.13095238095238096,0.7916666666666666,0.7916666666666666
fold_02,rolling_7d,pair_default_independent,outer->core,core_outer,reverse,168,32.0,0.0,43.126694497967286,50.0,0.2976190476190476,0.19047619047619047,-0.19047619047619047,0.8630952380952381,1.0
fold_02,rolling_7d,pair_default_independent,outer->near,near_outer,reverse,168,63.0,49.0,78.46247959601615,96.0,0.5714285714285714,0.4166666666666667,-0.08333333333333333,0.7202380952380952,0.7083333333333334
fold_02,rolling_7d,pair_default_hierarchical,core->near,core_near,forward,168,192.0,175.0,352.67144264393323,373.0,2.2202380952380953,1.1369047619047619,-0.10119047619047619,0.5357142857142857,0.08333333333333333
fold_02,rolling_7d,pair_default_hierarchical,core->outer,core_outer,forward,168,33.0,42.0,42.78279259139063,59.0,0.35119047619047616,0.30357142857142855,0.05357142857142857,0.8511904761904762,0.75
fold_02,rolling_7d,pair_default_hierarchical,near->core,core_near,reverse,168,184.0,189.0,282.30041443864127,283.0,1.6845238095238095,1.0178571428571428,0.02976190476190476,0.4642857142857143,0.041666666666666664
fold_02,rolling_7d,pair_default_hierarchical,near->outer,near_outer,forward,168,57.0,35.0,108.87548614171575,124.0,0.7380952380952381,0.40476190476190477,-0.13095238095238096,0.7916666666666666,0.7916666666666666
fold_02,rolling_7d,pair_default_hierarchical,outer->core,core_outer,reverse,168,32.0,21.0,43.126694497967286,57.0,0.3392857142857143,0.25595238095238093,-0.06547619047619048,0.8630952380952381,0.875
fold_02,rolling_7d,pair_default_hierarchical,outer->near,near_outer,reverse,168,63.0,91.0,78.46247959601615,104.0,0.6190476190476191,0.5119047619047619,0.16666666666666666,0.7202380952380952,0.4583333333333333
fold_02,rolling_7d,pair_global_cv_independent,core->near,core_near,forward,168,192.0,182.0,360.3691537853363,380.0,2.261904761904762,1.1666666666666667,-0.05952380952380952,0.5357142857142857,0.08333333333333333
fold_02,rolling_7d,pair_global_cv_independent,core->outer,core_outer,forward,168,33.0,0.0,43.42715796359256,53.0,0.31547619047619047,0.19642857142857142,-0.19642857142857142,0.8511904761904762,1.0
fold_02,rolling_7d,pair_global_cv_independent,near->core,core_near,reverse,168,184.0,175.0,282.386972377186,309.0,1.8392857142857142,1.0178571428571428,-0.05357142857142857,0.4642857142857143,0.08333333333333333
fold_02,rolling_7d,pair_global_cv_independent,near->outer,near_outer,forward,168,57.0,35.0,111.07884499994213,124.0,0.7380952380952381,0.4166666666666667,-0.13095238095238096,0.7916666666666666,0.7916666666666666
fold_02,rolling_7d,pair_global_cv_independent,outer->core,core_outer,reverse,168,32.0,0.0,43.598677845158804,50.0,0.2976190476190476,0.19047619047619047,-0.19047619047619047,0.8630952380952381,1.0
fold_02,rolling_7d,pair_global_cv_independent,outer->near,near_outer,reverse,168,63.0,49.0,78.62485952266664,94.0,0.5595238095238095,0.42857142857142855,-0.08333333333333333,0.7202380952380952,0.7083333333333334
fold_02,rolling_7d,pair_global_cv_hierarchical,core->near,core_near,forward,168,192.0,175.0,360.3691537853363,349.0,2.0773809523809526,1.0892857142857142,-0.10119047619047619,0.5357142857142857,0.125
fold_02,rolling_7d,pair_global_cv_hierarchical,core->outer,core_outer,forward,168,33.0,56.0,43.42715796359256,73.0,0.43452380952380953,0.3869047619047619,0.13690476190476192,0.8511904761904762,0.6666666666666666
fold_02,rolling_7d,pair_global_cv_hierarchical,near->core,core_near,reverse,168,184.0,196.0,282.386972377186,278.0,1.6547619047619047,1.0238095238095237,0.07142857142857142,0.4642857142857143,0.041666666666666664
fold_02,rolling_7d,pair_global_cv_hierarchical,near->outer,near_outer,forward,168,57.0,28.0,111.07884499994213,117.0,0.6964285714285714,0.3630952380952381,-0.17261904761904762,0.7916666666666666,0.8333333333333334
fold_02,rolling_7d,pair_global_cv_hierarchical,outer->core,core_outer,reverse,168,32.0,0.0,43.598677845158804,50.0,0.2976190476190476,0.19047619047619047,-0.19047619047619047,0.8630952380952381,1.0
fold_02,rolling_7d,pair_global_cv_hierarchical,outer->near,near_outer,reverse,168,63.0,98.0,78.62485952266664,107.0,0.6369047619047619,0.5297619047619048,0.20833333333333334,0.7202380952380952,0.4166666666666667
fold_02,rolling_7d,pair_bypair_cv_independent,core->near,core_near,forward,168,192.0,182.0,360.3691537853363,380.0,2.261904761904762,1.1666666666666667,-0.05952380952380952,0.5357142857142857,0.08333333333333333
fold_02,rolling_7d,pair_bypair_cv_independent,core->outer,core_outer,forward,168,33.0,14.0,40.92301986882716,45.0,0.26785714285714285,0.20833333333333334,-0.1130952380952381,0.8511904761904762,0.9166666666666666
fold_02,rolling_7d,pair_bypair_cv_independent,near->core,core_near,reverse,168,184.0,175.0,282.386972377186,309.0,1.8392857142857142,1.0178571428571428,-0.05357142857142857,0.4642857142857143,0.08333333333333333
fold_02,rolling_7d,pair_bypair_cv_independent,near->outer,near_outer,forward,168,57.0,35.0,108.9664858620638,124.0,0.7380952380952381,0.4166666666666667,-0.13095238095238096,0.7916666666666666,0.7916666666666666
fold_02,rolling_7d,pair_bypair_cv_independent,outer->core,core_outer,reverse,168,32.0,0.0,40.39786113866843,50.0,0.2976190476190476,0.19047619047619047,-0.19047619047619047,0.8630952380952381,1.0
fold_02,rolling_7d,pair_bypair_cv_independent,outer->near,near_outer,reverse,168,63.0,49.0,78.23506938310604,96.0,0.5714285714285714,0.4166666666666667,-0.08333333333333333,0.7202380952380952,0.7083333333333334
fold_02,rolling_7d,pair_bypair_cv_hierarchical,core->near,core_near,forward,168,192.0,168.0,366.77554870925803,380.0,2.261904761904762,1.1428571428571428,-0.14285714285714285,0.5357142857142857,0.125
fold_02,rolling_7d,pair_bypair_cv_hierarchical,core->outer,core_outer,forward,168,33.0,42.0,41.41320823949489,55.0,0.3273809523809524,0.27976190476190477,0.05357142857142857,0.8511904761904762,0.75
fold_02,rolling_7d,pair_bypair_cv_hierarchical,near->core,core_near,reverse,168,184.0,203.0,284.7411241253784,283.0,1.6845238095238095,1.0535714285714286,0.1130952380952381,0.4642857142857143,0.0
fold_02,rolling_7d,pair_bypair_cv_hierarchical,near->outer,near_outer,forward,168,57.0,28.0,111.07884499994213,117.0,0.6964285714285714,0.3630952380952381,-0.17261904761904762,0.7916666666666666,0.8333333333333334
fold_02,rolling_7d,pair_bypair_cv_hierarchical,outer->core,core_outer,reverse,168,32.0,21.0,43.06797663502003,57.0,0.3392857142857143,0.25595238095238093,-0.06547619047619048,0.8630952380952381,0.875
fold_02,rolling_7d,pair_bypair_cv_hierarchical,outer->near,near_outer,reverse,168,63.0,98.0,78.62485952266664,107.0,0.6369047619047619,0.5297619047619048,0.20833333333333334,0.7202380952380952,0.4166666666666667
fold_03,rolling_7d,circular3_independent,core->near,core_near,forward,168,186.0,189.0,343.75362287649216,355.0,2.113095238095238,1.125,0.017857142857142856,0.5535714285714286,0.125
fold_03,rolling_7d,circular3_independent,core->outer,core_outer,forward,168,29.0,14.0,36.79087035123967,39.0,0.23214285714285715,0.19642857142857142,-0.08928571428571429,0.8630952380952381,0.9166666666666666
fold_03,rolling_7d,circular3_independent,near->core,core_near,reverse,168,172.0,189.0,246.98555153810835,259.0,1.5416666666666667,0.9702380952380952,0.10119047619047619,0.48214285714285715,0.041666666666666664
fold_03,rolling_7d,circular3_independent,near->outer,near_outer,forward,168,58.0,35.0,107.95566460055096,115.0,0.6845238095238095,0.375,-0.13690476190476192,0.7857142857142857,0.7916666666666666
fold_03,rolling_7d,circular3_independent,outer->core,core_outer,reverse,168,31.0,0.0,41.17973771808999,49.0,0.2916666666666667,0.18452380952380953,-0.18452380952380953,0.8690476190476191,1.0
fold_03,rolling_7d,circular3_independent,outer->near,near_outer,reverse,168,60.0,49.0,73.37325671487605,97.0,0.5773809523809523,0.4107142857142857,-0.06547619047619048,0.7261904761904762,0.7083333333333334
fold_03,rolling_7d,pair_default_independent,core->near,core_near,forward,168,186.0,175.0,345.90396471573183,379.0,2.255952380952381,1.1369047619047619,-0.06547619047619048,0.5535714285714286,0.125
fold_03,rolling_7d,pair_default_independent,core->outer,core_outer,forward,168,29.0,7.0,37.91202685462952,38.0,0.2261904761904762,0.17857142857142858,-0.13095238095238096,0.8630952380952381,0.9583333333333334
fold_03,rolling_7d,pair_default_independent,near->core,core_near,reverse,168,172.0,196.0,253.86333146456104,268.0,1.5952380952380953,1.0,0.14285714285714285,0.48214285714285715,0.041666666666666664
fold_03,rolling_7d,pair_default_independent,near->outer,near_outer,forward,168,58.0,35.0,108.98168354698112,119.0,0.7083333333333334,0.39880952380952384,-0.13690476190476192,0.7857142857142857,0.7916666666666666
fold_03,rolling_7d,pair_default_independent,outer->core,core_outer,reverse,168,31.0,0.0,42.59505112743997,49.0,0.2916666666666667,0.18452380952380953,-0.18452380952380953,0.8690476190476191,1.0
fold_03,rolling_7d,pair_default_independent,outer->near,near_outer,reverse,168,60.0,49.0,72.22814981745195,85.0,0.5059523809523809,0.39880952380952384,-0.06547619047619048,0.7261904761904762,0.7083333333333334
fold_03,rolling_7d,pair_default_hierarchical,core->near,core_near,forward,168,186.0,182.0,345.90396471573183,354.0,2.107142857142857,1.1071428571428572,-0.023809523809523808,0.5535714285714286,0.125
fold_03,rolling_7d,pair_default_hierarchical,core->outer,core_outer,forward,168,29.0,42.0,37.91202685462952,57.0,0.3392857142857143,0.30357142857142855,0.07738095238095238,0.8630952380952381,0.75
fold_03,rolling_7d,pair_default_hierarchical,near->core,core_near,reverse,168,172.0,182.0,253.86333146456104,272.0,1.619047619047619,0.9761904761904762,0.05952380952380952,0.48214285714285715,0.08333333333333333
fold_03,rolling_7d,pair_default_hierarchical,near->outer,near_outer,forward,168,58.0,49.0,108.98168354698112,129.0,0.7678571428571429,0.47023809523809523,-0.05357142857142857,0.7857142857142857,0.7083333333333334
fold_03,rolling_7d,pair_default_hierarchical,outer->core,core_outer,reverse,168,31.0,21.0,42.59505112743997,58.0,0.34523809523809523,0.2619047619047619,-0.05952380952380952,0.8690476190476191,0.875
fold_03,rolling_7d,pair_default_hierarchical,outer->near,near_outer,reverse,168,60.0,84.0,72.22814981745195,92.0,0.5476190476190477,0.4642857142857143,0.14285714285714285,0.7261904761904762,0.5
fold_03,rolling_7d,pair_global_cv_independent,core->near,core_near,forward,168,186.0,189.0,351.95439795537175,381.0,2.267857142857143,1.1845238095238095,0.017857142857142856,0.5535714285714286,0.08333333333333333
fold_03,rolling_7d,pair_global_cv_independent,core->outer,core_outer,forward,168,29.0,0.0,38.30252644358215,45.0,0.26785714285714285,0.17261904761904762,-0.17261904761904762,0.8630952380952381,1.0
fold_03,rolling_7d,pair_global_cv_independent,near->core,core_near,reverse,168,172.0,189.0,254.6717673608066,271.0,1.6130952380952381,0.9940476190476191,0.10119047619047619,0.48214285714285715,0.041666666666666664
fold_03,rolling_7d,pair_global_cv_independent,near->outer,near_outer,forward,168,58.0,28.0,111.5028755041632,130.0,0.7738095238095238,0.4166666666666667,-0.17857142857142858,0.7857142857142857,0.8333333333333334
fold_03,rolling_7d,pair_global_cv_independent,outer->core,core_outer,reverse,168,31.0,0.0,43.08748340975616,49.0,0.2916666666666667,0.18452380952380953,-0.18452380952380953,0.8690476190476191,1.0
fold_03,rolling_7d,pair_global_cv_independent,outer->near,near_outer,reverse,168,60.0,56.0,71.69957938190902,84.0,0.5,0.4166666666666667,-0.023809523809523808,0.7261904761904762,0.6666666666666666
fold_03,rolling_7d,pair_global_cv_hierarchical,core->near,core_near,forward,168,186.0,189.0,351.95439795537175,361.0,2.1488095238095237,1.1488095238095237,0.017857142857142856,0.5535714285714286,0.08333333333333333
fold_03,rolling_7d,pair_global_cv_hierarchical,core->outer,core_outer,forward,168,29.0,63.0,38.30252644358215,78.0,0.4642857142857143,0.42857142857142855,0.20238095238095238,0.8630952380952381,0.625
fold_03,rolling_7d,pair_global_cv_hierarchical,near->core,core_near,reverse,168,172.0,189.0,254.6717673608066,271.0,1.6130952380952381,0.9940476190476191,0.10119047619047619,0.48214285714285715,0.041666666666666664
fold_03,rolling_7d,pair_global_cv_hierarchical,near->outer,near_outer,forward,168,58.0,28.0,111.5028755041632,116.0,0.6904761904761905,0.36904761904761907,-0.17857142857142858,0.7857142857142857,0.8333333333333334
fold_03,rolling_7d,pair_global_cv_hierarchical,outer->core,core_outer,reverse,168,31.0,0.0,43.08748340975616,49.0,0.2916666666666667,0.18452380952380953,-0.18452380952380953,0.8690476190476191,1.0
fold_03,rolling_7d,pair_global_cv_hierarchical,outer->near,near_outer,reverse,168,60.0,98.0,71.69957938190902,100.0,0.5952380952380952,0.5119047619047619,0.2261904761904762,0.7261904761904762,0.4166666666666667
fold_03,rolling_7d,pair_bypair_cv_independent,core->near,core_near,forward,168,186.0,189.0,351.95439795537175,381.0,2.267857142857143,1.1845238095238095,0.017857142857142856,0.5535714285714286,0.08333333333333333
fold_03,rolling_7d,pair_bypair_cv_independent,core->outer,core_outer,forward,168,29.0,14.0,37.50741723414847,39.0,0.23214285714285715,0.19642857142857142,-0.08928571428571429,0.8630952380952381,0.9166666666666666
fold_03,rolling_7d,pair_bypair_cv_independent,near->core,core_near,reverse,168,172.0,189.0,254.6717673608066,271.0,1.6130952380952381,0.9940476190476191,0.10119047619047619,0.48214285714285715,0.041666666666666664
fold_03,rolling_7d,pair_bypair_cv_independent,near->outer,near_outer,forward,168,58.0,28.0,108.73973099270756,114.0,0.6785714285714286,0.36904761904761907,-0.17857142857142858,0.7857142857142857,0.8333333333333334
fold_03,rolling_7d,pair_bypair_cv_independent,outer->core,core_outer,reverse,168,31.0,0.0,42.1518441262769,49.0,0.2916666666666667,0.18452380952380953,-0.18452380952380953,0.8690476190476191,1.0
fold_03,rolling_7d,pair_bypair_cv_independent,outer->near,near_outer,reverse,168,60.0,49.0,71.05966176610174,85.0,0.5059523809523809,0.39880952380952384,-0.06547619047619048,0.7261904761904762,0.7083333333333334
fold_03,rolling_7d,pair_bypair_cv_hierarchical,core->near,core_near,forward,168,186.0,189.0,343.6522087018681,361.0,2.1488095238095237,1.1488095238095237,0.017857142857142856,0.5535714285714286,0.08333333333333333
fold_03,rolling_7d,pair_bypair_cv_hierarchical,core->outer,core_outer,forward,168,29.0,35.0,37.50741723414847,52.0,0.30952380952380953,0.27380952380952384,0.03571428571428571,0.8630952380952381,0.7916666666666666
fold_03,rolling_7d,pair_bypair_cv_hierarchical,near->core,core_near,reverse,168,172.0,189.0,256.86310611351865,271.0,1.6130952380952381,0.9940476190476191,0.10119047619047619,0.48214285714285715,0.041666666666666664
fold_03,rolling_7d,pair_bypair_cv_hierarchical,near->outer,near_outer,forward,168,58.0,28.0,111.5028755041632,116.0,0.6904761904761905,0.36904761904761907,-0.17857142857142858,0.7857142857142857,0.8333333333333334
fold_03,rolling_7d,pair_bypair_cv_hierarchical,outer->core,core_outer,reverse,168,31.0,28.0,42.1518441262769,53.0,0.31547619047619047,0.26785714285714285,-0.017857142857142856,0.8690476190476191,0.8333333333333334
fold_03,rolling_7d,pair_bypair_cv_hierarchical,outer->near,near_outer,reverse,168,60.0,98.0,71.69957938190902,100.0,0.5952380952380952,0.5119047619047619,0.2261904761904762,0.7261904761904762,0.4166666666666667
fold_04,rolling_7d,circular3_independent,core->near,core_near,forward,168,189.0,189.0,337.4093164447732,350.0,2.0833333333333335,1.130952380952381,0.0,0.5476190476190477,0.08333333333333333
fold_04,rolling_7d,circular3_independent,core->outer,core_outer,forward,168,27.0,14.0,31.954619699211044,33.0,0.19642857142857142,0.17261904761904762,-0.07738095238095238,0.8690476190476191,0.9166666666666666
fold_04,rolling_7d,circular3_independent,near->core,core_near,reverse,168,170.0,203.0,239.72417406311638,257.0,1.5297619047619047,0.9821428571428571,0.19642857142857142,0.47619047619047616,0.041666666666666664
fold_04,rolling_7d,circular3_independent,near->outer,near_outer,forward,168,56.0,35.0,83.99211045364892,93.0,0.5535714285714286,0.35119047619047616,-0.125,0.7857142857142857,0.7916666666666666
fold_04,rolling_7d,circular3_independent,outer->core,core_outer,reverse,168,32.0,0.0,41.58043639053254,50.0,0.2976190476190476,0.19047619047619047,-0.19047619047619047,0.8630952380952381,1.0
fold_04,rolling_7d,circular3_independent,outer->near,near_outer,reverse,168,67.0,70.0,95.14742048816568,111.0,0.6607142857142857,0.47023809523809523,0.017857142857142856,0.7261904761904762,0.5833333333333334
fold_04,rolling_7d,pair_default_independent,core->near,core_near,forward,168,189.0,182.0,337.53749779585644,353.0,2.1011904761904763,1.125,-0.041666666666666664,0.5476190476190477,0.125
fold_04,rolling_7d,pair_default_independent,core->outer,core_outer,forward,168,27.0,14.0,33.6609228707921,33.0,0.19642857142857142,0.17261904761904762,-0.07738095238095238,0.8690476190476191,0.9166666666666666
fold_04,rolling_7d,pair_default_independent,near->core,core_near,reverse,168,170.0,203.0,243.6894890165171,257.0,1.5297619047619047,0.9821428571428571,0.19642857142857142,0.47619047619047616,0.041666666666666664
fold_04,rolling_7d,pair_default_independent,near->outer,near_outer,forward,168,56.0,42.0,86.85556586683808,98.0,0.5833333333333334,0.38095238095238093,-0.08333333333333333,0.7857142857142857,0.75
fold_04,rolling_7d,pair_default_independent,outer->core,core_outer,reverse,168,32.0,0.0,42.90507742221581,50.0,0.2976190476190476,0.19047619047619047,-0.19047619047619047,0.8630952380952381,1.0
fold_04,rolling_7d,pair_default_independent,outer->near,near_outer,reverse,168,67.0,56.0,97.25249672873952,113.0,0.6726190476190477,0.47023809523809523,-0.06547619047619048,0.7261904761904762,0.6666666666666666
fold_04,rolling_7d,pair_default_hierarchical,core->near,core_near,forward,168,189.0,175.0,337.53749779585644,346.0,2.0595238095238093,1.1071428571428572,-0.08333333333333333,0.5476190476190477,0.125
fold_04,rolling_7d,pair_default_hierarchical,core->outer,core_outer,forward,168,27.0,49.0,33.6609228707921,56.0,0.3333333333333333,0.30952380952380953,0.13095238095238096,0.8690476190476191,0.7083333333333334
fold_04,rolling_7d,pair_default_hierarchical,near->core,core_near,reverse,168,170.0,189.0,243.6894890165171,255.0,1.5178571428571428,0.9702380952380952,0.1130952380952381,0.47619047619047616,0.041666666666666664
fold_04,rolling_7d,pair_default_hierarchical,near->outer,near_outer,forward,168,56.0,49.0,86.85556586683808,107.0,0.6369047619047619,0.4583333333333333,-0.041666666666666664,0.7857142857142857,0.7083333333333334
fold_04,rolling_7d,pair_default_hierarchical,outer->core,core_outer,reverse,168,32.0,21.0,42.90507742221581,53.0,0.31547619047619047,0.25595238095238093,-0.06547619047619048,0.8630952380952381,0.875
fold_04,rolling_7d,pair_default_hierarchical,outer->near,near_outer,reverse,168,67.0,84.0,97.25249672873952,119.0,0.7083333333333334,0.5297619047619048,0.10119047619047619,0.7261904761904762,0.5
fold_04,rolling_7d,pair_global_cv_independent,core->near,core_near,forward,168,189.0,182.0,335.80543686565335,353.0,2.1011904761904763,1.125,-0.041666666666666664,0.5476190476190477,0.125
fold_04,rolling_7d,pair_global_cv_independent,core->outer,core_outer,forward,168,27.0,14.0,33.06301157624718,33.0,0.19642857142857142,0.17261904761904762,-0.07738095238095238,0.8690476190476191,0.9166666666666666
fold_04,rolling_7d,pair_global_cv_independent,near->core,core_near,reverse,168,170.0,203.0,245.85851612999357,257.0,1.5297619047619047,0.9821428571428571,0.19642857142857142,0.47619047619047616,0.041666666666666664
fold_04,rolling_7d,pair_global_cv_independent,near->outer,near_outer,forward,168,56.0,28.0,86.46451945187215,94.0,0.5595238095238095,0.35714285714285715,-0.16666666666666666,0.7857142857142857,0.8333333333333334
fold_04,rolling_7d,pair_global_cv_independent,outer->core,core_outer,reverse,168,32.0,0.0,43.05770594182259,50.0,0.2976190476190476,0.19047619047619047,-0.19047619047619047,0.8630952380952381,1.0
fold_04,rolling_7d,pair_global_cv_independent,outer->near,near_outer,reverse,168,67.0,49.0,96.31086679910281,114.0,0.6785714285714286,0.4642857142857143,-0.10714285714285714,0.7261904761904762,0.7083333333333334
fold_04,rolling_7d,pair_global_cv_hierarchical,core->near,core_near,forward,168,189.0,182.0,341.57730913730165,351.0,2.0892857142857144,1.1369047619047619,-0.041666666666666664,0.5476190476190477,0.08333333333333333
fold_04,rolling_7d,pair_global_cv_hierarchical,core->outer,core_outer,forward,168,27.0,70.0,34.118220922415944,73.0,0.43452380952380953,0.4107142857142857,0.25595238095238093,0.8690476190476191,0.5833333333333334
fold_04,rolling_7d,pair_global_cv_hierarchical,near->core,core_near,reverse,168,170.0,196.0,244.63284840766337,258.0,1.5357142857142858,0.9761904761904762,0.15476190476190477,0.47619047619047616,0.041666666666666664
fold_04,rolling_7d,pair_global_cv_hierarchical,near->outer,near_outer,forward,168,56.0,28.0,89.12115160533855,94.0,0.5595238095238095,0.35714285714285715,-0.16666666666666666,0.7857142857142857,0.8333333333333334
fold_04,rolling_7d,pair_global_cv_hierarchical,outer->core,core_outer,reverse,168,32.0,0.0,43.443707900261956,50.0,0.2976190476190476,0.19047619047619047,-0.19047619047619047,0.8630952380952381,1.0
fold_04,rolling_7d,pair_global_cv_hierarchical,outer->near,near_outer,reverse,168,67.0,98.0,96.6863694795907,127.0,0.7559523809523809,0.5773809523809523,0.18452380952380953,0.7261904761904762,0.4166666666666667
fold_04,rolling_7d,pair_bypair_cv_independent,core->near,core_near,forward,168,189.0,182.0,335.80543686565335,353.0,2.1011904761904763,1.125,-0.041666666666666664,0.5476190476190477,0.125
fold_04,rolling_7d,pair_bypair_cv_independent,core->outer,core_outer,forward,168,27.0,14.0,33.29958840484388,33.0,0.19642857142857142,0.17261904761904762,-0.07738095238095238,0.8690476190476191,0.9166666666666666
fold_04,rolling_7d,pair_bypair_cv_independent,near->core,core_near,reverse,168,170.0,203.0,245.85851612999357,257.0,1.5297619047619047,0.9821428571428571,0.19642857142857142,0.47619047619047616,0.041666666666666664
fold_04,rolling_7d,pair_bypair_cv_independent,near->outer,near_outer,forward,168,56.0,35.0,85.69717114881621,101.0,0.6011904761904762,0.35119047619047616,-0.125,0.7857142857142857,0.7916666666666666
fold_04,rolling_7d,pair_bypair_cv_independent,outer->core,core_outer,reverse,168,32.0,0.0,42.44370898184307,50.0,0.2976190476190476,0.19047619047619047,-0.19047619047619047,0.8630952380952381,1.0
fold_04,rolling_7d,pair_bypair_cv_independent,outer->near,near_outer,reverse,168,67.0,56.0,101.62699276684285,119.0,0.7083333333333334,0.48214285714285715,-0.06547619047619048,0.7261904761904762,0.6666666666666666
fold_04,rolling_7d,pair_bypair_cv_hierarchical,core->near,core_near,forward,168,189.0,175.0,346.60908819738296,354.0,2.107142857142857,1.130952380952381,-0.08333333333333333,0.5476190476190477,0.125
fold_04,rolling_7d,pair_bypair_cv_hierarchical,core->outer,core_outer,forward,168,27.0,42.0,33.05153584162803,51.0,0.30357142857142855,0.27976190476190477,0.08928571428571429,0.8690476190476191,0.75
fold_04,rolling_7d,pair_bypair_cv_hierarchical,near->core,core_near,reverse,168,170.0,203.0,246.4183237691171,261.0,1.5535714285714286,0.9940476190476191,0.19642857142857142,0.47619047619047616,0.0
fold_04,rolling_7d,pair_bypair_cv_hierarchical,near->outer,near_outer,forward,168,56.0,28.0,90.7354410417531,106.0,0.6309523809523809,0.35714285714285715,-0.16666666666666666,0.7857142857142857,0.8333333333333334
fold_04,rolling_7d,pair_bypair_cv_hierarchical,outer->core,core_outer,reverse,168,32.0,28.0,42.0611994950731,58.0,0.34523809523809523,0.2857142857142857,-0.023809523809523808,0.8630952380952381,0.8333333333333334
fold_04,rolling_7d,pair_bypair_cv_hierarchical,outer->near,near_outer,reverse,168,67.0,98.0,97.95768764582034,121.0,0.7202380952380952,0.6011904761904762,0.18452380952380953,0.7261904761904762,0.4166666666666667
fold_05,rolling_7d,circular3_independent,core->near,core_near,forward,168,193.0,189.0,323.5133928571429,322.0,1.9166666666666667,1.0833333333333333,-0.023809523809523808,0.5059523809523809,0.08333333333333333
fold_05,rolling_7d,circular3_independent,core->outer,core_outer,forward,168,31.0,14.0,41.46225169061707,45.0,0.26785714285714285,0.20833333333333334,-0.10119047619047619,0.8511904761904762,0.9166666666666666
fold_05,rolling_7d,circular3_independent,near->core,core_near,reverse,168,189.0,189.0,252.1514687235841,262.0,1.5595238095238095,0.9523809523809523,0.0,0.4166666666666667,0.041666666666666664
fold_05,rolling_7d,circular3_independent,near->outer,near_outer,forward,168,59.0,49.0,90.01331360946745,104.0,0.6190476190476191,0.4166666666666667,-0.05952380952380952,0.7738095238095238,0.7083333333333334
fold_05,rolling_7d,circular3_independent,outer->core,core_outer,reverse,168,32.0,0.0,40.42030325443787,48.0,0.2857142857142857,0.19047619047619047,-0.19047619047619047,0.8571428571428571,1.0
fold_05,rolling_7d,circular3_independent,outer->near,near_outer,reverse,168,70.0,63.0,102.3905325443787,121.0,0.7202380952380952,0.49404761904761907,-0.041666666666666664,0.7261904761904762,0.625
fold_05,rolling_7d,pair_default_independent,core->near,core_near,forward,168,193.0,182.0,318.42841048970854,327.0,1.9464285714285714,1.0773809523809523,-0.06547619047619048,0.5059523809523809,0.125
fold_05,rolling_7d,pair_default_independent,core->outer,core_outer,forward,168,31.0,14.0,41.169473770878426,45.0,0.26785714285714285,0.20833333333333334,-0.10119047619047619,0.8511904761904762,0.9166666666666666
fold_05,rolling_7d,pair_default_independent,near->core,core_near,reverse,168,189.0,203.0,252.86978906262948,258.0,1.5357142857142858,0.9642857142857143,0.08333333333333333,0.4166666666666667,0.041666666666666664
fold_05,rolling_7d,pair_default_independent,near->outer,near_outer,forward,168,59.0,35.0,89.53217029534794,98.0,0.5833333333333334,0.36904761904761907,-0.14285714285714285,0.7738095238095238,0.7916666666666666
fold_05,rolling_7d,pair_default_independent,outer->core,core_outer,reverse,168,32.0,0.0,40.980910216082286,48.0,0.2857142857142857,0.19047619047619047,-0.19047619047619047,0.8571428571428571,1.0
fold_05,rolling_7d,pair_default_independent,outer->near,near_outer,reverse,168,70.0,49.0,104.02265092214837,127.0,0.7559523809523809,0.5059523809523809,-0.125,0.7261904761904762,0.7083333333333334
fold_05,rolling_7d,pair_default_hierarchical,core->near,core_near,forward,168,193.0,175.0,318.42841048970854,322.0,1.9166666666666667,1.0595238095238095,-0.10714285714285714,0.5059523809523809,0.125
fold_05,rolling_7d,pair_default_hierarchical,core->outer,core_outer,forward,168,31.0,49.0,41.169473770878426,68.0,0.40476190476190477,0.34523809523809523,0.10714285714285714,0.8511904761904762,0.7083333333333334
fold_05,rolling_7d,pair_default_hierarchical,near->core,core_near,reverse,168,189.0,196.0,252.86978906262948,261.0,1.5535714285714286,0.9583333333333334,0.041666666666666664,0.4166666666666667,0.041666666666666664
fold_05,rolling_7d,pair_default_hierarchical,near->outer,near_outer,forward,168,59.0,35.0,89.53217029534794,104.0,0.6190476190476191,0.40476190476190477,-0.14285714285714285,0.7738095238095238,0.7916666666666666
fold_05,rolling_7d,pair_default_hierarchical,outer->core,core_outer,reverse,168,32.0,21.0,40.980910216082286,51.0,0.30357142857142855,0.25595238095238093,-0.06547619047619048,0.8571428571428571,0.875
fold_05,rolling_7d,pair_default_hierarchical,outer->near,near_outer,reverse,168,70.0,98.0,104.02265092214837,130.0,0.7738095238095238,0.5952380952380952,0.16666666666666666,0.7261904761904762,0.4166666666666667
fold_05,rolling_7d,pair_global_cv_independent,core->near,core_near,forward,168,193.0,189.0,316.70358788738827,324.0,1.9285714285714286,1.0833333333333333,-0.023809523809523808,0.5059523809523809,0.08333333333333333
fold_05,rolling_7d,pair_global_cv_independent,core->outer,core_outer,forward,168,31.0,14.0,40.93829185897864,45.0,0.26785714285714285,0.20833333333333334,-0.10119047619047619,0.8511904761904762,0.9166666666666666
fold_05,rolling_7d,pair_global_cv_independent,near->core,core_near,reverse,168,189.0,203.0,252.96119849703945,258.0,1.5357142857142858,0.9642857142857143,0.08333333333333333,0.4166666666666667,0.041666666666666664
fold_05,rolling_7d,pair_global_cv_independent,near->outer,near_outer,forward,168,59.0,35.0,89.48198511081095,98.0,0.5833333333333334,0.36904761904761907,-0.14285714285714285,0.7738095238095238,0.7916666666666666
fold_05,rolling_7d,pair_global_cv_independent,outer->core,core_outer,reverse,168,32.0,0.0,41.01031054301373,48.0,0.2857142857142857,0.19047619047619047,-0.19047619047619047,0.8571428571428571,1.0
fold_05,rolling_7d,pair_global_cv_independent,outer->near,near_outer,reverse,168,70.0,49.0,103.23853171924907,127.0,0.7559523809523809,0.5059523809523809,-0.125,0.7261904761904762,0.7083333333333334
fold_05,rolling_7d,pair_global_cv_hierarchical,core->near,core_near,forward,168,193.0,175.0,320.09124627645093,322.0,1.9166666666666667,1.0595238095238095,-0.10714285714285714,0.5059523809523809,0.125
fold_05,rolling_7d,pair_global_cv_hierarchical,core->outer,core_outer,forward,168,31.0,70.0,41.47262680167072,77.0,0.4583333333333333,0.4226190476190476,0.23214285714285715,0.8511904761904762,0.5833333333333334
fold_05,rolling_7d,pair_global_cv_hierarchical,near->core,core_near,reverse,168,189.0,203.0,253.08267801694709,258.0,1.5357142857142858,0.9642857142857143,0.08333333333333333,0.4166666666666667,0.041666666666666664
fold_05,rolling_7d,pair_global_cv_hierarchical,near->outer,near_outer,forward,168,59.0,28.0,92.35199689460487,99.0,0.5892857142857143,0.375,-0.18452380952380953,0.7738095238095238,0.8333333333333334
fold_05,rolling_7d,pair_global_cv_hierarchical,outer->core,core_outer,reverse,168,32.0,0.0,41.70666298098196,48.0,0.2857142857142857,0.19047619047619047,-0.19047619047619047,0.8571428571428571,1.0
fold_05,rolling_7d,pair_global_cv_hierarchical,outer->near,near_outer,reverse,168,70.0,98.0,104.39934278819712,126.0,0.75,0.5714285714285714,0.16666666666666666,0.7261904761904762,0.4166666666666667
fold_05,rolling_7d,pair_bypair_cv_independent,core->near,core_near,forward,168,193.0,189.0,316.70358788738827,324.0,1.9285714285714286,1.0833333333333333,-0.023809523809523808,0.5059523809523809,0.08333333333333333
fold_05,rolling_7d,pair_bypair_cv_independent,core->outer,core_outer,forward,168,31.0,14.0,41.13477671817181,45.0,0.26785714285714285,0.20833333333333334,-0.10119047619047619,0.8511904761904762,0.9166666666666666
fold_05,rolling_7d,pair_bypair_cv_independent,near->core,core_near,reverse,168,189.0,203.0,252.96119849703945,258.0,1.5357142857142858,0.9642857142857143,0.08333333333333333,0.4166666666666667,0.041666666666666664
fold_05,rolling_7d,pair_bypair_cv_independent,near->outer,near_outer,forward,168,59.0,35.0,89.48198511081095,98.0,0.5833333333333334,0.36904761904761907,-0.14285714285714285,0.7738095238095238,0.7916666666666666
fold_05,rolling_7d,pair_bypair_cv_independent,outer->core,core_outer,reverse,168,32.0,0.0,40.3457087125868,48.0,0.2857142857142857,0.19047619047619047,-0.19047619047619047,0.8571428571428571,1.0
fold_05,rolling_7d,pair_bypair_cv_independent,outer->near,near_outer,reverse,168,70.0,49.0,103.23853171924907,127.0,0.7559523809523809,0.5059523809523809,-0.125,0.7261904761904762,0.7083333333333334
fold_05,rolling_7d,pair_bypair_cv_hierarchical,core->near,core_near,forward,168,193.0,175.0,320.09124627645093,322.0,1.9166666666666667,1.0595238095238095,-0.10714285714285714,0.5059523809523809,0.125
fold_05,rolling_7d,pair_bypair_cv_hierarchical,core->outer,core_outer,forward,168,31.0,42.0,41.27919577544298,63.0,0.375,0.31547619047619047,0.06547619047619048,0.8511904761904762,0.75
fold_05,rolling_7d,pair_bypair_cv_hierarchical,near->core,core_near,reverse,168,189.0,203.0,253.08267801694709,258.0,1.5357142857142858,0.9642857142857143,0.08333333333333333,0.4166666666666667,0.041666666666666664
fold_05,rolling_7d,pair_bypair_cv_hierarchical,near->outer,near_outer,forward,168,59.0,42.0,92.85976461952184,109.0,0.6488095238095238,0.4226190476190476,-0.10119047619047619,0.7738095238095238,0.75
fold_05,rolling_7d,pair_bypair_cv_hierarchical,outer->core,core_outer,reverse,168,32.0,28.0,39.804942249568406,56.0,0.3333333333333333,0.2857142857142857,-0.023809523809523808,0.8571428571428571,0.8333333333333334
fold_05,rolling_7d,pair_bypair_cv_hierarchical,outer->near,near_outer,reverse,168,70.0,84.0,105.66451629244172,124.0,0.7380952380952381,0.5595238095238095,0.08333333333333333,0.7261904761904762,0.5
fold_06,rolling_7d,circular3_independent,core->near,core_near,forward,168,183.0,189.0,281.36001984126983,292.0,1.7380952380952381,1.0476190476190477,0.03571428571428571,0.5119047619047619,0.08333333333333333
fold_06,rolling_7d,circular3_independent,core->outer,core_outer,forward,168,35.0,14.0,42.67037698412698,49.0,0.2916666666666667,0.23214285714285715,-0.125,0.8273809523809523,0.9166666666666666
fold_06,rolling_7d,circular3_independent,near->core,core_near,reverse,168,179.0,182.0,226.95920634920634,237.0,1.4107142857142858,0.9107142857142857,0.017857142857142856,0.42857142857142855,0.041666666666666664
fold_06,rolling_7d,circular3_independent,near->outer,near_outer,forward,168,59.0,42.0,88.95238095238096,99.0,0.5892857142857143,0.3869047619047619,-0.10119047619047619,0.7678571428571429,0.75
fold_06,rolling_7d,circular3_independent,outer->core,core_outer,reverse,168,33.0,0.0,44.03595238095239,51.0,0.30357142857142855,0.19642857142857142,-0.19642857142857142,0.8571428571428571,1.0
fold_06,rolling_7d,circular3_independent,outer->near,near_outer,reverse,168,65.0,63.0,101.04378968253968,122.0,0.7261904761904762,0.5119047619047619,-0.011904761904761904,0.75,0.625
fold_06,rolling_7d,pair_default_independent,core->near,core_near,forward,168,183.0,182.0,287.41079547393053,293.0,1.744047619047619,1.0297619047619047,-0.005952380952380952,0.5119047619047619,0.125
fold_06,rolling_7d,pair_default_independent,core->outer,core_outer,forward,168,35.0,14.0,42.519973929270435,49.0,0.2916666666666667,0.23214285714285715,-0.125,0.8273809523809523,0.9166666666666666
fold_06,rolling_7d,pair_default_independent,near->core,core_near,reverse,168,179.0,203.0,229.7484353029049,234.0,1.3928571428571428,0.9285714285714286,0.14285714285714285,0.42857142857142855,0.041666666666666664
fold_06,rolling_7d,pair_default_independent,near->outer,near_outer,forward,168,59.0,42.0,88.96831782773879,99.0,0.5892857142857143,0.3869047619047619,-0.10119047619047619,0.7678571428571429,0.75
fold_06,rolling_7d,pair_default_independent,outer->core,core_outer,reverse,168,33.0,0.0,43.83915439888331,51.0,0.30357142857142855,0.19642857142857142,-0.19642857142857142,0.8571428571428571,1.0
fold_06,rolling_7d,pair_default_independent,outer->near,near_outer,reverse,168,65.0,56.0,102.41694860362026,123.0,0.7321428571428571,0.5178571428571429,-0.05357142857142857,0.75,0.6666666666666666
fold_06,rolling_7d,pair_default_hierarchical,core->near,core_near,forward,168,183.0,168.0,287.41079547393053,299.0,1.7797619047619047,1.0178571428571428,-0.08928571428571429,0.5119047619047619,0.125
fold_06,rolling_7d,pair_default_hierarchical,core->outer,core_outer,forward,168,35.0,42.0,42.519973929270435,65.0,0.3869047619047619,0.3273809523809524,0.041666666666666664,0.8273809523809523,0.75
fold_06,rolling_7d,pair_default_hierarchical,near->core,core_near,reverse,168,179.0,189.0,229.7484353029049,236.0,1.4047619047619047,0.9166666666666666,0.05952380952380952,0.42857142857142855,0.041666666666666664
fold_06,rolling_7d,pair_default_hierarchical,near->outer,near_outer,forward,168,59.0,35.0,88.96831782773879,98.0,0.5833333333333334,0.38095238095238093,-0.14285714285714285,0.7678571428571429,0.7916666666666666
fold_06,rolling_7d,pair_default_hierarchical,outer->core,core_outer,reverse,168,33.0,28.0,43.83915439888331,59.0,0.35119047619047616,0.2916666666666667,-0.02976190476190476,0.8571428571428571,0.8333333333333334
fold_06,rolling_7d,pair_default_hierarchical,outer->near,near_outer,reverse,168,65.0,98.0,102.41694860362026,133.0,0.7916666666666666,0.6130952380952381,0.19642857142857142,0.75,0.4166666666666667
fold_06,rolling_7d,pair_global_cv_independent,core->near,core_near,forward,168,183.0,189.0,285.98015200380087,292.0,1.7380952380952381,1.0476190476190477,0.03571428571428571,0.5119047619047619,0.08333333333333333
fold_06,rolling_7d,pair_global_cv_independent,core->outer,core_outer,forward,168,35.0,14.0,42.201073343990586,49.0,0.2916666666666667,0.23214285714285715,-0.125,0.8273809523809523,0.9166666666666666
fold_06,rolling_7d,pair_global_cv_independent,near->core,core_near,reverse,168,179.0,203.0,229.27022130588065,234.0,1.3928571428571428,0.9285714285714286,0.14285714285714285,0.42857142857142855,0.041666666666666664
fold_06,rolling_7d,pair_global_cv_independent,near->outer,near_outer,forward,168,59.0,42.0,88.83314375946553,99.0,0.5892857142857143,0.3869047619047619,-0.10119047619047619,0.7678571428571429,0.75
fold_06,rolling_7d,pair_global_cv_independent,outer->core,core_outer,reverse,168,33.0,0.0,43.79945871320862,51.0,0.30357142857142855,0.19642857142857142,-0.19642857142857142,0.8571428571428571,1.0
fold_06,rolling_7d,pair_global_cv_independent,outer->near,near_outer,reverse,168,65.0,56.0,101.67979734051131,123.0,0.7321428571428571,0.5178571428571429,-0.05357142857142857,0.75,0.6666666666666666
fold_06,rolling_7d,pair_global_cv_hierarchical,core->near,core_near,forward,168,183.0,175.0,287.93510799710043,296.0,1.7619047619047619,1.0238095238095237,-0.047619047619047616,0.5119047619047619,0.125
fold_06,rolling_7d,pair_global_cv_hierarchical,core->outer,core_outer,forward,168,35.0,70.0,42.74333094991812,79.0,0.47023809523809523,0.43452380952380953,0.20833333333333334,0.8273809523809523,0.5833333333333334
fold_06,rolling_7d,pair_global_cv_hierarchical,near->core,core_near,reverse,168,179.0,203.0,230.29367807738896,240.0,1.4285714285714286,0.9285714285714286,0.14285714285714285,0.42857142857142855,0.041666666666666664
fold_06,rolling_7d,pair_global_cv_hierarchical,near->outer,near_outer,forward,168,59.0,21.0,91.63878467414173,94.0,0.5595238095238095,0.34523809523809523,-0.2261904761904762,0.7678571428571429,0.875
fold_06,rolling_7d,pair_global_cv_hierarchical,outer->core,core_outer,reverse,168,33.0,0.0,44.27879921850075,51.0,0.30357142857142855,0.19642857142857142,-0.19642857142857142,0.8571428571428571,1.0
fold_06,rolling_7d,pair_global_cv_hierarchical,outer->near,near_outer,reverse,168,65.0,105.0,102.32662770926126,134.0,0.7976190476190477,0.6190476190476191,0.23809523809523808,0.75,0.375
fold_06,rolling_7d,pair_bypair_cv_independent,core->near,core_near,forward,168,183.0,189.0,285.98015200380087,292.0,1.7380952380952381,1.0476190476190477,0.03571428571428571,0.5119047619047619,0.08333333333333333
fold_06,rolling_7d,pair_bypair_cv_independent,core->outer,core_outer,forward,168,35.0,14.0,42.43869927426006,49.0,0.2916666666666667,0.23214285714285715,-0.125,0.8273809523809523,0.9166666666666666
fold_06,rolling_7d,pair_bypair_cv_independent,near->core,core_near,reverse,168,179.0,203.0,229.27022130588065,234.0,1.3928571428571428,0.9285714285714286,0.14285714285714285,0.42857142857142855,0.041666666666666664
fold_06,rolling_7d,pair_bypair_cv_independent,near->outer,near_outer,forward,168,59.0,42.0,88.83314375946553,99.0,0.5892857142857143,0.3869047619047619,-0.10119047619047619,0.7678571428571429,0.75
fold_06,rolling_7d,pair_bypair_cv_independent,outer->core,core_outer,reverse,168,33.0,0.0,43.522469525103176,51.0,0.30357142857142855,0.19642857142857142,-0.19642857142857142,0.8571428571428571,1.0
fold_06,rolling_7d,pair_bypair_cv_independent,outer->near,near_outer,reverse,168,65.0,56.0,101.67979734051131,123.0,0.7321428571428571,0.5178571428571429,-0.05357142857142857,0.75,0.6666666666666666
fold_06,rolling_7d,pair_bypair_cv_hierarchical,core->near,core_near,forward,168,183.0,175.0,287.93510799710043,296.0,1.7619047619047619,1.0238095238095237,-0.047619047619047616,0.5119047619047619,0.125
fold_06,rolling_7d,pair_bypair_cv_hierarchical,core->outer,core_outer,forward,168,35.0,35.0,42.528642185867284,62.0,0.36904761904761907,0.30952380952380953,0.0,0.8273809523809523,0.7916666666666666
fold_06,rolling_7d,pair_bypair_cv_hierarchical,near->core,core_near,reverse,168,179.0,203.0,230.29367807738896,240.0,1.4285714285714286,0.9285714285714286,0.14285714285714285,0.42857142857142855,0.041666666666666664
fold_06,rolling_7d,pair_bypair_cv_hierarchical,near->outer,near_outer,forward,168,59.0,35.0,91.48567683270343,96.0,0.5714285714285714,0.35714285714285715,-0.14285714285714285,0.7678571428571429,0.7916666666666666
fold_06,rolling_7d,pair_bypair_cv_hierarchical,outer->core,core_outer,reverse,168,33.0,35.0,43.325923672335264,64.0,0.38095238095238093,0.32142857142857145,0.011904761904761904,0.8571428571428571,0.7916666666666666
fold_06,rolling_7d,pair_bypair_cv_hierarchical,outer->near,near_outer,reverse,168,65.0,91.0,103.79717420590741,132.0,0.7857142857142857,0.6071428571428571,0.15476190476190477,0.75,0.4583333333333333
fold_07,rolling_7d,circular3_independent,core->near,core_near,forward,168,189.0,189.0,286.2615104166667,290.0,1.7261904761904763,1.0595238095238095,0.0,0.5059523809523809,0.08333333333333333
fold_07,rolling_7d,circular3_independent,core->outer,core_outer,forward,168,39.0,14.0,48.0262890625,55.0,0.3273809523809524,0.25595238095238093,-0.1488095238095238,0.8154761904761905,0.9166666666666666
fold_07,rolling_7d,circular3_independent,near->core,core_near,reverse,168,187.0,182.0,234.76837890625,249.0,1.4821428571428572,0.9107142857142857,-0.02976190476190476,0.40476190476190477,0.041666666666666664
fold_07,rolling_7d,circular3_independent,near->outer,near_outer,forward,168,51.0,49.0,71.44643880208334,88.0,0.5238095238095238,0.38095238095238093,-0.011904761904761904,0.7857142857142857,0.7083333333333334
fold_07,rolling_7d,circular3_independent,outer->core,core_outer,reverse,168,34.0,0.0,42.2204296875,48.0,0.2857142857142857,0.20238095238095238,-0.20238095238095238,0.8392857142857143,1.0
fold_07,rolling_7d,circular3_independent,outer->near,near_outer,reverse,168,60.0,63.0,91.1075,123.0,0.7321428571428571,0.5059523809523809,0.017857142857142856,0.7619047619047619,0.625
fold_07,rolling_7d,pair_default_independent,core->near,core_near,forward,168,189.0,175.0,282.49610124306184,288.0,1.7142857142857142,1.0238095238095237,-0.08333333333333333,0.5059523809523809,0.125
fold_07,rolling_7d,pair_default_independent,core->outer,core_outer,forward,168,39.0,14.0,48.145405948014485,55.0,0.3273809523809524,0.25595238095238093,-0.1488095238095238,0.8154761904761905,0.9166666666666666
fold_07,rolling_7d,pair_default_independent,near->core,core_near,reverse,168,187.0,196.0,238.61487645660984,241.0,1.4345238095238095,0.9107142857142857,0.05357142857142857,0.40476190476190477,0.041666666666666664
fold_07,rolling_7d,pair_default_independent,near->outer,near_outer,forward,168,51.0,35.0,71.05693082695838,86.0,0.5119047619047619,0.34523809523809523,-0.09523809523809523,0.7857142857142857,0.7916666666666666
fold_07,rolling_7d,pair_default_independent,outer->core,core_outer,reverse,168,34.0,0.0,41.247438592076186,48.0,0.2857142857142857,0.20238095238095238,-0.20238095238095238,0.8392857142857143,1.0
fold_07,rolling_7d,pair_default_independent,outer->near,near_outer,reverse,168,60.0,56.0,93.15608133802554,114.0,0.6785714285714286,0.47619047619047616,-0.023809523809523808,0.7619047619047619,0.6666666666666666
fold_07,rolling_7d,pair_default_hierarchical,core->near,core_near,forward,168,189.0,175.0,282.49610124306184,288.0,1.7142857142857142,1.0238095238095237,-0.08333333333333333,0.5059523809523809,0.125
fold_07,rolling_7d,pair_default_hierarchical,core->outer,core_outer,forward,168,39.0,42.0,48.145405948014485,69.0,0.4107142857142857,0.3392857142857143,0.017857142857142856,0.8154761904761905,0.75
fold_07,rolling_7d,pair_default_hierarchical,near->core,core_near,reverse,168,187.0,182.0,238.61487645660984,241.0,1.4345238095238095,0.8869047619047619,-0.02976190476190476,0.40476190476190477,0.08333333333333333
fold_07,rolling_7d,pair_default_hierarchical,near->outer,near_outer,forward,168,51.0,35.0,71.05693082695838,88.0,0.5238095238095238,0.35714285714285715,-0.09523809523809523,0.7857142857142857,0.7916666666666666
fold_07,rolling_7d,pair_default_hierarchical,outer->core,core_outer,reverse,168,34.0,21.0,41.247438592076186,59.0,0.35119047619047616,0.27976190476190477,-0.07738095238095238,0.8392857142857143,0.875
fold_07,rolling_7d,pair_default_hierarchical,outer->near,near_outer,reverse,168,60.0,91.0,93.15608133802554,117.0,0.6964285714285714,0.5535714285714286,0.18452380952380953,0.7619047619047619,0.4583333333333333
fold_07,rolling_7d,pair_global_cv_independent,core->near,core_near,forward,168,189.0,182.0,281.28343846101956,291.0,1.7321428571428572,1.0535714285714286,-0.041666666666666664,0.5059523809523809,0.08333333333333333
fold_07,rolling_7d,pair_global_cv_independent,core->outer,core_outer,forward,168,39.0,14.0,47.8699010943114,55.0,0.3273809523809524,0.25595238095238093,-0.1488095238095238,0.8154761904761905,0.9166666666666666
fold_07,rolling_7d,pair_global_cv_independent,near->core,core_near,reverse,168,187.0,203.0,237.9138035769841,242.0,1.4404761904761905,0.9285714285714286,0.09523809523809523,0.40476190476190477,0.041666666666666664
fold_07,rolling_7d,pair_global_cv_independent,near->outer,near_outer,forward,168,51.0,42.0,70.96486893458841,89.0,0.5297619047619048,0.3630952380952381,-0.05357142857142857,0.7857142857142857,0.75
fold_07,rolling_7d,pair_global_cv_independent,outer->core,core_outer,reverse,168,34.0,0.0,41.18691784900422,48.0,0.2857142857142857,0.20238095238095238,-0.20238095238095238,0.8392857142857143,1.0
fold_07,rolling_7d,pair_global_cv_independent,outer->near,near_outer,reverse,168,60.0,63.0,92.27105167636458,115.0,0.6845238095238095,0.49404761904761907,0.017857142857142856,0.7619047619047619,0.625
fold_07,rolling_7d,pair_global_cv_hierarchical,core->near,core_near,forward,168,189.0,175.0,281.4940579816164,288.0,1.7142857142857142,1.0238095238095237,-0.08333333333333333,0.5059523809523809,0.125
fold_07,rolling_7d,pair_global_cv_hierarchical,core->outer,core_outer,forward,168,39.0,56.0,48.80980021590725,73.0,0.43452380952380953,0.3869047619047619,0.10119047619047619,0.8154761904761905,0.6666666666666666
fold_07,rolling_7d,pair_global_cv_hierarchical,near->core,core_near,reverse,168,187.0,203.0,238.27005460724106,248.0,1.4761904761904763,0.9285714285714286,0.09523809523809523,0.40476190476190477,0.041666666666666664
fold_07,rolling_7d,pair_global_cv_hierarchical,near->outer,near_outer,forward,168,51.0,21.0,72.0596604322082,82.0,0.4880952380952381,0.32142857142857145,-0.17857142857142858,0.7857142857142857,0.875
fold_07,rolling_7d,pair_global_cv_hierarchical,outer->core,core_outer,reverse,168,34.0,7.0,41.41678949724894,51.0,0.30357142857142855,0.22023809523809523,-0.16071428571428573,0.8392857142857143,0.9583333333333334
fold_07,rolling_7d,pair_global_cv_hierarchical,outer->near,near_outer,reverse,168,60.0,105.0,93.36362681887957,127.0,0.7559523809523809,0.6130952380952381,0.26785714285714285,0.7619047619047619,0.375
fold_07,rolling_7d,pair_bypair_cv_independent,core->near,core_near,forward,168,189.0,182.0,281.28343846101956,291.0,1.7321428571428572,1.0535714285714286,-0.041666666666666664,0.5059523809523809,0.08333333333333333
fold_07,rolling_7d,pair_bypair_cv_independent,core->outer,core_outer,forward,168,39.0,14.0,47.78228511878669,55.0,0.3273809523809524,0.25595238095238093,-0.1488095238095238,0.8154761904761905,0.9166666666666666
fold_07,rolling_7d,pair_bypair_cv_independent,near->core,core_near,reverse,168,187.0,203.0,237.9138035769841,242.0,1.4404761904761905,0.9285714285714286,0.09523809523809523,0.40476190476190477,0.041666666666666664
fold_07,rolling_7d,pair_bypair_cv_independent,near->outer,near_outer,forward,168,51.0,35.0,70.5671324070967,86.0,0.5119047619047619,0.34523809523809523,-0.09523809523809523,0.7857142857142857,0.7916666666666666
fold_07,rolling_7d,pair_bypair_cv_independent,outer->core,core_outer,reverse,168,34.0,7.0,41.76927664499098,51.0,0.30357142857142855,0.22023809523809523,-0.16071428571428573,0.8392857142857143,0.9583333333333334
fold_07,rolling_7d,pair_bypair_cv_independent,outer->near,near_outer,reverse,168,60.0,56.0,92.29336189423407,114.0,0.6785714285714286,0.47619047619047616,-0.023809523809523808,0.7619047619047619,0.6666666666666666
fold_07,rolling_7d,pair_bypair_cv_hierarchical,core->near,core_near,forward,168,189.0,182.0,281.28343846101956,293.0,1.744047619047619,1.0535714285714286,-0.041666666666666664,0.5059523809523809,0.08333333333333333
fold_07,rolling_7d,pair_bypair_cv_hierarchical,core->outer,core_outer,forward,168,39.0,35.0,47.509483572092876,66.0,0.39285714285714285,0.32142857142857145,-0.023809523809523808,0.8154761904761905,0.7916666666666666
fold_07,rolling_7d,pair_bypair_cv_hierarchical,near->core,core_near,reverse,168,187.0,196.0,237.9138035769841,241.0,1.4345238095238095,0.9107142857142857,0.05357142857142857,0.40476190476190477,0.041666666666666664
fold_07,rolling_7d,pair_bypair_cv_hierarchical,near->outer,near_outer,forward,168,51.0,42.0,71.8297760474884,95.0,0.5654761904761905,0.39880952380952384,-0.05357142857142857,0.7857142857142857,0.75
fold_07,rolling_7d,pair_bypair_cv_hierarchical,outer->core,core_outer,reverse,168,34.0,28.0,41.328174900790984,66.0,0.39285714285714285,0.32142857142857145,-0.03571428571428571,0.8392857142857143,0.8333333333333334
fold_07,rolling_7d,pair_bypair_cv_hierarchical,outer->near,near_outer,reverse,168,60.0,84.0,94.09896695958537,122.0,0.7261904761904762,0.5714285714285714,0.14285714285714285,0.7619047619047619,0.5
fold_08,rolling_7d,circular3_independent,core->near,core_near,forward,167,185.0,181.0,294.8969422442691,304.0,1.8203592814371257,1.0419161676646707,-0.023952095808383235,0.49700598802395207,0.08383233532934131
fold_08,rolling_7d,circular3_independent,core->outer,core_outer,forward,167,39.0,14.0,47.549542806552765,55.0,0.32934131736526945,0.25748502994011974,-0.1497005988023952,0.8143712574850299,0.9161676646706587
fold_08,rolling_7d,circular3_independent,near->core,core_near,reverse,167,187.0,188.0,289.3395531466264,309.0,1.8502994011976048,0.9640718562874252,0.005988023952095809,0.41317365269461076,0.041916167664670656
fold_08,rolling_7d,circular3_independent,near->outer,near_outer,forward,167,53.0,49.0,65.87400485240052,78.0,0.46706586826347307,0.3592814371257485,-0.023952095808383235,0.7664670658682635,0.7065868263473054
fold_08,rolling_7d,circular3_independent,outer->core,core_outer,reverse,167,34.0,0.0,39.67768030925605,46.0,0.2754491017964072,0.20359281437125748,-0.20359281437125748,0.8323353293413174,1.0
fold_08,rolling_7d,circular3_independent,outer->near,near_outer,reverse,167,60.0,49.0,86.91577063959775,105.0,0.6287425149700598,0.41317365269461076,-0.0658682634730539,0.7544910179640718,0.7065868263473054
fold_08,rolling_7d,pair_default_independent,core->near,core_near,forward,167,185.0,181.0,299.5649762853062,304.0,1.8203592814371257,1.0419161676646707,-0.023952095808383235,0.49700598802395207,0.08383233532934131
fold_08,rolling_7d,pair_default_independent,core->outer,core_outer,forward,167,39.0,14.0,47.590522307687664,55.0,0.32934131736526945,0.25748502994011974,-0.1497005988023952,0.8143712574850299,0.9161676646706587
fold_08,rolling_7d,pair_default_independent,near->core,core_near,reverse,167,187.0,202.0,296.76688147051146,305.0,1.8263473053892216,0.9760479041916168,0.08982035928143713,0.41317365269461076,0.041916167664670656
fold_08,rolling_7d,pair_default_independent,near->outer,near_outer,forward,167,53.0,42.0,65.07373315473616,79.0,0.47305389221556887,0.3413173652694611,-0.0658682634730539,0.7664670658682635,0.7485029940119761
fold_08,rolling_7d,pair_default_independent,outer->core,core_outer,reverse,167,34.0,0.0,39.56837704363786,46.0,0.2754491017964072,0.20359281437125748,-0.20359281437125748,0.8323353293413174,1.0
fold_08,rolling_7d,pair_default_independent,outer->near,near_outer,reverse,167,60.0,63.0,88.25728316065734,109.0,0.6526946107784432,0.47305389221556887,0.017964071856287425,0.7544910179640718,0.6227544910179641
fold_08,rolling_7d,pair_default_hierarchical,core->near,core_near,forward,167,185.0,167.0,299.5649762853062,306.0,1.8323353293413174,1.0059880239520957,-0.10778443113772455,0.49700598802395207,0.16766467065868262
fold_08,rolling_7d,pair_default_hierarchical,core->outer,core_outer,forward,167,39.0,35.0,47.590522307687664,64.0,0.38323353293413176,0.31137724550898205,-0.023952095808383235,0.8143712574850299,0.7904191616766467
fold_08,rolling_7d,pair_default_hierarchical,near->core,core_near,reverse,167,187.0,188.0,296.76688147051146,303.0,1.81437125748503,0.9401197604790419,0.005988023952095809,0.41317365269461076,0.041916167664670656
fold_08,rolling_7d,pair_default_hierarchical,near->outer,near_outer,forward,167,53.0,28.0,65.07373315473616,73.0,0.437125748502994,0.30538922155688625,-0.1497005988023952,0.7664670658682635,0.8323353293413174
fold_08,rolling_7d,pair_default_hierarchical,outer->core,core_outer,reverse,167,34.0,35.0,39.56837704363786,65.0,0.38922155688622756,0.3413173652694611,0.005988023952095809,0.8323353293413174,0.7904191616766467
fold_08,rolling_7d,pair_default_hierarchical,outer->near,near_outer,reverse,167,60.0,105.0,88.25728316065734,119.0,0.7125748502994012,0.5808383233532934,0.2694610778443114,0.7544910179640718,0.3712574850299401
fold_08,rolling_7d,pair_global_cv_independent,core->near,core_near,forward,167,185.0,181.0,297.617849696092,304.0,1.8203592814371257,1.0419161676646707,-0.023952095808383235,0.49700598802395207,0.08383233532934131
fold_08,rolling_7d,pair_global_cv_independent,core->outer,core_outer,forward,167,39.0,14.0,47.29568796891665,55.0,0.32934131736526945,0.25748502994011974,-0.1497005988023952,0.8143712574850299,0.9161676646706587
fold_08,rolling_7d,pair_global_cv_independent,near->core,core_near,reverse,167,187.0,202.0,295.5479114763597,305.0,1.8263473053892216,0.9760479041916168,0.08982035928143713,0.41317365269461076,0.041916167664670656
fold_08,rolling_7d,pair_global_cv_independent,near->outer,near_outer,forward,167,53.0,42.0,65.04817634795404,79.0,0.47305389221556887,0.3413173652694611,-0.0658682634730539,0.7664670658682635,0.7485029940119761
fold_08,rolling_7d,pair_global_cv_independent,outer->core,core_outer,reverse,167,34.0,0.0,39.45069468454774,46.0,0.2754491017964072,0.20359281437125748,-0.20359281437125748,0.8323353293413174,1.0
fold_08,rolling_7d,pair_global_cv_independent,outer->near,near_outer,reverse,167,60.0,56.0,86.9260111967225,110.0,0.6586826347305389,0.47904191616766467,-0.023952095808383235,0.7544910179640718,0.6646706586826348
fold_08,rolling_7d,pair_global_cv_hierarchical,core->near,core_near,forward,167,185.0,174.0,295.9212288481459,305.0,1.8263473053892216,1.0239520958083832,-0.0658682634730539,0.49700598802395207,0.12574850299401197
fold_08,rolling_7d,pair_global_cv_hierarchical,core->outer,core_outer,forward,167,39.0,49.0,48.2356928599275,68.0,0.40718562874251496,0.3592814371257485,0.059880239520958084,0.8143712574850299,0.7065868263473054
fold_08,rolling_7d,pair_global_cv_hierarchical,near->core,core_near,reverse,167,187.0,202.0,298.39742952808524,309.0,1.8502994011976048,0.9640718562874252,0.08982035928143713,0.41317365269461076,0.041916167664670656
fold_08,rolling_7d,pair_global_cv_hierarchical,near->outer,near_outer,forward,167,53.0,21.0,66.27705536033378,74.0,0.4431137724550898,0.31137724550898205,-0.19161676646706588,0.7664670658682635,0.874251497005988
fold_08,rolling_7d,pair_global_cv_hierarchical,outer->core,core_outer,reverse,167,34.0,21.0,39.6375287250042,51.0,0.30538922155688625,0.25748502994011974,-0.07784431137724551,0.8323353293413174,0.874251497005988
fold_08,rolling_7d,pair_global_cv_hierarchical,outer->near,near_outer,reverse,167,60.0,105.0,88.03841859593011,127.0,0.7604790419161677,0.6167664670658682,0.2694610778443114,0.7544910179640718,0.3712574850299401
fold_08,rolling_7d,pair_bypair_cv_independent,core->near,core_near,forward,167,185.0,181.0,297.617849696092,304.0,1.8203592814371257,1.0419161676646707,-0.023952095808383235,0.49700598802395207,0.08383233532934131
fold_08,rolling_7d,pair_bypair_cv_independent,core->outer,core_outer,forward,167,39.0,14.0,47.34961537123358,55.0,0.32934131736526945,0.25748502994011974,-0.1497005988023952,0.8143712574850299,0.9161676646706587
fold_08,rolling_7d,pair_bypair_cv_independent,near->core,core_near,reverse,167,187.0,202.0,295.5479114763597,305.0,1.8263473053892216,0.9760479041916168,0.08982035928143713,0.41317365269461076,0.041916167664670656
fold_08,rolling_7d,pair_bypair_cv_independent,near->outer,near_outer,forward,167,53.0,42.0,65.04817634795404,79.0,0.47305389221556887,0.3413173652694611,-0.0658682634730539,0.7664670658682635,0.7485029940119761
fold_08,rolling_7d,pair_bypair_cv_independent,outer->core,core_outer,reverse,167,34.0,14.0,40.66478466789255,50.0,0.2994011976047904,0.23952095808383234,-0.11976047904191617,0.8323353293413174,0.9161676646706587
fold_08,rolling_7d,pair_bypair_cv_independent,outer->near,near_outer,reverse,167,60.0,56.0,86.9260111967225,110.0,0.6586826347305389,0.47904191616766467,-0.023952095808383235,0.7544910179640718,0.6646706586826348
fold_08,rolling_7d,pair_bypair_cv_hierarchical,core->near,core_near,forward,167,185.0,181.0,297.617849696092,306.0,1.8323353293413174,1.0419161676646707,-0.023952095808383235,0.49700598802395207,0.08383233532934131
fold_08,rolling_7d,pair_bypair_cv_hierarchical,core->outer,core_outer,forward,167,39.0,35.0,46.973509297905,64.0,0.38323353293413176,0.31137724550898205,-0.023952095808383235,0.8143712574850299,0.7904191616766467
fold_08,rolling_7d,pair_bypair_cv_hierarchical,near->core,core_near,reverse,167,187.0,195.0,295.5479114763597,304.0,1.8203592814371257,0.9580838323353293,0.04790419161676647,0.41317365269461076,0.041916167664670656
fold_08,rolling_7d,pair_bypair_cv_hierarchical,near->outer,near_outer,forward,167,53.0,41.0,66.2170385201085,82.0,0.49101796407185627,0.3712574850299401,-0.0718562874251497,0.7664670658682635,0.7544910179640718
fold_08,rolling_7d,pair_bypair_cv_hierarchical,outer->core,core_outer,reverse,167,34.0,35.0,39.80353123471589,65.0,0.38922155688622756,0.3413173652694611,0.005988023952095809,0.8323353293413174,0.7904191616766467
fold_08,rolling_7d,pair_bypair_cv_hierarchical,outer->near,near_outer,reverse,167,60.0,84.0,87.35625347525684,114.0,0.6826347305389222,0.5389221556886228,0.1437125748502994,0.7544910179640718,0.49700598802395207
final_analog,final_analog,circular3_independent,core->near,core_near,forward,143,153.0,161.0,238.77457922166687,246.0,1.7202797202797202,1.006993006993007,0.055944055944055944,0.48951048951048953,0.08391608391608392
final_analog,final_analog,circular3_independent,core->outer,core_outer,forward,143,35.0,12.0,44.277062241018406,49.0,0.34265734265734266,0.25874125874125875,-0.16083916083916083,0.8111888111888111,0.916083916083916
final_analog,final_analog,circular3_independent,near->core,core_near,reverse,143,156.0,167.0,247.8024477764962,267.0,1.867132867132867,0.958041958041958,0.07692307692307693,0.4125874125874126,0.04195804195804196
final_analog,final_analog,circular3_independent,near->outer,near_outer,forward,143,44.0,36.0,55.982712311504116,66.0,0.46153846153846156,0.36363636363636365,-0.055944055944055944,0.7762237762237763,0.7482517482517482
final_analog,final_analog,circular3_independent,outer->core,core_outer,reverse,143,29.0,0.0,30.964716428510396,37.0,0.25874125874125875,0.20279720279720279,-0.20279720279720279,0.8251748251748252,1.0
final_analog,final_analog,circular3_independent,outer->near,near_outer,reverse,143,51.0,48.0,80.90047297513777,101.0,0.7062937062937062,0.45454545454545453,-0.02097902097902098,0.7692307692307693,0.6643356643356644
final_analog,final_analog,pair_default_independent,core->near,core_near,forward,143,153.0,155.0,240.978024128524,242.0,1.6923076923076923,0.993006993006993,0.013986013986013986,0.48951048951048953,0.08391608391608392
final_analog,final_analog,pair_default_independent,core->outer,core_outer,forward,143,35.0,6.0,44.34926843450802,49.0,0.34265734265734266,0.24475524475524477,-0.20279720279720279,0.8111888111888111,0.958041958041958
final_analog,final_analog,pair_default_independent,near->core,core_near,reverse,143,156.0,167.0,256.1112738456302,267.0,1.867132867132867,0.958041958041958,0.07692307692307693,0.4125874125874126,0.04195804195804196
final_analog,final_analog,pair_default_independent,near->outer,near_outer,forward,143,44.0,36.0,55.21371905801041,66.0,0.46153846153846156,0.3356643356643357,-0.055944055944055944,0.7762237762237763,0.7482517482517482
final_analog,final_analog,pair_default_independent,outer->core,core_outer,reverse,143,29.0,0.0,31.130658707209037,37.0,0.25874125874125875,0.20279720279720279,-0.20279720279720279,0.8251748251748252,1.0
final_analog,final_analog,pair_default_independent,outer->near,near_outer,reverse,143,51.0,54.0,81.7181887666106,99.0,0.6923076923076923,0.4825174825174825,0.02097902097902098,0.7692307692307693,0.6223776223776224
final_analog,final_analog,pair_default_hierarchical,core->near,core_near,forward,143,153.0,143.0,240.978024128524,246.0,1.7202797202797202,0.965034965034965,-0.06993006993006994,0.48951048951048953,0.16783216783216784
final_analog,final_analog,pair_default_hierarchical,core->outer,core_outer,forward,143,35.0,36.0,44.34926843450802,65.0,0.45454545454545453,0.3706293706293706,0.006993006993006993,0.8111888111888111,0.7482517482517482
final_analog,final_analog,pair_default_hierarchical,near->core,core_near,reverse,143,156.0,167.0,256.1112738456302,247.0,1.7272727272727273,0.916083916083916,0.07692307692307693,0.4125874125874126,0.04195804195804196
final_analog,final_analog,pair_default_hierarchical,near->outer,near_outer,forward,143,44.0,36.0,55.21371905801041,68.0,0.4755244755244755,0.34965034965034963,-0.055944055944055944,0.7762237762237763,0.7482517482517482
final_analog,final_analog,pair_default_hierarchical,outer->core,core_outer,reverse,143,29.0,18.0,31.130658707209037,45.0,0.3146853146853147,0.2727272727272727,-0.07692307692307693,0.8251748251748252,0.8741258741258742
final_analog,final_analog,pair_default_hierarchical,outer->near,near_outer,reverse,143,51.0,72.0,81.7181887666106,99.0,0.6923076923076923,0.5244755244755245,0.14685314685314685,0.7692307692307693,0.4965034965034965
final_analog,final_analog,pair_global_cv_independent,core->near,core_near,forward,143,153.0,155.0,240.07941350141658,242.0,1.6923076923076923,0.993006993006993,0.013986013986013986,0.48951048951048953,0.08391608391608392
final_analog,final_analog,pair_global_cv_independent,core->outer,core_outer,forward,143,35.0,12.0,44.04770030850071,49.0,0.34265734265734266,0.25874125874125875,-0.16083916083916083,0.8111888111888111,0.916083916083916
final_analog,final_analog,pair_global_cv_independent,near->core,core_near,reverse,143,156.0,167.0,254.68435350835185,267.0,1.867132867132867,0.958041958041958,0.07692307692307693,0.4125874125874126,0.04195804195804196
final_analog,final_analog,pair_global_cv_independent,near->outer,near_outer,forward,143,44.0,36.0,55.293095123659455,66.0,0.46153846153846156,0.3356643356643357,-0.055944055944055944,0.7762237762237763,0.7482517482517482
final_analog,final_analog,pair_global_cv_independent,outer->core,core_outer,reverse,143,29.0,0.0,30.992006507006405,37.0,0.25874125874125875,0.20279720279720279,-0.20279720279720279,0.8251748251748252,1.0
final_analog,final_analog,pair_global_cv_independent,outer->near,near_outer,reverse,143,51.0,48.0,80.67366546752442,93.0,0.6503496503496503,0.4405594405594406,-0.02097902097902098,0.7692307692307693,0.6643356643356644
final_analog,final_analog,pair_global_cv_hierarchical,core->near,core_near,forward,143,153.0,149.0,240.07941350141658,246.0,1.7202797202797202,0.9790209790209791,-0.027972027972027972,0.48951048951048953,0.1258741258741259
final_analog,final_analog,pair_global_cv_hierarchical,core->outer,core_outer,forward,143,35.0,36.0,44.04770030850071,61.0,0.42657342657342656,0.34265734265734266,0.006993006993006993,0.8111888111888111,0.7482517482517482
final_analog,final_analog,pair_global_cv_hierarchical,near->core,core_near,reverse,143,156.0,173.0,254.68435350835185,247.0,1.7272727272727273,0.9300699300699301,0.11888111888111888,0.4125874125874126,0.04195804195804196
final_analog,final_analog,pair_global_cv_hierarchical,near->outer,near_outer,forward,143,44.0,36.0,55.293095123659455,68.0,0.4755244755244755,0.34965034965034963,-0.055944055944055944,0.7762237762237763,0.7482517482517482
final_analog,final_analog,pair_global_cv_hierarchical,outer->core,core_outer,reverse,143,29.0,18.0,30.992006507006405,45.0,0.3146853146853147,0.2727272727272727,-0.07692307692307693,0.8251748251748252,0.8741258741258742
final_analog,final_analog,pair_global_cv_hierarchical,outer->near,near_outer,reverse,143,51.0,72.0,80.67366546752442,99.0,0.6923076923076923,0.5244755244755245,0.14685314685314685,0.7692307692307693,0.4965034965034965
final_analog,final_analog,pair_bypair_cv_independent,core->near,core_near,forward,143,153.0,155.0,240.07941350141658,242.0,1.6923076923076923,0.993006993006993,0.013986013986013986,0.48951048951048953,0.08391608391608392
final_analog,final_analog,pair_bypair_cv_independent,core->outer,core_outer,forward,143,35.0,12.0,43.90043060195704,49.0,0.34265734265734266,0.25874125874125875,-0.16083916083916083,0.8111888111888111,0.916083916083916
final_analog,final_analog,pair_bypair_cv_independent,near->core,core_near,reverse,143,156.0,167.0,254.68435350835185,267.0,1.867132867132867,0.958041958041958,0.07692307692307693,0.4125874125874126,0.04195804195804196
final_analog,final_analog,pair_bypair_cv_independent,near->outer,near_outer,forward,143,44.0,36.0,55.293095123659455,66.0,0.46153846153846156,0.3356643356643357,-0.055944055944055944,0.7762237762237763,0.7482517482517482
final_analog,final_analog,pair_bypair_cv_independent,outer->core,core_outer,reverse,143,29.0,0.0,31.234411755277353,37.0,0.25874125874125875,0.20279720279720279,-0.20279720279720279,0.8251748251748252,1.0
final_analog,final_analog,pair_bypair_cv_independent,outer->near,near_outer,reverse,143,51.0,48.0,80.67366546752442,93.0,0.6503496503496503,0.4405594405594406,-0.02097902097902098,0.7692307692307693,0.6643356643356644
final_analog,final_analog,pair_bypair_cv_hierarchical,core->near,core_near,forward,143,153.0,149.0,240.07941350141658,246.0,1.7202797202797202,0.9790209790209791,-0.027972027972027972,0.48951048951048953,0.1258741258741259
final_analog,final_analog,pair_bypair_cv_hierarchical,core->outer,core_outer,forward,143,35.0,30.0,43.63377342481151,59.0,0.4125874125874126,0.32867132867132864,-0.03496503496503497,0.8111888111888111,0.7902097902097902
final_analog,final_analog,pair_bypair_cv_hierarchical,near->core,core_near,reverse,143,156.0,173.0,254.68435350835185,247.0,1.7272727272727273,0.9300699300699301,0.11888111888111888,0.4125874125874126,0.04195804195804196
final_analog,final_analog,pair_bypair_cv_hierarchical,near->outer,near_outer,forward,143,44.0,41.0,57.52550163932514,77.0,0.5384615384615384,0.4125874125874126,-0.02097902097902098,0.7762237762237763,0.7132867132867133
final_analog,final_analog,pair_bypair_cv_hierarchical,outer->core,core_outer,reverse,143,29.0,24.0,31.43163332731862,47.0,0.32867132867132864,0.2867132867132867,-0.03496503496503497,0.8251748251748252,0.8321678321678322
final_analog,final_analog,pair_bypair_cv_hierarchical,outer->near,near_outer,reverse,143,51.0,66.0,79.76201469676445,97.0,0.6783216783216783,0.5104895104895105,0.1048951048951049,0.7692307692307693,0.5384615384615384
