evaluation_id,evaluation_type,method,n_prediction_rows,n_scored_rows,sse_float,sse_rounded,mse_rounded,mae_rounded,mean_bias_rounded,actual_total,predicted_total,rolling_rank
final_analog,final_analog,circular3_independent,864,858,698.7019909543338,766.0,0.8927738927738927,0.5407925407925408,-0.05128205128205128,468.0,424.0,
final_analog,final_analog,pair_bypair_cv_hierarchical,864,858,707.1166900979882,773.0,0.9009324009324009,0.5745920745920746,0.017482517482517484,468.0,483.0,
final_analog,final_analog,pair_bypair_cv_independent,864,858,705.8653699581866,754.0,0.8787878787878788,0.5314685314685315,-0.05827505827505827,468.0,418.0,
final_analog,final_analog,pair_default_hierarchical,864,858,709.5011329404922,770.0,0.8974358974358975,0.5664335664335665,0.004662004662004662,468.0,472.0,
final_analog,final_analog,pair_default_independent,864,858,709.5011329404922,760.0,0.8857808857808858,0.5361305361305362,-0.05827505827505827,468.0,418.0,
final_analog,final_analog,pair_global_cv_hierarchical,864,858,705.7702344164594,766.0,0.8927738927738927,0.5664335664335665,0.018648018648018648,468.0,484.0,
final_analog,final_analog,pair_global_cv_independent,864,858,705.7702344164594,754.0,0.8787878787878788,0.5314685314685315,-0.05827505827505827,468.0,418.0,
fold_01,rolling_7d,circular3_independent,1008,1008,912.8457407407408,1007.0,0.9990079365079365,0.564484126984127,-0.09623015873015874,559.0,462.0,4.0
fold_01,rolling_7d,pair_bypair_cv_hierarchical,1008,1008,929.5536033727404,972.0,0.9642857142857143,0.5793650793650794,-0.01984126984126984,559.0,539.0,1.0
fold_01,rolling_7d,pair_bypair_cv_independent,1008,1008,925.6805378517524,1011.0,1.0029761904761905,0.564484126984127,-0.09623015873015874,559.0,462.0,5.0
fold_01,rolling_7d,pair_default_hierarchical,1008,1008,922.7730264429288,1018.0,1.0099206349206349,0.6011904761904762,-0.005952380952380952,559.0,553.0,6.0
fold_01,rolling_7d,pair_default_independent,1008,1008,922.7730264429288,990.0,0.9821428571428571,0.5654761904761905,-0.07539682539682539,559.0,483.0,3.0
fold_01,rolling_7d,pair_global_cv_hierarchical,1008,1008,931.4625010395716,979.0,0.9712301587301587,0.5882936507936508,-0.012896825396825396,559.0,546.0,2.0
fold_01,rolling_7d,pair_global_cv_independent,1008,1008,931.4625010395716,1020.0,1.0119047619047619,0.5575396825396826,-0.11706349206349206,559.0,441.0,7.0
fold_02,rolling_7d,circular3_independent,1008,1008,903.3389772727273,967.0,0.9593253968253969,0.5565476190476191,-0.08432539682539683,561.0,476.0,1.0
fold_02,rolling_7d,pair_bypair_cv_hierarchical,1008,1008,925.7015622317601,999.0,0.9910714285714286,0.6041666666666666,-0.000992063492063492,561.0,560.0,3.0
fold_02,rolling_7d,pair_bypair_cv_independent,1008,1008,911.2785624151877,1004.0,0.996031746031746,0.5694444444444444,-0.10515873015873016,561.0,455.0,6.0
fold_02,rolling_7d,pair_default_hierarchical,1008,1008,908.2193099096643,1000.0,0.9920634920634921,0.6051587301587301,-0.007936507936507936,561.0,553.0,5.0
fold_02,rolling_7d,pair_default_independent,1008,1008,908.2193099096643,999.0,0.9910714285714286,0.5684523809523809,-0.11210317460317461,561.0,448.0,3.0
fold_02,rolling_7d,pair_global_cv_hierarchical,1008,1008,919.4856664938825,974.0,0.9662698412698413,0.5972222222222222,-0.007936507936507936,561.0,553.0,2.0
fold_02,rolling_7d,pair_global_cv_independent,1008,1008,919.4856664938825,1010.0,1.001984126984127,0.5694444444444444,-0.11904761904761904,561.0,441.0,7.0
fold_03,rolling_7d,circular3_independent,1008,1008,850.0387037993572,914.0,0.9067460317460317,0.5436507936507936,-0.05952380952380952,536.0,476.0,1.0
fold_03,rolling_7d,pair_bypair_cv_hierarchical,1008,1008,863.3770310618844,953.0,0.9454365079365079,0.5942460317460317,0.030753968253968252,536.0,567.0,4.0
fold_03,rolling_7d,pair_bypair_cv_independent,1008,1008,866.084819435413,939.0,0.9315476190476191,0.5545634920634921,-0.06646825396825397,536.0,469.0,3.0
fold_03,rolling_7d,pair_default_hierarchical,1008,1008,861.4842075267954,962.0,0.9543650793650794,0.5972222222222222,0.023809523809523808,536.0,560.0,6.0
fold_03,rolling_7d,pair_default_independent,1008,1008,861.4842075267954,938.0,0.9305555555555556,0.5496031746031746,-0.07341269841269842,536.0,462.0,2.0
fold_03,rolling_7d,pair_global_cv_hierarchical,1008,1008,871.2186300555888,975.0,0.9672619047619048,0.6061507936507936,0.030753968253968252,536.0,567.0,7.0
fold_03,rolling_7d,pair_global_cv_independent,1008,1008,871.2186300555888,960.0,0.9523809523809523,0.5615079365079365,-0.07341269841269842,536.0,462.0,5.0
fold_04,rolling_7d,circular3_independent,1008,1008,829.8080775394477,894.0,0.8869047619047619,0.5496031746031746,-0.02976190476190476,541.0,511.0,1.0
fold_04,rolling_7d,pair_bypair_cv_hierarchical,1008,1008,856.8332759907746,951.0,0.9434523809523809,0.6081349206349206,0.03273809523809524,541.0,574.0,6.0
fold_04,rolling_7d,pair_bypair_cv_independent,1008,1008,844.731414297993,913.0,0.9057539682539683,0.5505952380952381,-0.050595238095238096,541.0,490.0,4.0
fold_04,rolling_7d,pair_default_hierarchical,1008,1008,841.901049700959,936.0,0.9285714285714286,0.6051587301587301,0.025793650793650792,541.0,567.0,5.0
fold_04,rolling_7d,pair_default_independent,1008,1008,841.901049700959,904.0,0.8968253968253969,0.5535714285714286,-0.04365079365079365,541.0,497.0,3.0
fold_04,rolling_7d,pair_global_cv_hierarchical,1008,1008,849.5796074525722,953.0,0.9454365079365079,0.6081349206349206,0.03273809523809524,541.0,574.0,7.0
fold_04,rolling_7d,pair_global_cv_independent,1008,1008,840.5600567646917,901.0,0.8938492063492064,0.5486111111111112,-0.06448412698412699,541.0,476.0,2.0
fold_05,rolling_7d,circular3_independent,1008,1008,849.951262679628,902.0,0.8948412698412699,0.5575396825396826,-0.06944444444444445,574.0,504.0,3.0
fold_05,rolling_7d,pair_bypair_cv_hierarchical,1008,1008,852.782343230373,932.0,0.9246031746031746,0.6011904761904762,0.0,574.0,574.0,6.0
fold_05,rolling_7d,pair_bypair_cv_independent,1008,1008,843.8657886452463,900.0,0.8928571428571429,0.5535714285714286,-0.08333333333333333,574.0,490.0,1.0
fold_05,rolling_7d,pair_default_hierarchical,1008,1008,847.0034047567951,936.0,0.9285714285714286,0.6031746031746031,0.0,574.0,574.0,7.0
fold_05,rolling_7d,pair_default_independent,1008,1008,847.0034047567951,903.0,0.8958333333333334,0.5525793650793651,-0.09027777777777778,574.0,483.0,4.0
fold_05,rolling_7d,pair_global_cv_hierarchical,1008,1008,853.1045537588527,930.0,0.9226190476190477,0.5972222222222222,0.0,574.0,574.0,5.0
fold_05,rolling_7d,pair_global_cv_independent,1008,1008,844.33390561648,900.0,0.8928571428571429,0.5535714285714286,-0.08333333333333333,574.0,490.0,1.0
fold_06,rolling_7d,circular3_independent,1008,1008,785.0217261904762,850.0,0.8432539682539683,0.5476190476190477,-0.06349206349206349,554.0,490.0,4.0
fold_06,rolling_7d,pair_bypair_cv_hierarchical,1008,1008,799.3662029713026,890.0,0.8829365079365079,0.5912698412698413,0.01984126984126984,554.0,574.0,5.0
fold_06,rolling_7d,pair_bypair_cv_independent,1008,1008,791.7244832090216,848.0,0.8412698412698413,0.5515873015873016,-0.0496031746031746,554.0,504.0,1.0
fold_06,rolling_7d,pair_default_hierarchical,1008,1008,794.9036255363483,890.0,0.8829365079365079,0.5912698412698413,0.005952380952380952,554.0,560.0,5.0
fold_06,rolling_7d,pair_default_independent,1008,1008,794.9036255363483,849.0,0.8422619047619048,0.5486111111111112,-0.05654761904761905,554.0,497.0,3.0
fold_06,rolling_7d,pair_global_cv_hierarchical,1008,1008,799.2163286263112,894.0,0.8869047619047619,0.5912698412698413,0.01984126984126984,554.0,574.0,7.0
fold_06,rolling_7d,pair_global_cv_independent,1008,1008,791.7638464668576,848.0,0.8412698412698413,0.5515873015873016,-0.0496031746031746,554.0,504.0,1.0
fold_07,rolling_7d,circular3_independent,1008,1008,773.830546875,853.0,0.8462301587301587,0.5525793650793651,-0.0625,560.0,497.0,4.0
fold_07,rolling_7d,pair_bypair_cv_hierarchical,1008,1008,773.9636435179613,883.0,0.8759920634920635,0.5962301587301587,0.006944444444444444,560.0,567.0,7.0
fold_07,rolling_7d,pair_bypair_cv_independent,1008,1008,771.609298103112,839.0,0.8323412698412699,0.5466269841269841,-0.0625,560.0,497.0,2.0
fold_07,rolling_7d,pair_default_hierarchical,1008,1008,774.7168344047464,862.0,0.8551587301587301,0.5734126984126984,-0.013888888888888888,560.0,546.0,5.0
fold_07,rolling_7d,pair_default_independent,1008,1008,774.7168344047464,832.0,0.8253968253968254,0.5357142857142857,-0.08333333333333333,560.0,476.0,1.0
fold_07,rolling_7d,pair_global_cv_hierarchical,1008,1008,775.4139895531014,869.0,0.8621031746031746,0.5823412698412699,0.006944444444444444,560.0,567.0,6.0
fold_07,rolling_7d,pair_global_cv_independent,1008,1008,771.4899815922722,840.0,0.8333333333333334,0.5496031746031746,-0.05555555555555555,560.0,504.0,3.0
fold_08,rolling_7d,circular3_independent,1008,1002,824.2534939987024,897.0,0.8952095808383234,0.5399201596806387,-0.07684630738522955,558.0,481.0,1.0
fold_08,rolling_7d,pair_bypair_cv_hierarchical,1008,1002,833.5160937004379,935.0,0.9331337325349301,0.593812375249501,0.012974051896207584,558.0,571.0,7.0
fold_08,rolling_7d,pair_bypair_cv_independent,1008,1002,833.1543487562543,903.0,0.9011976047904192,0.5558882235528942,-0.04890219560878244,558.0,509.0,4.0
fold_08,rolling_7d,pair_default_hierarchical,1008,1002,836.8217734225367,930.0,0.9281437125748503,0.5808383233532934,0.0,558.0,558.0,5.0
fold_08,rolling_7d,pair_default_independent,1008,1002,836.8217734225367,898.0,0.8962075848303394,0.5489021956087824,-0.05588822355289421,558.0,502.0,2.0
fold_08,rolling_7d,pair_global_cv_hierarchical,1008,1002,836.5073539174268,934.0,0.9321357285429142,0.5888223552894212,0.013972055888223553,558.0,572.0,6.0
fold_08,rolling_7d,pair_global_cv_independent,1008,1002,831.8863313705926,899.0,0.8972055888223552,0.5499001996007984,-0.06287425149700598,558.0,495.0,3.0
