region,date_i,date_j,period_i,period_j,period_pair,day_type_i,day_type_j,same_day_type,pearson_profile,cosine_similarity,l1_distance,rmse_profile
core,2018-01-01,2018-01-02,pre_outage,pre_outage,pre_outage__pre_outage,weekday,weekday,True,0.620630198076415,0.9111793743281391,0.37631625389728807,0.020110167297367587
core,2018-01-01,2018-01-03,pre_outage,pre_outage,pre_outage__pre_outage,weekday,weekday,True,0.6398011499126744,0.9160142720746484,0.38775749063670406,0.019547858478137625
core,2018-01-01,2018-01-04,pre_outage,pre_outage,pre_outage__pre_outage,weekday,weekday,True,0.6061956355335375,0.9037201528696899,0.3985955056179775,0.021051462827023585
core,2018-01-01,2018-01-05,pre_outage,pre_outage,pre_outage__pre_outage,weekday,weekday,True,0.36631972071658314,0.8494717079100884,0.46934538348803123,0.026217499099064255
core,2018-01-01,2018-01-06,pre_outage,pre_outage,pre_outage__pre_outage,weekday,weekend,False,0.8028077971726509,0.9475312779499432,0.2818098997874279,0.015755597353676275
core,2018-01-01,2018-01-07,pre_outage,pre_outage,pre_outage__pre_outage,weekday,weekend,False,0.4193560531106087,0.8777460099799455,0.43875848258983197,0.023356207823878615
core,2018-01-01,2018-01-08,pre_outage,pre_outage,pre_outage__pre_outage,weekday,weekday,True,0.6805055864367231,0.9167351111169401,0.36914223074815017,0.019774473901987385
core,2018-01-01,2018-01-09,pre_outage,pre_outage,pre_outage__pre_outage,weekday,weekday,True,-0.031639467517970386,0.6856349032179272,0.8228413113744805,0.0397319638377971
core,2018-01-01,2018-01-10,pre_outage,pre_outage,pre_outage__pre_outage,weekday,weekday,True,0.34423755450602855,0.807953351148671,0.6127082526152654,0.030748936712688094
core,2018-01-01,2018-01-11,pre_outage,pre_outage,pre_outage__pre_outage,weekday,weekday,True,0.5515971306975448,0.8650233857042313,0.5131086142322098,0.025941647636870603
core,2018-01-01,2018-01-19,pre_outage,post_recovery,post_recovery__pre_outage,weekday,weekday,True,0.4706585143409342,0.821254931686116,0.5555747623163354,0.03080057415819928
core,2018-01-01,2018-01-20,pre_outage,post_recovery,post_recovery__pre_outage,weekday,weekend,False,0.6832538603878835,0.9182551117025817,0.3433884983671888,0.019560363394230142
core,2018-01-01,2018-01-21,pre_outage,post_recovery,post_recovery__pre_outage,weekday,weekend,False,0.17054720448292227,0.8130726047416053,0.5628729638191494,0.029030639199613243
core,2018-01-01,2018-01-22,pre_outage,post_recovery,post_recovery__pre_outage,weekday,weekday,True,0.3770365469634148,0.8198641528009575,0.5754763067904249,0.029693497403982166
core,2018-01-01,2018-01-23,pre_outage,post_recovery,post_recovery__pre_outage,weekday,weekday,True,0.5279680313569081,0.8800955466312541,0.4256862466221021,0.023628052988561885
core,2018-01-01,2018-01-24,pre_outage,post_recovery,post_recovery__pre_outage,weekday,weekday,True,0.1066168823063985,0.7976625230550041,0.603974930833945,0.030218484183165334
core,2018-01-02,2018-01-03,pre_outage,pre_outage,pre_outage__pre_outage,weekday,weekday,True,0.6150358785573217,0.9274916428885527,0.3411321989528796,0.017612465697852693
core,2018-01-02,2018-01-04,pre_outage,pre_outage,pre_outage__pre_outage,weekday,weekday,True,0.5535759511585757,0.9074813351693101,0.41668848167539263,0.020139027636303743
core,2018-01-02,2018-01-05,pre_outage,pre_outage,pre_outage__pre_outage,weekday,weekday,True,0.4181578317652929,0.8836754302235198,0.3970521283860688,0.022471791527616292
core,2018-01-02,2018-01-06,pre_outage,pre_outage,pre_outage__pre_outage,weekday,weekend,False,0.464531148858586,0.8743994872865831,0.4156643554549314,0.02393224898391711
core,2018-01-02,2018-01-07,pre_outage,pre_outage,pre_outage__pre_outage,weekday,weekend,False,0.3942912583220568,0.9004348853182751,0.36716603597532527,0.020376988925231012
core,2018-01-02,2018-01-08,pre_outage,pre_outage,pre_outage__pre_outage,weekday,weekday,True,0.45429726218945954,0.8756693655870605,0.4879964244668625,0.02369199224735203
core,2018-01-02,2018-01-09,pre_outage,pre_outage,pre_outage__pre_outage,weekday,weekday,True,0.06378606198166151,0.7448069464088684,0.7062325181094455,0.03525063757500133
core,2018-01-02,2018-01-10,pre_outage,pre_outage,pre_outage__pre_outage,weekday,weekday,True,0.4062745936290675,0.8424005314305432,0.541108503339953,0.02747513397491049
core,2018-01-02,2018-01-11,pre_outage,pre_outage,pre_outage__pre_outage,weekday,weekday,True,0.5294371383201191,0.8689801180114906,0.4632261281475941,0.025283794553290394
core,2018-01-02,2018-01-19,pre_outage,post_recovery,post_recovery__pre_outage,weekday,weekday,True,0.429073218018737,0.8196736529538238,0.5479661699556988,0.030665659199431063
core,2018-01-02,2018-01-20,pre_outage,post_recovery,post_recovery__pre_outage,weekday,weekend,False,0.5423525256848459,0.8967450070175564,0.3993500631883012,0.021552952654479776
core,2018-01-02,2018-01-21,pre_outage,post_recovery,post_recovery__pre_outage,weekday,weekend,False,0.28633739280312215,0.8663438789988144,0.47150479721435906,0.023896856975270508
core,2018-01-02,2018-01-22,pre_outage,post_recovery,post_recovery__pre_outage,weekday,weekday,True,0.3134309622443538,0.8223900527979127,0.5841110858183474,0.029021663032041664
core,2018-01-02,2018-01-23,pre_outage,post_recovery,post_recovery__pre_outage,weekday,weekday,True,0.3271377706063622,0.8526383211898168,0.4661011332758964,0.02562936417260873
core,2018-01-02,2018-01-24,pre_outage,post_recovery,post_recovery__pre_outage,weekday,weekday,True,0.2800577105559856,0.8639938855838456,0.4411586729458813,0.02412976537881801
core,2018-01-03,2018-01-04,pre_outage,pre_outage,pre_outage__pre_outage,weekday,weekday,True,0.49411926308720866,0.8964639981154716,0.43125,0.021273560604351992
core,2018-01-03,2018-01-05,pre_outage,pre_outage,pre_outage__pre_outage,weekday,weekday,True,0.48542490964971907,0.898398266200594,0.41349637681159424,0.020971432221256386
core,2018-01-03,2018-01-06,pre_outage,pre_outage,pre_outage__pre_outage,weekday,weekend,False,0.6713599824774623,0.9216611312352637,0.3620495495495496,0.01894677052834666
core,2018-01-03,2018-01-07,pre_outage,pre_outage,pre_outage__pre_outage,weekday,weekend,False,0.27523054987606665,0.8836789279131892,0.411509900990099,0.02196785708864411
core,2018-01-03,2018-01-08,pre_outage,pre_outage,pre_outage__pre_outage,weekday,weekday,True,0.4280182339697309,0.871079948753479,0.43826219512195125,0.02409555555661187
core,2018-01-03,2018-01-09,pre_outage,pre_outage,pre_outage__pre_outage,weekday,weekday,True,-0.1411645189691571,0.6952386099341371,0.7744006849315068,0.03841377361858519
core,2018-01-03,2018-01-10,pre_outage,pre_outage,pre_outage__pre_outage,weekday,weekday,True,0.30322494257091553,0.8183706907912023,0.5698994252873563,0.029424365310546107
core,2018-01-03,2018-01-11,pre_outage,pre_outage,pre_outage__pre_outage,weekday,weekday,True,0.5354303192549993,0.8710288465603315,0.4831349206349207,0.02508017723317254
core,2018-01-03,2018-01-19,pre_outage,post_recovery,post_recovery__pre_outage,weekday,weekday,True,0.2797455195502931,0.7801921477171916,0.6802884615384616,0.03367583448089453
core,2018-01-03,2018-01-20,pre_outage,post_recovery,post_recovery__pre_outage,weekday,weekend,False,0.6325756075394042,0.9171800224852299,0.3976293103448276,0.019304098929837678
core,2018-01-03,2018-01-21,pre_outage,post_recovery,post_recovery__pre_outage,weekday,weekend,False,0.015859069308274295,0.8184008618429556,0.5210326953748007,0.02780714794401213
core,2018-01-03,2018-01-22,pre_outage,post_recovery,post_recovery__pre_outage,weekday,weekday,True,0.4194687498470848,0.8493316777494713,0.5416666666666666,0.02675289986885211
core,2018-01-03,2018-01-23,pre_outage,post_recovery,post_recovery__pre_outage,weekday,weekday,True,0.27709435799542387,0.8436054865267731,0.45767405063291144,0.026365916456149205
core,2018-01-03,2018-01-24,pre_outage,post_recovery,post_recovery__pre_outage,weekday,weekday,True,-0.12081557452249357,0.791332656839134,0.5859505862646566,0.029837723221312066
core,2018-01-04,2018-01-05,pre_outage,pre_outage,pre_outage__pre_outage,weekday,weekday,True,0.29597359832218495,0.8486515145818655,0.5266304347826086,0.02587533522456505
core,2018-01-04,2018-01-06,pre_outage,pre_outage,pre_outage__pre_outage,weekday,weekend,False,0.4149261632759232,0.8557807442335977,0.5097972972972973,0.025804864430469244
core,2018-01-04,2018-01-07,pre_outage,pre_outage,pre_outage__pre_outage,weekday,weekend,False,0.261212481460161,0.866562767112715,0.47141089108910894,0.02387366426649724
core,2018-01-04,2018-01-08,pre_outage,pre_outage,pre_outage__pre_outage,weekday,weekday,True,0.499534067115489,0.8795119979135158,0.44573170731707323,0.02348769123445479
core,2018-01-04,2018-01-09,pre_outage,pre_outage,pre_outage__pre_outage,weekday,weekday,True,0.09222246683267762,0.7401008727729388,0.6962328767123287,0.03578559732963118
core,2018-01-04,2018-01-10,pre_outage,pre_outage,pre_outage__pre_outage,weekday,weekday,True,0.08308114111661358,0.7500837923008408,0.690948275862069,0.03468092528647013
core,2018-01-04,2018-01-11,pre_outage,pre_outage,pre_outage__pre_outage,weekday,weekday,True,0.15570208148518655,0.7641225302466436,0.6660714285714286,0.03388305924001327
core,2018-01-04,2018-01-19,pre_outage,post_recovery,post_recovery__pre_outage,weekday,weekday,True,0.2689113441160561,0.7682701124635891,0.6942307692307692,0.034710128975574066
core,2018-01-04,2018-01-20,pre_outage,post_recovery,post_recovery__pre_outage,weekday,weekend,False,0.533264655816767,0.8889777927690138,0.4000615763546798,0.022499967209247185
core,2018-01-04,2018-01-21,pre_outage,post_recovery,post_recovery__pre_outage,weekday,weekend,False,-0.12303325038417297,0.7725355091947328,0.6375598086124402,0.03149275693079061
core,2018-01-04,2018-01-22,pre_outage,post_recovery,post_recovery__pre_outage,weekday,weekday,True,0.10281730442262692,0.7587263843584514,0.6378623188405796,0.03397247345233666
core,2018-01-04,2018-01-23,pre_outage,post_recovery,post_recovery__pre_outage,weekday,weekday,True,0.1274138407120923,0.796797240715019,0.5783227848101267,0.030334499050954863
core,2018-01-04,2018-01-24,pre_outage,post_recovery,post_recovery__pre_outage,weekday,weekday,True,0.19564827450345754,0.8355064545987224,0.5011306532663317,0.026810838058028804
core,2018-01-05,2018-01-06,pre_outage,pre_outage,pre_outage__pre_outage,weekday,weekend,False,0.3806829800322707,0.8509430186440341,0.436545240893067,0.02614973348028779
core,2018-01-05,2018-01-07,pre_outage,pre_outage,pre_outage__pre_outage,weekday,weekend,False,0.32944864092831067,0.8834158515292163,0.40572535514421004,0.022201100070888085
core,2018-01-05,2018-01-08,pre_outage,pre_outage,pre_outage__pre_outage,weekday,weekday,True,0.41466475543315795,0.8626092608593671,0.4583775185577943,0.02499477149310667
core,2018-01-05,2018-01-09,pre_outage,pre_outage,pre_outage__pre_outage,weekday,weekday,True,0.09777803990286078,0.7467836606902434,0.6751042287075641,0.035233813812749676
core,2018-01-05,2018-01-10,pre_outage,pre_outage,pre_outage__pre_outage,weekday,weekday,True,0.2696404008749266,0.8036139274854206,0.6473013493253372,0.03069890377950918
core,2018-01-05,2018-01-11,pre_outage,pre_outage,pre_outage__pre_outage,weekday,weekday,True,0.28432276486695846,0.8026335063628572,0.55175983436853,0.03095243825488206
core,2018-01-05,2018-01-19,pre_outage,post_recovery,post_recovery__pre_outage,weekday,weekday,True,0.3580432415591464,0.7970571759913305,0.6073578595317726,0.032500096080926306
core,2018-01-05,2018-01-20,pre_outage,post_recovery,post_recovery__pre_outage,weekday,weekend,False,0.6241919409393191,0.912425363498434,0.3874491325765689,0.01992852183602551
core,2018-01-05,2018-01-21,pre_outage,post_recovery,post_recovery__pre_outage,weekday,weekend,False,-0.08553763651219665,0.7872525200115342,0.5914811732889536,0.030320502730130088
core,2018-01-05,2018-01-22,pre_outage,post_recovery,post_recovery__pre_outage,weekday,weekday,True,0.05466324295178572,0.7517302149769507,0.7065217391304348,0.03435268596247226
core,2018-01-05,2018-01-23,pre_outage,post_recovery,post_recovery__pre_outage,weekday,weekday,True,0.38983868088264634,0.8614873067179543,0.438084755090809,0.024958287984694003
core,2018-01-05,2018-01-24,pre_outage,post_recovery,post_recovery__pre_outage,weekday,weekday,True,0.030212033905958273,0.8083119401766856,0.5817675333187677,0.02880856168985431
core,2018-01-06,2018-01-07,pre_outage,pre_outage,pre_outage__pre_outage,weekend,weekend,True,0.2857021252999699,0.8503864129218265,0.4719025956649719,0.025848345778052867
core,2018-01-06,2018-01-08,pre_outage,pre_outage,pre_outage__pre_outage,weekend,weekday,False,0.49170745998450865,0.8661359967013241,0.5088991430454844,0.02512062492271952
core,2018-01-06,2018-01-09,pre_outage,pre_outage,pre_outage__pre_outage,weekend,weekday,False,-0.1703634674547976,0.6408086663621393,0.8726397630507219,0.042522141991973995
core,2018-01-06,2018-01-10,pre_outage,pre_outage,pre_outage__pre_outage,weekend,weekday,False,0.36051806895687916,0.8111413636330386,0.5693383038210624,0.030538626967950004
core,2018-01-06,2018-01-11,pre_outage,pre_outage,pre_outage__pre_outage,weekend,weekday,False,0.5802581818735878,0.8726458186756358,0.49442299442299437,0.02523460026755357
core,2018-01-06,2018-01-19,pre_outage,post_recovery,post_recovery__pre_outage,weekend,weekday,False,0.3124035417283903,0.7691153940160969,0.6465696465696467,0.034948755662413414
core,2018-01-06,2018-01-20,pre_outage,post_recovery,post_recovery__pre_outage,weekend,weekend,True,0.5672737431949478,0.8871195341308473,0.42158168020236986,0.023030287608759123
core,2018-01-06,2018-01-21,pre_outage,post_recovery,post_recovery__pre_outage,weekend,weekend,True,0.27048633382657267,0.8327984703794071,0.5340100866416656,0.02753410063528525
core,2018-01-06,2018-01-22,pre_outage,post_recovery,post_recovery__pre_outage,weekend,weekday,False,0.3019939909865461,0.7966135608660767,0.6298472385428907,0.03159447055152417
core,2018-01-06,2018-01-23,pre_outage,post_recovery,post_recovery__pre_outage,weekend,weekday,False,0.5651851580755628,0.888252565856886,0.42541908997605205,0.022858272805190778
core,2018-01-06,2018-01-24,pre_outage,post_recovery,post_recovery__pre_outage,weekend,weekday,False,-0.17439076691983355,0.7321121412117485,0.6832133641178868,0.034821090124515036
core,2018-01-07,2018-01-08,pre_outage,pre_outage,pre_outage__pre_outage,weekend,weekday,False,0.25676546060900507,0.849827661945311,0.49058198502777106,0.025749578699747696
core,2018-01-07,2018-01-09,pre_outage,pre_outage,pre_outage__pre_outage,weekend,weekday,False,-0.016766950440047102,0.7507391929996107,0.7184321171843211,0.03453085630050047
core,2018-01-07,2018-01-10,pre_outage,pre_outage,pre_outage__pre_outage,weekend,weekday,False,0.39655444220187597,0.849995172880626,0.512598156367361,0.026665924197664895
core,2018-01-07,2018-01-11,pre_outage,pre_outage,pre_outage__pre_outage,weekend,weekday,False,0.10128216839346979,0.7832853248912784,0.6160616061606161,0.03202563066214302
core,2018-01-07,2018-01-19,pre_outage,post_recovery,post_recovery__pre_outage,weekend,weekday,False,0.05508761163429733,0.7400553869384158,0.7223153084539223,0.03625765582925982
core,2018-01-07,2018-01-20,pre_outage,post_recovery,post_recovery__pre_outage,weekend,weekend,True,0.5394676585837058,0.903940967632697,0.369604448129542,0.020643271274540125
core,2018-01-07,2018-01-21,pre_outage,post_recovery,post_recovery__pre_outage,weekend,weekend,True,0.34946227915445904,0.8960963481587432,0.4255057084655834,0.0207501328605192
core,2018-01-07,2018-01-22,pre_outage,post_recovery,post_recovery__pre_outage,weekend,weekday,False,0.27609379227377545,0.8284896784593587,0.5673697804563065,0.02831013043588445
core,2018-01-07,2018-01-23,pre_outage,post_recovery,post_recovery__pre_outage,weekend,weekday,False,0.014105205760686237,0.8123039721907248,0.5667376864268705,0.028547798312335098
core,2018-01-07,2018-01-24,pre_outage,post_recovery,post_recovery__pre_outage,weekend,weekday,False,-0.1112729530036343,0.82238425865335,0.5546544604209164,0.027137371993777724
core,2018-01-08,2018-01-09,pre_outage,pre_outage,pre_outage__pre_outage,weekday,weekday,True,0.07827132222195518,0.7210424927191535,0.729368526561978,0.03738589853181564
core,2018-01-08,2018-01-10,pre_outage,pre_outage,pre_outage__pre_outage,weekday,weekday,True,0.20541680931727824,0.7697008654280872,0.6523969722455846,0.033609966708392155
core,2018-01-08,2018-01-11,pre_outage,pre_outage,pre_outage__pre_outage,weekday,weekday,True,0.5160781073568953,0.855557779230386,0.5087108013937283,0.02679582893036541
core,2018-01-08,2018-01-19,pre_outage,post_recovery,post_recovery__pre_outage,weekday,weekday,True,0.4747209454446817,0.8234517674093751,0.6058161350844278,0.030588818562913657
core,2018-01-08,2018-01-20,pre_outage,post_recovery,post_recovery__pre_outage,weekday,weekend,False,0.5657491712141317,0.8891834304354689,0.44028595458368375,0.022729449349797242
core,2018-01-08,2018-01-21,pre_outage,post_recovery,post_recovery__pre_outage,weekday,weekend,False,-0.020466543577195705,0.7740069075089123,0.6029291632629245,0.03182924453155985
core,2018-01-08,2018-01-22,pre_outage,post_recovery,post_recovery__pre_outage,weekday,weekday,True,0.17350017935889747,0.7636056867972864,0.6412159773771651,0.03394927472206994
core,2018-01-08,2018-01-23,pre_outage,post_recovery,post_recovery__pre_outage,weekday,weekday,True,0.5733851432078415,0.8928548381744031,0.39533806730472365,0.022291005557011013
core,2018-01-08,2018-01-24,pre_outage,post_recovery,post_recovery__pre_outage,weekday,weekday,True,0.19829347553372703,0.8203986607593674,0.5927809780610369,0.028414547814518874
core,2018-01-09,2018-01-10,pre_outage,pre_outage,pre_outage__pre_outage,weekday,weekday,True,0.48891171760529023,0.8302558580148178,0.596126594237128,0.02971423128059034
core,2018-01-09,2018-01-11,pre_outage,pre_outage,pre_outage__pre_outage,weekday,weekday,True,0.2730817856876249,0.7547905240868998,0.6981952598390955,0.035847316986180815
core,2018-01-09,2018-01-19,pre_outage,post_recovery,post_recovery__pre_outage,weekday,weekday,True,0.22537113954854926,0.7151963382041224,0.750895679662803,0.03958111831527222
core,2018-01-09,2018-01-20,pre_outage,post_recovery,post_recovery__pre_outage,weekday,weekend,False,0.11559534385530358,0.7343108387720889,0.7186719751670153,0.03644219067346953
core,2018-01-09,2018-01-21,pre_outage,post_recovery,post_recovery__pre_outage,weekday,weekend,False,0.25564924762249774,0.79608201719838,0.6469161696270564,0.031558474598627886
core,2018-01-09,2018-01-22,pre_outage,post_recovery,post_recovery__pre_outage,weekday,weekday,True,0.015861543302787388,0.6767965348106125,0.7548143736351003,0.04089535169409
core,2018-01-09,2018-01-23,pre_outage,post_recovery,post_recovery__pre_outage,weekday,weekday,True,0.12093540556599298,0.7392181424270962,0.7147563724640194,0.03603195325632514
core,2018-01-09,2018-01-24,pre_outage,post_recovery,post_recovery__pre_outage,weekday,weekday,True,0.3960826391191715,0.8307753165175825,0.542025194465478,0.02884399607425166
core,2018-01-10,2018-01-11,pre_outage,pre_outage,pre_outage__pre_outage,weekday,weekday,True,0.5808033066570089,0.8637562664173802,0.5091406677613574,0.026475037886186995
core,2018-01-10,2018-01-19,pre_outage,post_recovery,post_recovery__pre_outage,weekday,weekday,True,0.5967655304428254,0.8550185579991461,0.5278514588859416,0.028091989031465023
core,2018-01-10,2018-01-20,pre_outage,post_recovery,post_recovery__pre_outage,weekday,weekend,False,0.42716488837756167,0.8346072058638448,0.5517241379310345,0.028467905993263855
core,2018-01-10,2018-01-21,pre_outage,post_recovery,post_recovery__pre_outage,weekday,weekend,False,0.5202779987009937,0.8714491483182717,0.5053951493152945,0.02485979436097719
core,2018-01-10,2018-01-22,pre_outage,post_recovery,post_recovery__pre_outage,weekday,weekday,True,0.3617792662568236,0.7984002465769376,0.639480259870065,0.03198826665072233
core,2018-01-10,2018-01-23,pre_outage,post_recovery,post_recovery__pre_outage,weekday,weekday,True,0.2299226856092449,0.7815105567384448,0.6116979484941074,0.03262295059750655
core,2018-01-10,2018-01-24,pre_outage,post_recovery,post_recovery__pre_outage,weekday,weekday,True,0.3109420309401979,0.8199466225525789,0.6127187662450182,0.029304734325122067
core,2018-01-11,2018-01-19,pre_outage,post_recovery,post_recovery__pre_outage,weekday,weekday,True,0.6118929326856147,0.8587919383328237,0.567032967032967,0.02780176255680977
core,2018-01-11,2018-01-20,pre_outage,post_recovery,post_recovery__pre_outage,weekday,weekend,False,0.3383882808978423,0.8051964119901471,0.5829228243021347,0.031041247416139166
core,2018-01-11,2018-01-21,pre_outage,post_recovery,post_recovery__pre_outage,weekday,weekend,False,0.5083322910818201,0.8645560412199432,0.5029239766081871,0.025674874825611593
core,2018-01-11,2018-01-22,pre_outage,post_recovery,post_recovery__pre_outage,weekday,weekday,True,0.46490740116916845,0.8278866668333872,0.5797101449275361,0.029685500525262847
core,2018-01-11,2018-01-23,pre_outage,post_recovery,post_recovery__pre_outage,weekday,weekday,True,0.49677806260797924,0.8525084554442247,0.46393409684548925,0.026997159726501786
core,2018-01-11,2018-01-24,pre_outage,post_recovery,post_recovery__pre_outage,weekday,weekday,True,0.22245748478761093,0.7931590071254194,0.6435351359974475,0.03155254995336562
core,2018-01-19,2018-01-20,post_recovery,post_recovery,post_recovery__post_recovery,weekday,weekend,False,0.24750280263142535,0.7530209659201444,0.6516104585070103,0.036003641028574056
core,2018-01-19,2018-01-21,post_recovery,post_recovery,post_recovery__post_recovery,weekday,weekend,False,0.18632537884262346,0.7556917503384929,0.6546926757453073,0.03541246725528437
core,2018-01-19,2018-01-22,post_recovery,post_recovery,post_recovery__post_recovery,weekday,weekday,True,0.4258784578420164,0.7963604852686309,0.6193979933110367,0.033183779397375886
core,2018-01-19,2018-01-23,post_recovery,post_recovery,post_recovery__post_recovery,weekday,weekday,True,0.3503346463619717,0.7872262202961281,0.6514118792599806,0.033423656782292234
core,2018-01-19,2018-01-24,post_recovery,post_recovery,post_recovery__post_recovery,weekday,weekday,True,0.470074501927515,0.8312720595606574,0.6081175106300735,0.029708486795407895
core,2018-01-20,2018-01-21,post_recovery,post_recovery,post_recovery__post_recovery,weekend,weekend,True,-0.04063913357571649,0.7725131777173057,0.6390741744643741,0.031864912904803956
core,2018-01-20,2018-01-22,post_recovery,post_recovery,post_recovery__post_recovery,weekend,weekday,False,0.06943727971812708,0.7364373068011856,0.7439851502820019,0.03578681504135296
core,2018-01-20,2018-01-23,post_recovery,post_recovery,post_recovery__post_recovery,weekend,weekday,False,0.2777609123896289,0.8206643678491454,0.539502400698385,0.028782595573686613
core,2018-01-20,2018-01-24,post_recovery,post_recovery,post_recovery__post_recovery,weekend,weekday,False,0.22566142784260085,0.8286837438651282,0.5116716587865435,0.027692806923966837
core,2018-01-21,2018-01-22,post_recovery,post_recovery,post_recovery__post_recovery,weekend,weekday,False,0.315783607384647,0.8249011433150382,0.5254143263296581,0.028783932248081415
core,2018-01-21,2018-01-23,post_recovery,post_recovery,post_recovery__post_recovery,weekend,weekday,False,0.10006387885531763,0.8068223322482959,0.5499969717158257,0.02927535415791371
core,2018-01-21,2018-01-24,post_recovery,post_recovery,post_recovery__post_recovery,weekend,weekday,False,0.035668381015831585,0.8214797215499208,0.5596403067971436,0.027580618108210792
core,2018-01-22,2018-01-23,post_recovery,post_recovery,post_recovery__post_recovery,weekday,weekday,True,0.28883613649027845,0.8007169922165254,0.6066776738213172,0.03106717176801307
core,2018-01-22,2018-01-24,post_recovery,post_recovery,post_recovery__post_recovery,weekday,weekday,True,-0.0629034683163553,0.7325911782763342,0.6732940062632,0.03546859453218999
core,2018-01-23,2018-01-24,post_recovery,post_recovery,post_recovery__post_recovery,weekday,weekday,True,0.0053726550671486396,0.785205972979689,0.6159277399656511,0.03088972378630849
near,2018-01-01,2018-01-02,pre_outage,pre_outage,pre_outage__pre_outage,weekday,weekday,True,0.7161349025301934,0.9101970277451154,0.42307692307692313,0.021402116660111648
near,2018-01-01,2018-01-03,pre_outage,pre_outage,pre_outage__pre_outage,weekday,weekday,True,0.6931166830960995,0.9005525720268379,0.41577060931899645,0.022623681803429833
near,2018-01-01,2018-01-04,pre_outage,pre_outage,pre_outage__pre_outage,weekday,weekday,True,0.508781953818999,0.8497428967949338,0.54570166496772,0.027508107514489916
near,2018-01-01,2018-01-05,pre_outage,pre_outage,pre_outage__pre_outage,weekday,weekday,True,0.5163589861366824,0.8364472121046548,0.5533769063180828,0.029295120241710076
near,2018-01-01,2018-01-06,pre_outage,pre_outage,pre_outage__pre_outage,weekday,weekend,False,0.5366011357396928,0.8398877529163805,0.5215215215215214,0.029145202484793235
near,2018-01-01,2018-01-07,pre_outage,pre_outage,pre_outage__pre_outage,weekday,weekend,False,-0.12312226531932093,0.6626745939923017,0.7936742051786299,0.041060120591256945
near,2018-01-01,2018-01-08,pre_outage,pre_outage,pre_outage__pre_outage,weekday,weekday,True,0.3159280855788397,0.7874398657874477,0.6325925925925926,0.03279643048818494
near,2018-01-01,2018-01-09,pre_outage,pre_outage,pre_outage__pre_outage,weekday,weekday,True,0.15054394660186401,0.7118790607179255,0.6904761904761905,0.03891130321432724
near,2018-01-01,2018-01-10,pre_outage,pre_outage,pre_outage__pre_outage,weekday,weekday,True,0.5567112005113769,0.8389301575575601,0.5444444444444445,0.029653732480462932
near,2018-01-01,2018-01-11,pre_outage,pre_outage,pre_outage__pre_outage,weekday,weekday,True,0.22540648594437113,0.7199214625562821,0.7168021680216803,0.039046651614855966
near,2018-01-01,2018-01-19,pre_outage,post_recovery,post_recovery__pre_outage,weekday,weekday,True,0.3506159337115771,0.7524094053244522,0.7387914230019492,0.03734806011694376
near,2018-01-01,2018-01-20,pre_outage,post_recovery,post_recovery__pre_outage,weekday,weekend,False,0.3565998619439743,0.8020172431504758,0.6346801346801346,0.03159837436461634
near,2018-01-01,2018-01-21,pre_outage,post_recovery,post_recovery__pre_outage,weekday,weekend,False,0.07460835241445826,0.723898085895713,0.6938997821350762,0.03711321808717438
near,2018-01-01,2018-01-22,pre_outage,post_recovery,post_recovery__pre_outage,weekday,weekday,True,0.3420342540690411,0.7795228223017863,0.6196581196581197,0.033937421597379926
near,2018-01-01,2018-01-23,pre_outage,post_recovery,post_recovery__pre_outage,weekday,weekday,True,0.6969143279838229,0.8873604387874131,0.4862340216322517,0.02497096517364796
near,2018-01-01,2018-01-24,pre_outage,post_recovery,post_recovery__pre_outage,weekday,weekday,True,0.29002894726947054,0.7702363947917956,0.6140979689366786,0.03437244874582823
near,2018-01-02,2018-01-03,pre_outage,pre_outage,pre_outage__pre_outage,weekday,weekday,True,0.5884993394831151,0.8836565695102726,0.44789081885856075,0.023739950172551334
near,2018-01-02,2018-01-04,pre_outage,pre_outage,pre_outage__pre_outage,weekday,weekday,True,0.5589224034751427,0.8849762639864414,0.45259938837920494,0.023246103457184513
near,2018-01-02,2018-01-05,pre_outage,pre_outage,pre_outage__pre_outage,weekday,weekday,True,0.6511706003849186,0.8937529607797747,0.45449974861739567,0.02306883433225375
near,2018-01-02,2018-01-06,pre_outage,pre_outage,pre_outage__pre_outage,weekday,weekend,False,0.5833860331213964,0.8695716163007027,0.4938784938784938,0.025738477935531273
near,2018-01-02,2018-01-07,pre_outage,pre_outage,pre_outage__pre_outage,weekday,weekend,False,0.005790019865345622,0.7406714147886903,0.6509341199606686,0.034905734377075184
near,2018-01-02,2018-01-08,pre_outage,pre_outage,pre_outage__pre_outage,weekday,weekday,True,0.5527230483953839,0.8793694180233689,0.4769230769230769,0.023948838944607524
near,2018-01-02,2018-01-09,pre_outage,pre_outage,pre_outage__pre_outage,weekday,weekday,True,-0.15933876869101346,0.6510885219800243,0.7995115995115996,0.04170614414919198
near,2018-01-02,2018-01-10,pre_outage,pre_outage,pre_outage__pre_outage,weekday,weekday,True,0.3866355986173229,0.7972585385091239,0.5811965811965812,0.03259089908536345
near,2018-01-02,2018-01-11,pre_outage,pre_outage,pre_outage__pre_outage,weekday,weekday,True,0.30945769619587793,0.7735537436922273,0.6529080675422139,0.03437241867791562
near,2018-01-02,2018-01-19,pre_outage,post_recovery,post_recovery__pre_outage,weekday,weekday,True,0.4176526613253992,0.794484966583891,0.6650922177237966,0.03347930424475371
near,2018-01-02,2018-01-20,pre_outage,post_recovery,post_recovery__pre_outage,weekday,weekend,False,0.4959205847155932,0.8660332962431778,0.47668997668997665,0.025170270774890428
near,2018-01-02,2018-01-21,pre_outage,post_recovery,post_recovery__pre_outage,weekday,weekend,False,0.03479850956825488,0.7512834346514258,0.622674710910005,0.03411467406265829
near,2018-01-02,2018-01-22,pre_outage,post_recovery,post_recovery__pre_outage,weekday,weekday,True,0.20086232904946727,0.7623701745124316,0.6813186813186813,0.03431498610717139
near,2018-01-02,2018-01-23,pre_outage,post_recovery,post_recovery__pre_outage,weekday,weekday,True,0.4603014984390523,0.8163701961023406,0.5954163830270025,0.03127388141237669
near,2018-01-02,2018-01-24,pre_outage,post_recovery,post_recovery__pre_outage,weekday,weekday,True,0.14394829456878727,0.756457255068364,0.7033360904328646,0.034394183545542065
near,2018-01-03,2018-01-04,pre_outage,pre_outage,pre_outage__pre_outage,weekday,weekday,True,0.46468388511066194,0.8522765301481362,0.5079905297425275,0.026636871673288084
near,2018-01-03,2018-01-05,pre_outage,pre_outage,pre_outage__pre_outage,weekday,weekday,True,0.6407107629792173,0.886827011858654,0.4449715370018975,0.023963400997135998
near,2018-01-03,2018-01-06,pre_outage,pre_outage,pre_outage__pre_outage,weekday,weekend,False,0.5749108046326533,0.8625256195963101,0.504068584713746,0.02658868369499216
near,2018-01-03,2018-01-07,pre_outage,pre_outage,pre_outage__pre_outage,weekday,weekend,False,-0.06266030365151576,0.7076351456400218,0.7082500713673995,0.037451449571602534
near,2018-01-03,2018-01-08,pre_outage,pre_outage,pre_outage__pre_outage,weekday,weekday,True,0.4660874341599621,0.8482672725687418,0.5103225806451613,0.027136587494622052
near,2018-01-03,2018-01-09,pre_outage,pre_outage,pre_outage__pre_outage,weekday,weekday,True,0.2674034508946647,0.7691073921376909,0.6251920122887865,0.0342351467359806
near,2018-01-03,2018-01-10,pre_outage,pre_outage,pre_outage__pre_outage,weekday,weekday,True,0.6318022779164073,0.8726663404151672,0.506810035842294,0.026067056230907618
near,2018-01-03,2018-01-11,pre_outage,pre_outage,pre_outage__pre_outage,weekday,weekday,True,0.5205574811100442,0.8360395618403167,0.5594020456333595,0.029492577868586875
near,2018-01-03,2018-01-19,pre_outage,post_recovery,post_recovery__pre_outage,weekday,weekday,True,0.7835490359636529,0.916801684297213,0.432088285229202,0.021718867769294235
near,2018-01-03,2018-01-20,pre_outage,post_recovery,post_recovery__pre_outage,weekday,weekend,False,0.41568175037316435,0.8361150253401091,0.5498533724340176,0.028134766762140894
near,2018-01-03,2018-01-21,pre_outage,post_recovery,post_recovery__pre_outage,weekday,weekend,False,0.15058077595957528,0.768658140227801,0.7044592030360531,0.03325931065903971
near,2018-01-03,2018-01-22,pre_outage,post_recovery,post_recovery__pre_outage,weekday,weekday,True,0.3586869373966257,0.8006846385506338,0.5398794753633465,0.03169941656760105
near,2018-01-03,2018-01-23,pre_outage,post_recovery,post_recovery__pre_outage,weekday,weekday,True,0.6158327384998565,0.8640316582373708,0.5241221809877249,0.027126207748433148
near,2018-01-03,2018-01-24,pre_outage,post_recovery,post_recovery__pre_outage,weekday,weekday,True,0.5667418545346676,0.8707604510635673,0.4838709677419355,0.025288827583638145
near,2018-01-04,2018-01-05,pre_outage,pre_outage,pre_outage__pre_outage,weekday,weekday,True,0.5992899281172359,0.8803017110885798,0.4533189422558014,0.024402419516948687
near,2018-01-04,2018-01-06,pre_outage,pre_outage,pre_outage__pre_outage,weekday,weekend,False,0.5284599939247764,0.8552509621958552,0.48731300107446895,0.027021476339966963
near,2018-01-04,2018-01-07,pre_outage,pre_outage,pre_outage__pre_outage,weekday,weekend,False,0.11352520527685912,0.7752212696645365,0.6623366079402452,0.03233592769903632
near,2018-01-04,2018-01-08,pre_outage,pre_outage,pre_outage__pre_outage,weekday,weekday,True,0.45710857315003117,0.8573914412544441,0.5126605504587156,0.025918662523860745
near,2018-01-04,2018-01-09,pre_outage,pre_outage,pre_outage__pre_outage,weekday,weekday,True,0.031188589203439324,0.714629196612485,0.7334207077326342,0.03757993973660345
near,2018-01-04,2018-01-10,pre_outage,pre_outage,pre_outage__pre_outage,weekday,weekday,True,0.4094294158970386,0.8075799434707778,0.5753312945973497,0.0316788455780319
near,2018-01-04,2018-01-11,pre_outage,pre_outage,pre_outage__pre_outage,weekday,weekday,True,0.06266286248363168,0.7011900631131912,0.7243231147907809,0.03927803354985673
near,2018-01-04,2018-01-19,pre_outage,post_recovery,post_recovery__pre_outage,weekday,weekday,True,0.28956386377149484,0.7556967061461195,0.7037662964751328,0.036322418543128246
near,2018-01-04,2018-01-20,pre_outage,post_recovery,post_recovery__pre_outage,weekday,weekend,False,0.4952824024031741,0.8694810143306455,0.49165971643035855,0.0247248815883611
near,2018-01-04,2018-01-21,pre_outage,post_recovery,post_recovery__pre_outage,weekday,weekend,False,-0.10018979495107569,0.7245487117441072,0.7033189422558014,0.03571976768970686
near,2018-01-04,2018-01-22,pre_outage,post_recovery,post_recovery__pre_outage,weekday,weekday,True,0.034190780498558386,0.7198579556369324,0.6911987095473334,0.037095925081202547
near,2018-01-04,2018-01-23,pre_outage,post_recovery,post_recovery__pre_outage,weekday,weekday,True,0.3241243195392127,0.775937408760627,0.5967362182349598,0.03437767675909281
near,2018-01-04,2018-01-24,pre_outage,post_recovery,post_recovery__pre_outage,weekday,weekday,True,0.1666314736022816,0.7686388318341338,0.662030186445694,0.03337979279127881
near,2018-01-05,2018-01-06,pre_outage,pre_outage,pre_outage__pre_outage,weekday,weekend,False,0.7674669791952792,0.9211768988532506,0.38420773714891365,0.02034992253219001
near,2018-01-05,2018-01-07,pre_outage,pre_outage,pre_outage__pre_outage,weekday,weekend,False,-0.1180103273720388,0.6723322321913774,0.7707791081034183,0.04021977090577567
near,2018-01-05,2018-01-08,pre_outage,pre_outage,pre_outage__pre_outage,weekday,weekday,True,0.6354948127817733,0.888611128416927,0.4,0.02363375556599116
near,2018-01-05,2018-01-09,pre_outage,pre_outage,pre_outage__pre_outage,weekday,weekday,True,0.32329476514899536,0.7752337040891923,0.6352941176470588,0.03418457372984575
near,2018-01-05,2018-01-10,pre_outage,pre_outage,pre_outage__pre_outage,weekday,weekday,True,0.5345383222320059,0.8337162110623946,0.5869281045751633,0.030000759432387697
near,2018-01-05,2018-01-11,pre_outage,pre_outage,pre_outage__pre_outage,weekday,weekday,True,0.34841474825285274,0.7685185185185185,0.6255380200860832,0.03533964421566399
near,2018-01-05,2018-01-19,pre_outage,post_recovery,post_recovery__pre_outage,weekday,weekday,True,0.48797556042179674,0.8070750084448463,0.6424148606811145,0.032876014016514604
near,2018-01-05,2018-01-20,pre_outage,post_recovery,post_recovery__pre_outage,weekday,weekend,False,0.6563437830560995,0.8957505054541893,0.4607843137254902,0.022835148198581182
near,2018-01-05,2018-01-21,pre_outage,post_recovery,post_recovery__pre_outage,weekday,weekend,False,0.1201152679120032,0.7439352593733469,0.6617647058823529,0.03551808026026823
near,2018-01-05,2018-01-22,pre_outage,post_recovery,post_recovery__pre_outage,weekday,weekday,True,0.09672743874106533,0.7038126529760862,0.6882137470372764,0.03911818884762167
near,2018-01-05,2018-01-23,pre_outage,post_recovery,post_recovery__pre_outage,weekday,weekday,True,0.5410579487193251,0.8326759311696277,0.5360055526635432,0.030284464195100017
near,2018-01-05,2018-01-24,pre_outage,post_recovery,post_recovery__pre_outage,weekday,weekday,True,0.31684560007902796,0.7839740704546188,0.6672991777356103,0.03313352198298563
near,2018-01-06,2018-01-07,pre_outage,pre_outage,pre_outage__pre_outage,weekend,weekend,True,0.0016914419763713478,0.6990723025078351,0.7318823248026787,0.03881451183368508
near,2018-01-06,2018-01-08,pre_outage,pre_outage,pre_outage__pre_outage,weekend,weekday,False,0.6012426176652179,0.8745099864267267,0.46918918918918917,0.025270845705470495
near,2018-01-06,2018-01-09,pre_outage,pre_outage,pre_outage__pre_outage,weekend,weekday,False,0.33384232215861664,0.7736915026195063,0.6455598455598456,0.034500117412191694
near,2018-01-06,2018-01-10,pre_outage,pre_outage,pre_outage__pre_outage,weekend,weekday,False,0.5985193145668727,0.8538860543306948,0.4930930930930931,0.028255635960744693
near,2018-01-06,2018-01-11,pre_outage,pre_outage,pre_outage__pre_outage,weekend,weekday,False,0.12454533062462225,0.6831010428025931,0.7701604043067457,0.04154598273803899
near,2018-01-06,2018-01-19,pre_outage,post_recovery,post_recovery__pre_outage,weekend,weekday,False,0.4219805955815374,0.7791041409139807,0.7280701754385964,0.035300342883840916
near,2018-01-06,2018-01-20,pre_outage,post_recovery,post_recovery__pre_outage,weekend,weekend,True,0.743182639814489,0.918413110938167,0.4168714168714168,0.02042145942828201
near,2018-01-06,2018-01-21,pre_outage,post_recovery,post_recovery__pre_outage,weekend,weekend,True,-0.12580065473885493,0.6647547557936826,0.7906730259671436,0.04088315084559813
near,2018-01-06,2018-01-22,pre_outage,post_recovery,post_recovery__pre_outage,weekend,weekday,False,0.3114449426397494,0.7689244714265976,0.6383526383526383,0.03475736602358955
near,2018-01-06,2018-01-23,pre_outage,post_recovery,post_recovery__pre_outage,weekend,weekday,False,0.5844245302968752,0.8458223623242798,0.5394243801323447,0.02919917485877504
near,2018-01-06,2018-01-24,pre_outage,post_recovery,post_recovery__pre_outage,weekend,weekday,False,0.08593173813162744,0.7040309731531796,0.7925021795989537,0.039017989297097926
near,2018-01-07,2018-01-08,pre_outage,pre_outage,pre_outage__pre_outage,weekend,weekday,False,-0.14215533471877242,0.699946334915884,0.7582300884955753,0.03759616241318389
near,2018-01-07,2018-01-09,pre_outage,pre_outage,pre_outage__pre_outage,weekend,weekday,False,-0.07051945948565028,0.684836440781729,0.8089338390223346,0.03948757683755091
near,2018-01-07,2018-01-10,pre_outage,pre_outage,pre_outage__pre_outage,weekend,weekday,False,0.2702943532894393,0.7642980260675618,0.696165191740413,0.03499416585364852
near,2018-01-07,2018-01-11,pre_outage,pre_outage,pre_outage__pre_outage,weekend,weekday,False,0.03945445836259617,0.6938115551454127,0.7578243039067558,0.039757893222761666
near,2018-01-07,2018-01-19,pre_outage,post_recovery,post_recovery__pre_outage,weekend,weekday,False,0.01809013583768134,0.6676832919479034,0.8623660922217047,0.04220532231729375
near,2018-01-07,2018-01-20,pre_outage,post_recovery,post_recovery__pre_outage,weekend,weekend,True,0.05301782075785564,0.7549539950001471,0.6055242692410834,0.03388194593110878
near,2018-01-07,2018-01-21,pre_outage,post_recovery,post_recovery__pre_outage,weekend,weekend,True,0.28334442411664573,0.8203955098085466,0.530322748568454,0.02884813217155917
near,2018-01-07,2018-01-22,pre_outage,post_recovery,post_recovery__pre_outage,weekend,weekday,False,0.4416813773208234,0.8366352583634955,0.5381697948069629,0.028376573424398765
near,2018-01-07,2018-01-23,pre_outage,post_recovery,post_recovery__pre_outage,weekend,weekday,False,-0.09249194574966738,0.6444199708092542,0.831858407079646,0.0431274086053494
near,2018-01-07,2018-01-24,pre_outage,post_recovery,post_recovery__pre_outage,weekend,weekday,False,-0.09333404164598899,0.6966520077607422,0.7051099057950329,0.038216503805033296
near,2018-01-08,2018-01-09,pre_outage,pre_outage,pre_outage__pre_outage,weekday,weekday,True,0.15619966579888506,0.7438909157398576,0.6828571428571428,0.03578986711427475
near,2018-01-08,2018-01-10,pre_outage,pre_outage,pre_outage__pre_outage,weekday,weekday,True,0.3796789796271197,0.7941568055994263,0.6266666666666667,0.032860848907879756
near,2018-01-08,2018-01-11,pre_outage,pre_outage,pre_outage__pre_outage,weekday,weekday,True,0.4145589703069232,0.8061558998651162,0.6570731707317073,0.031864525842049
near,2018-01-08,2018-01-19,pre_outage,post_recovery,post_recovery__pre_outage,weekday,weekday,True,0.35967746958396246,0.7743571717928868,0.7210526315789474,0.03505897945787763
near,2018-01-08,2018-01-20,pre_outage,post_recovery,post_recovery__pre_outage,weekday,weekend,False,0.5523367927732498,0.8801668095738201,0.43212121212121213,0.023837206784842396
near,2018-01-08,2018-01-21,pre_outage,post_recovery,post_recovery__pre_outage,weekday,weekend,False,-0.11930498603492734,0.7094990803653913,0.6711764705882353,0.03691791605645634
near,2018-01-08,2018-01-22,pre_outage,post_recovery,post_recovery__pre_outage,weekday,weekday,True,-0.17542988993357617,0.6492301080076068,0.8184615384615385,0.041715637607061117
near,2018-01-08,2018-01-23,pre_outage,post_recovery,post_recovery__pre_outage,weekday,weekday,True,0.39931982300826774,0.7958044328254871,0.6205309734513274,0.03296419591522248
near,2018-01-08,2018-01-24,pre_outage,post_recovery,post_recovery__pre_outage,weekday,weekday,True,0.36427172064043656,0.8178543265480628,0.5638709677419355,0.029783587562660592
near,2018-01-09,2018-01-10,pre_outage,pre_outage,pre_outage__pre_outage,weekday,weekday,True,0.6486625781093294,0.8738657562963091,0.4571428571428571,0.026162402783229878
near,2018-01-09,2018-01-11,pre_outage,pre_outage,pre_outage__pre_outage,weekday,weekday,True,0.28990415479653014,0.7470978090373067,0.743321718931475,0.036961104182285376
near,2018-01-09,2018-01-19,pre_outage,post_recovery,post_recovery__pre_outage,weekday,weekday,True,0.30174226936458654,0.7375382147019742,0.799749373433584,0.0383145406101788
near,2018-01-09,2018-01-20,pre_outage,post_recovery,post_recovery__pre_outage,weekday,weekend,False,0.22304898106568596,0.7667768806762632,0.6662337662337662,0.0340864423652472
near,2018-01-09,2018-01-21,pre_outage,post_recovery,post_recovery__pre_outage,weekday,weekend,False,0.1699918511709191,0.757177197023463,0.7176470588235293,0.034630202745680655
near,2018-01-09,2018-01-22,pre_outage,post_recovery,post_recovery__pre_outage,weekday,weekday,True,0.2401221170764354,0.7499631939101598,0.6783882783882784,0.03597273505954254
near,2018-01-09,2018-01-23,pre_outage,post_recovery,post_recovery__pre_outage,weekday,weekday,True,0.5367435018154368,0.8307035705616617,0.6024441635061104,0.030479863974132538
near,2018-01-09,2018-01-24,pre_outage,post_recovery,post_recovery__pre_outage,weekday,weekday,True,0.35594594878488733,0.7955358042777487,0.6059907834101382,0.0322660030950536
near,2018-01-10,2018-01-11,pre_outage,pre_outage,pre_outage__pre_outage,weekday,weekday,True,0.2536425523903927,0.7175012240658183,0.7571815718157181,0.03972770942084069
near,2018-01-10,2018-01-19,pre_outage,post_recovery,post_recovery__pre_outage,weekday,weekday,True,0.5080334972773695,0.8046225845617314,0.6426900584795322,0.033561363089020996
near,2018-01-10,2018-01-20,pre_outage,post_recovery,post_recovery__pre_outage,weekday,weekend,False,0.41430915598960943,0.8069554769311588,0.5888888888888888,0.03178977674963959
near,2018-01-10,2018-01-21,pre_outage,post_recovery,post_recovery__pre_outage,weekday,weekend,False,0.22735114557085317,0.7529859753913277,0.7238562091503269,0.03576179890783794
near,2018-01-10,2018-01-22,pre_outage,post_recovery,post_recovery__pre_outage,weekday,weekday,True,0.5334301317625653,0.8345315816348366,0.5428571428571429,0.029874675468974994
near,2018-01-10,2018-01-23,pre_outage,post_recovery,post_recovery__pre_outage,weekday,weekday,True,0.6209559032798662,0.8537128499982302,0.5854473942969518,0.028762644682713837
near,2018-01-10,2018-01-24,pre_outage,post_recovery,post_recovery__pre_outage,weekday,weekday,True,0.47390252119923293,0.8188053124754328,0.6422939068100358,0.031057490721969637
near,2018-01-11,2018-01-19,pre_outage,post_recovery,post_recovery__pre_outage,weekday,weekday,True,0.585750022246203,0.8357882539375954,0.5879332477535302,0.03075170674182862
near,2018-01-11,2018-01-20,pre_outage,post_recovery,post_recovery__pre_outage,weekday,weekend,False,0.20463047614097654,0.741621368202854,0.7110125646711012,0.03664834186788535
near,2018-01-11,2018-01-21,pre_outage,post_recovery,post_recovery__pre_outage,weekday,weekend,False,0.2667652143027762,0.7660323462854265,0.6506456241032998,0.03477963760744195
near,2018-01-11,2018-01-22,pre_outage,post_recovery,post_recovery__pre_outage,weekday,weekday,True,0.274494019081475,0.7444773840369266,0.7137496649691772,0.037051298884345704
near,2018-01-11,2018-01-23,pre_outage,post_recovery,post_recovery__pre_outage,weekday,weekday,True,0.4554402431863249,0.7904445203064788,0.6039283401683574,0.0343945991378307
near,2018-01-11,2018-01-24,pre_outage,post_recovery,post_recovery__pre_outage,weekday,weekday,True,0.37149666960030947,0.7850124467068761,0.6730920535011802,0.033765904327944816
near,2018-01-19,2018-01-20,post_recovery,post_recovery,post_recovery__post_recovery,weekday,weekend,False,0.23829344811322162,0.7360638132452572,0.7583732057416268,0.03778809198537379
near,2018-01-19,2018-01-21,post_recovery,post_recovery,post_recovery__post_recovery,weekday,weekend,False,0.15611084769326353,0.7145606300761875,0.7917956656346749,0.03913487256642046
near,2018-01-19,2018-01-22,post_recovery,post_recovery,post_recovery__post_recovery,weekday,weekday,True,0.45833066375391884,0.7974261732236787,0.6257952573742047,0.033626973518864636
near,2018-01-19,2018-01-23,post_recovery,post_recovery,post_recovery__post_recovery,weekday,weekday,True,0.3700075814680576,0.746296780789936,0.6863064741499767,0.0384111376346392
near,2018-01-19,2018-01-24,post_recovery,post_recovery,post_recovery__post_recovery,weekday,weekday,True,0.3396258990015579,0.760407254484251,0.7164685908319185,0.03632050955762721
near,2018-01-20,2018-01-21,post_recovery,post_recovery,post_recovery__post_recovery,weekend,weekend,True,-0.29223243757469874,0.6697714458060599,0.8083778966131907,0.03925038048968012
near,2018-01-20,2018-01-22,post_recovery,post_recovery,post_recovery__post_recovery,weekend,weekday,False,0.19497046024587714,0.7621638702788274,0.6778221778221778,0.034290150782324946
near,2018-01-20,2018-01-23,post_recovery,post_recovery,post_recovery__post_recovery,weekend,weekday,False,0.3633476738697752,0.7859236832744092,0.6835612764816305,0.03368510961780002
near,2018-01-20,2018-01-24,post_recovery,post_recovery,post_recovery__post_recovery,weekend,weekday,False,0.17192608009317292,0.7660289536618727,0.676930596285435,0.03366991596923548
near,2018-01-21,2018-01-22,post_recovery,post_recovery,post_recovery__post_recovery,weekend,weekday,False,0.05039584574956062,0.7271521888662608,0.7527472527472527,0.03655339301580928
near,2018-01-21,2018-01-23,post_recovery,post_recovery,post_recovery__post_recovery,weekend,weekday,False,0.40598159464353006,0.8028965419920909,0.6507027589796981,0.03226313507033543
near,2018-01-21,2018-01-24,post_recovery,post_recovery,post_recovery__post_recovery,weekend,weekday,False,0.20951314121076647,0.782657029913997,0.6000948766603416,0.03230134621026505
near,2018-01-22,2018-01-23,post_recovery,post_recovery,post_recovery__post_recovery,weekday,weekday,True,0.28310762130259326,0.741766473156417,0.6601186424195273,0.03750719723241774
near,2018-01-22,2018-01-24,post_recovery,post_recovery,post_recovery__post_recovery,weekday,weekday,True,-0.01013591998017893,0.6840497148160186,0.7761432116270826,0.039964346387556526
near,2018-01-23,2018-01-24,post_recovery,post_recovery,post_recovery__post_recovery,weekday,weekday,True,0.35525481533033937,0.7740722013648107,0.7011133314302027,0.034870881087632345
outer,2018-01-01,2018-01-02,pre_outage,pre_outage,pre_outage__pre_outage,weekday,weekday,True,0.33830219892343416,0.7441603635729845,0.7277777777777777,0.03823020211703654
outer,2018-01-01,2018-01-03,pre_outage,pre_outage,pre_outage__pre_outage,weekday,weekday,True,0.4843052370758194,0.8067877918758461,0.5944444444444444,0.03303054998800789
outer,2018-01-01,2018-01-04,pre_outage,pre_outage,pre_outage__pre_outage,weekday,weekday,True,-0.2815062191215874,0.529667026704737,1.0486997635933806,0.051196817749712895
outer,2018-01-01,2018-01-05,pre_outage,pre_outage,pre_outage__pre_outage,weekday,weekday,True,0.6302120914538518,0.8568984838975655,0.552046783625731,0.028640546156571262
outer,2018-01-01,2018-01-06,pre_outage,pre_outage,pre_outage__pre_outage,weekday,weekend,False,0.3838222184377743,0.7398822397069564,0.6666666666666667,0.039544734266782636
outer,2018-01-01,2018-01-07,pre_outage,pre_outage,pre_outage__pre_outage,weekday,weekend,False,0.3854209685751518,0.747737941334186,0.6861111111111111,0.03858595636765512
outer,2018-01-01,2018-01-08,pre_outage,pre_outage,pre_outage__pre_outage,weekday,weekday,True,0.3127793770679348,0.6951852194363441,0.7707602339181285,0.04361955074881265
outer,2018-01-01,2018-01-09,pre_outage,pre_outage,pre_outage__pre_outage,weekday,weekday,True,-0.15159082967756124,0.5734623443633284,0.8888888888888888,0.04885520725286266
outer,2018-01-01,2018-01-10,pre_outage,pre_outage,pre_outage__pre_outage,weekday,weekday,True,-0.20224246447273403,0.46535449911159166,1.0825396825396825,0.05783222476742831
outer,2018-01-01,2018-01-11,pre_outage,pre_outage,pre_outage__pre_outage,weekday,weekday,True,0.5007631696283741,0.8012092993002111,0.7079365079365079,0.03395833961282705
outer,2018-01-01,2018-01-19,pre_outage,post_recovery,post_recovery__pre_outage,weekday,weekday,True,0.2866725653398086,0.6984194633393257,0.734959349593496,0.042602051251638774
outer,2018-01-01,2018-01-20,pre_outage,post_recovery,post_recovery__pre_outage,weekday,weekend,False,0.05926710501294042,0.65153919986906,0.8786324786324786,0.044175164960738374
outer,2018-01-01,2018-01-21,pre_outage,post_recovery,post_recovery__pre_outage,weekday,weekend,False,0.28545669012774216,0.7150163090081589,0.7849462365591398,0.04066731699934543
outer,2018-01-01,2018-01-22,pre_outage,post_recovery,post_recovery__pre_outage,weekday,weekday,True,0.4120323468819383,0.7663876370145867,0.7625,0.036786442451683596
outer,2018-01-01,2018-01-23,pre_outage,post_recovery,post_recovery__pre_outage,weekday,weekday,True,0.2792917264652744,0.7186954835898702,0.6962962962962963,0.04017565455622958
outer,2018-01-01,2018-01-24,pre_outage,post_recovery,post_recovery__pre_outage,weekday,weekday,True,0.5069323320700223,0.7934228356030575,0.607751937984496,0.03515003457488157
outer,2018-01-02,2018-01-03,pre_outage,pre_outage,pre_outage__pre_outage,weekday,weekday,True,0.11029436104106956,0.7269367286834795,0.7222222222222222,0.03701894812898027
outer,2018-01-02,2018-01-04,pre_outage,pre_outage,pre_outage__pre_outage,weekday,weekday,True,0.31122672193235323,0.7839029383755961,0.6377068557919622,0.033080322195554415
outer,2018-01-02,2018-01-05,pre_outage,pre_outage,pre_outage__pre_outage,weekday,weekday,True,0.3821966174793542,0.8052442584452645,0.6023391812865497,0.03143628997684331
outer,2018-01-02,2018-01-06,pre_outage,pre_outage,pre_outage__pre_outage,weekday,weekend,False,0.6215867088423029,0.857475792815596,0.5333333333333334,0.02824832927795704
outer,2018-01-02,2018-01-07,pre_outage,pre_outage,pre_outage__pre_outage,weekday,weekend,False,0.514109109139907,0.8254323648532838,0.5694444444444444,0.03079660809178257
outer,2018-01-02,2018-01-08,pre_outage,pre_outage,pre_outage__pre_outage,weekday,weekday,True,0.6053963174692056,0.8395234054377576,0.5526315789473684,0.03081828923033633
outer,2018-01-02,2018-01-09,pre_outage,pre_outage,pre_outage__pre_outage,weekday,weekday,True,0.5456789083830862,0.8561819811384964,0.4555555555555556,0.0270387810193497
outer,2018-01-02,2018-01-10,pre_outage,pre_outage,pre_outage__pre_outage,weekday,weekday,True,0.09289038713499517,0.6403043401642113,0.9166666666666667,0.04580354743453801
outer,2018-01-02,2018-01-11,pre_outage,pre_outage,pre_outage__pre_outage,weekday,weekday,True,0.48300330053383045,0.8234091224093779,0.5992063492063491,0.030523758622260123
outer,2018-01-02,2018-01-19,pre_outage,post_recovery,post_recovery__pre_outage,weekday,weekday,True,0.013881415536980232,0.6334615638690484,0.8800813008130082,0.045136161195551
outer,2018-01-02,2018-01-20,pre_outage,post_recovery,post_recovery__pre_outage,weekday,weekend,False,0.6170207879760043,0.8793772218647762,0.4341880341880342,0.024736001695341077
outer,2018-01-02,2018-01-21,pre_outage,post_recovery,post_recovery__pre_outage,weekday,weekend,False,-0.020495489993948953,0.648514786702222,0.8906810035842293,0.0431631314224606
outer,2018-01-02,2018-01-22,pre_outage,post_recovery,post_recovery__pre_outage,weekday,weekday,True,0.0603225829699998,0.6791024401543573,0.8333333333333333,0.04114497869873481
outer,2018-01-02,2018-01-23,pre_outage,post_recovery,post_recovery__pre_outage,weekday,weekday,True,0.49143609346716083,0.8298785168246077,0.5462962962962963,0.029794343481956517
outer,2018-01-02,2018-01-24,pre_outage,post_recovery,post_recovery__pre_outage,weekday,weekday,True,0.4311907540780351,0.7899563328133637,0.5981912144702842,0.03408107455800126
outer,2018-01-03,2018-01-04,pre_outage,pre_outage,pre_outage__pre_outage,weekday,weekday,True,-0.025990103986072627,0.7019317735021912,0.7402482269503546,0.03819673070696014
outer,2018-01-03,2018-01-05,pre_outage,pre_outage,pre_outage__pre_outage,weekday,weekday,True,0.4787504959281433,0.8476952849212688,0.5350877192982456,0.027337251120218547
outer,2018-01-03,2018-01-06,pre_outage,pre_outage,pre_outage__pre_outage,weekday,weekend,False,0.5084848472283577,0.8235394981923919,0.5805555555555555,0.03110563361172428
outer,2018-01-03,2018-01-07,pre_outage,pre_outage,pre_outage__pre_outage,weekday,weekend,False,0.29319773580418684,0.7608131086536779,0.6666666666666667,0.03557969015958194
outer,2018-01-03,2018-01-08,pre_outage,pre_outage,pre_outage__pre_outage,weekday,weekday,True,0.5744976299723662,0.8319028880805401,0.5789473684210527,0.0313524278071718
outer,2018-01-03,2018-01-09,pre_outage,pre_outage,pre_outage__pre_outage,weekday,weekday,True,-0.26805220557026416,0.6282679458773527,0.8805555555555555,0.042738904294906975
outer,2018-01-03,2018-01-10,pre_outage,pre_outage,pre_outage__pre_outage,weekday,weekday,True,0.09308574042571369,0.6579971116995689,0.8630952380952381,0.04420252416411549
outer,2018-01-03,2018-01-11,pre_outage,pre_outage,pre_outage__pre_outage,weekday,weekday,True,0.40334923455637806,0.8083948852680602,0.6428571428571428,0.03136788046381424
outer,2018-01-03,2018-01-19,pre_outage,post_recovery,post_recovery__pre_outage,weekday,weekday,True,0.18547478496189962,0.712716198624504,0.8028455284552845,0.03952188386667943
outer,2018-01-03,2018-01-20,pre_outage,post_recovery,post_recovery__pre_outage,weekday,weekend,False,0.16863229489652626,0.7579237921834131,0.7198717948717949,0.03443922312284761
outer,2018-01-03,2018-01-21,pre_outage,post_recovery,post_recovery__pre_outage,weekday,weekend,False,-0.1882704364744198,0.6173849521202128,0.831989247311828,0.044373078551165596
outer,2018-01-03,2018-01-22,pre_outage,post_recovery,post_recovery__pre_outage,weekday,weekday,True,0.033583024712973385,0.6911765413460592,0.7291666666666667,0.03977930290760278
outer,2018-01-03,2018-01-23,pre_outage,post_recovery,post_recovery__pre_outage,weekday,weekday,True,0.4309109078757648,0.8215394059066767,0.638888888888889,0.03008517239950911
outer,2018-01-03,2018-01-24,pre_outage,post_recovery,post_recovery__pre_outage,weekday,weekday,True,0.3825863905872884,0.7834115503966741,0.6918604651162791,0.03423020263128975
outer,2018-01-04,2018-01-05,pre_outage,pre_outage,pre_outage__pre_outage,weekday,weekday,True,-0.3283510114980127,0.6029691608886645,0.9305711086226203,0.04434293707293544
outer,2018-01-04,2018-01-06,pre_outage,pre_outage,pre_outage__pre_outage,weekday,weekend,False,0.39495293711710433,0.7817719990481259,0.5380614657210402,0.03460377076207845
outer,2018-01-04,2018-01-07,pre_outage,pre_outage,pre_outage__pre_outage,weekday,weekend,False,0.12410104559880461,0.6995230878257365,0.7375886524822695,0.039978485377057615
outer,2018-01-04,2018-01-08,pre_outage,pre_outage,pre_outage__pre_outage,weekday,weekday,True,0.08132555878409146,0.6497744230367608,0.8577827547592384,0.04478379201401913
outer,2018-01-04,2018-01-09,pre_outage,pre_outage,pre_outage__pre_outage,weekday,weekday,True,0.2614255937349345,0.7783908868434702,0.652482269503546,0.033156537559177496
outer,2018-01-04,2018-01-10,pre_outage,pre_outage,pre_outage__pre_outage,weekday,weekday,True,0.0051074281547124605,0.6203708978430444,0.905775075987842,0.046657813776783935
outer,2018-01-04,2018-01-11,pre_outage,pre_outage,pre_outage__pre_outage,weekday,weekday,True,-0.297187240447587,0.5778518673423458,0.9604863221884498,0.046675986798516936
outer,2018-01-04,2018-01-19,pre_outage,post_recovery,post_recovery__pre_outage,weekday,weekday,True,-0.647806103516224,0.41648006170608476,1.1966787752983912,0.056319085828322284
outer,2018-01-04,2018-01-20,pre_outage,post_recovery,post_recovery__pre_outage,weekday,weekend,False,0.1796530248587522,0.7555236414237614,0.6775777414075286,0.034774332981261744
outer,2018-01-04,2018-01-21,pre_outage,post_recovery,post_recovery__pre_outage,weekday,weekend,False,-0.36202030947658853,0.5525789639955379,0.8984214138641043,0.04817723033372332
outer,2018-01-04,2018-01-22,pre_outage,post_recovery,post_recovery__pre_outage,weekday,weekday,True,-0.2211159971291129,0.6022549960509519,0.8244680851063829,0.04531734944755056
outer,2018-01-04,2018-01-23,pre_outage,post_recovery,post_recovery__pre_outage,weekday,weekday,True,-0.015199211913146923,0.6763083348765059,0.8542159180457053,0.040651297826021754
outer,2018-01-04,2018-01-24,pre_outage,post_recovery,post_recovery__pre_outage,weekday,weekday,True,-0.09353676413707367,0.6154028228380679,0.9163780306778821,0.04559859531708054
outer,2018-01-05,2018-01-06,pre_outage,pre_outage,pre_outage__pre_outage,weekday,weekend,False,0.3019299637427673,0.748446648568741,0.7099415204678362,0.03713603778811399
outer,2018-01-05,2018-01-07,pre_outage,pre_outage,pre_outage__pre_outage,weekday,weekend,False,0.40640040640060965,0.794284893066466,0.618421052631579,0.03315866343209965
outer,2018-01-05,2018-01-08,pre_outage,pre_outage,pre_outage__pre_outage,weekday,weekday,True,0.4691588688636999,0.7916717666094402,0.631578947368421,0.03481251725084988
outer,2018-01-05,2018-01-09,pre_outage,pre_outage,pre_outage__pre_outage,weekday,weekday,True,0.0568930226824525,0.7156174948955457,0.7625730994152047,0.037599731916314834
outer,2018-01-05,2018-01-10,pre_outage,pre_outage,pre_outage__pre_outage,weekday,weekday,True,0.2132510331677862,0.6960575579871306,0.8345864661654134,0.04188398487811502
outer,2018-01-05,2018-01-11,pre_outage,pre_outage,pre_outage__pre_outage,weekday,weekday,True,0.7532063909381114,0.9180375810555118,0.43045112781954886,0.02066422784512461
outer,2018-01-05,2018-01-19,pre_outage,post_recovery,post_recovery__pre_outage,weekday,weekday,True,0.480362480383361,0.810571157233003,0.6367137355584083,0.032329568848101654
outer,2018-01-05,2018-01-20,pre_outage,post_recovery,post_recovery__pre_outage,weekday,weekend,False,0.1836920257247719,0.7555042163734285,0.6825910931174088,0.03481290961287942
outer,2018-01-05,2018-01-21,pre_outage,post_recovery,post_recovery__pre_outage,weekday,weekend,False,0.2456394504175019,0.7501937734175208,0.7062818336162988,0.03606394742281604
outer,2018-01-05,2018-01-22,pre_outage,post_recovery,post_recovery__pre_outage,weekday,weekday,True,0.5023447326435767,0.8362177002929908,0.5953947368421053,0.02914867825117285
outer,2018-01-05,2018-01-23,pre_outage,post_recovery,post_recovery__pre_outage,weekday,weekday,True,0.360859189766188,0.7949537509361168,0.6393762183235867,0.03239794035264253
outer,2018-01-05,2018-01-24,pre_outage,post_recovery,post_recovery__pre_outage,weekday,weekday,True,0.46173942957603953,0.8070024346378689,0.6083231334149326,0.03245834566371677
outer,2018-01-06,2018-01-07,pre_outage,pre_outage,pre_outage__pre_outage,weekend,weekend,True,0.1686098519085568,0.6695294459834533,0.8055555555555556,0.043652522212046935
outer,2018-01-06,2018-01-08,pre_outage,pre_outage,pre_outage__pre_outage,weekend,weekday,False,0.5134067693637877,0.7893522173763264,0.6491228070175439,0.035942718076224144
outer,2018-01-06,2018-01-09,pre_outage,pre_outage,pre_outage__pre_outage,weekend,weekday,False,0.2508780798324601,0.729811208733461,0.6222222222222222,0.03849001794597505
outer,2018-01-06,2018-01-10,pre_outage,pre_outage,pre_outage__pre_outage,weekend,weekday,False,0.23732084094891975,0.669341951485672,0.8603174603174603,0.04506254809651471
outer,2018-01-06,2018-01-11,pre_outage,pre_outage,pre_outage__pre_outage,weekend,weekday,False,0.4175188397516165,0.7766587290545334,0.6896825396825397,0.03551328653642357
outer,2018-01-06,2018-01-19,pre_outage,post_recovery,post_recovery__pre_outage,weekend,weekday,False,-0.10966123450857444,0.5442730735449988,0.9962059620596204,0.05181847724660096
outer,2018-01-06,2018-01-20,pre_outage,post_recovery,post_recovery__pre_outage,weekend,weekend,True,0.4544390747187196,0.8023035400546337,0.5982905982905983,0.03297343883255505
outer,2018-01-06,2018-01-21,pre_outage,post_recovery,post_recovery__pre_outage,weekend,weekend,True,-0.4306156767135226,0.44955300254575337,0.9584229390681004,0.055797925851706794
outer,2018-01-06,2018-01-22,pre_outage,post_recovery,post_recovery__pre_outage,weekend,weekday,False,-0.05407545410370103,0.5970187998216957,0.8250000000000001,0.04765975477060534
outer,2018-01-06,2018-01-23,pre_outage,post_recovery,post_recovery__pre_outage,weekend,weekday,False,0.4088780217543785,0.7767720939783958,0.674074074074074,0.03536342120346297
outer,2018-01-06,2018-01-24,pre_outage,post_recovery,post_recovery__pre_outage,weekend,weekday,False,0.4416473110776491,0.7730835373992196,0.6501291989664082,0.036433497652193114
outer,2018-01-07,2018-01-08,pre_outage,pre_outage,pre_outage__pre_outage,weekend,weekday,False,0.4571980974746595,0.77101483089748,0.7039473684210525,0.03715956842725996
outer,2018-01-07,2018-01-09,pre_outage,pre_outage,pre_outage__pre_outage,weekend,weekday,False,-0.0853287825862788,0.625955510328977,0.8472222222222223,0.04464293062898125
outer,2018-01-07,2018-01-10,pre_outage,pre_outage,pre_outage__pre_outage,weekend,weekday,False,-0.24693239916239748,0.4754664825919657,1.0714285714285714,0.056194070203866686
outer,2018-01-07,2018-01-11,pre_outage,pre_outage,pre_outage__pre_outage,weekend,weekday,False,0.3974215963352331,0.7773938534302316,0.6190476190476191,0.03502560207124947
outer,2018-01-07,2018-01-19,pre_outage,post_recovery,post_recovery__pre_outage,weekend,weekday,False,0.14760499328462157,0.6605515706626153,0.8455284552845528,0.04427005873801832
outer,2018-01-07,2018-01-20,pre_outage,post_recovery,post_recovery__pre_outage,weekend,weekend,True,0.4473378732835158,0.8085759556812415,0.6275641025641026,0.03198470649707672
outer,2018-01-07,2018-01-21,pre_outage,post_recovery,post_recovery__pre_outage,weekend,weekend,True,0.12258804718871906,0.6734716791106382,0.8548387096774194,0.04250638839175003
outer,2018-01-07,2018-01-22,pre_outage,post_recovery,post_recovery__pre_outage,weekend,weekday,False,0.10690449676496983,0.6701540487876269,0.8125,0.04263204568683567
outer,2018-01-07,2018-01-23,pre_outage,post_recovery,post_recovery__pre_outage,weekend,weekday,False,0.47356801693808115,0.8086290819629293,0.6018518518518519,0.03233844072483932
outer,2018-01-07,2018-01-24,pre_outage,post_recovery,post_recovery__pre_outage,weekend,weekday,False,0.3582009757855622,0.7472203841734706,0.627906976744186,0.03805839641219399
outer,2018-01-08,2018-01-09,pre_outage,pre_outage,pre_outage__pre_outage,weekday,weekday,True,0.32185029573077284,0.7367665462352304,0.6573099415204677,0.03900596485365522
outer,2018-01-08,2018-01-10,pre_outage,pre_outage,pre_outage__pre_outage,weekday,weekday,True,-0.1445081895704336,0.48005681481939766,1.0789473684210527,0.05751797794558301
outer,2018-01-08,2018-01-11,pre_outage,pre_outage,pre_outage__pre_outage,weekday,weekday,True,0.6597122133322355,0.8586930390852938,0.5639097744360901,0.02907590550681007
outer,2018-01-08,2018-01-19,pre_outage,post_recovery,post_recovery__pre_outage,weekday,weekday,True,0.14340503447841388,0.6293071602245243,0.944801026957638,0.04767174810427811
outer,2018-01-08,2018-01-20,pre_outage,post_recovery,post_recovery__pre_outage,weekday,weekend,False,0.4104075293511244,0.7703299198655457,0.6955465587044535,0.036481641870644975
outer,2018-01-08,2018-01-21,pre_outage,post_recovery,post_recovery__pre_outage,weekday,weekend,False,-0.0772203413503244,0.5608111009146405,0.9337860780984719,0.05093555458163464
outer,2018-01-08,2018-01-22,pre_outage,post_recovery,post_recovery__pre_outage,weekday,weekday,True,0.12707898458431818,0.6454972243679028,0.8914473684210527,0.04572102178920276
outer,2018-01-08,2018-01-23,pre_outage,post_recovery,post_recovery__pre_outage,weekday,weekday,True,0.3494094396574584,0.7380470437141377,0.7914230019493177,0.03923128067744597
outer,2018-01-08,2018-01-24,pre_outage,post_recovery,post_recovery__pre_outage,weekday,weekday,True,0.35210292998186016,0.7219502207300177,0.7821297429620563,0.04117117179344457
outer,2018-01-09,2018-01-10,pre_outage,pre_outage,pre_outage__pre_outage,weekday,weekday,True,0.07901415375613652,0.6454972243679026,0.8333333333333333,0.04517655704891999
outer,2018-01-09,2018-01-11,pre_outage,pre_outage,pre_outage__pre_outage,weekday,weekday,True,0.27390058490938446,0.7611646165718612,0.6722222222222222,0.03519108982957138
outer,2018-01-09,2018-01-19,pre_outage,post_recovery,post_recovery__pre_outage,weekday,weekday,True,-0.11512575488546993,0.6000208344184657,0.9246612466124662,0.046768713566863365
outer,2018-01-09,2018-01-20,pre_outage,post_recovery,post_recovery__pre_outage,weekday,weekend,False,0.21232505348434697,0.7631714146546165,0.629059829059829,0.0342911550204342
outer,2018-01-09,2018-01-21,pre_outage,post_recovery,post_recovery__pre_outage,weekday,weekend,False,0.03050917574320786,0.6784522979997615,0.8215053763440859,0.04092762575322384
outer,2018-01-09,2018-01-22,pre_outage,post_recovery,post_recovery__pre_outage,weekday,weekday,True,0.03420761460732617,0.6825982681581179,0.8333333333333334,0.040560648621093154
outer,2018-01-09,2018-01-23,pre_outage,post_recovery,post_recovery__pre_outage,weekday,weekday,True,0.09928068941190116,0.7104021523826863,0.6962962962962962,0.03851970558474739
outer,2018-01-09,2018-01-24,pre_outage,post_recovery,post_recovery__pre_outage,weekday,weekday,True,0.14613820429077706,0.6963566259120844,0.6925064599483204,0.04061919069236402
outer,2018-01-10,2018-01-11,pre_outage,pre_outage,pre_outage__pre_outage,weekday,weekday,True,0.15097887424924453,0.6540051775614836,0.8571428571428572,0.04523417902848412
outer,2018-01-10,2018-01-19,pre_outage,post_recovery,post_recovery__pre_outage,weekday,weekday,True,0.22324678761074218,0.6627334956636112,0.89198606271777,0.04553425100587152
outer,2018-01-10,2018-01-20,pre_outage,post_recovery,post_recovery__pre_outage,weekday,weekend,False,0.047866959523978,0.6355974069684518,0.8329670329670329,0.04574595180372106
outer,2018-01-10,2018-01-21,pre_outage,post_recovery,post_recovery__pre_outage,weekday,weekend,False,-0.3296171265436078,0.45723808531952653,1.0760368663594468,0.05666087112816529
outer,2018-01-10,2018-01-22,pre_outage,post_recovery,post_recovery__pre_outage,weekday,weekday,True,0.026398183867422736,0.6038596398555417,0.8928571428571428,0.04837454077020154
outer,2018-01-10,2018-01-23,pre_outage,post_recovery,post_recovery__pre_outage,weekday,weekday,True,0.24194335156365354,0.6947656262095289,0.7698412698412698,0.042362474972089906
outer,2018-01-10,2018-01-24,pre_outage,post_recovery,post_recovery__pre_outage,weekday,weekday,True,0.3670734192821188,0.7274606287685048,0.7524916943521593,0.040817562471399844
outer,2018-01-11,2018-01-19,pre_outage,post_recovery,post_recovery__pre_outage,weekday,weekday,True,0.42867954965626437,0.7804340422380678,0.6811846689895471,0.03523951626538864
outer,2018-01-11,2018-01-20,pre_outage,post_recovery,post_recovery__pre_outage,weekday,weekend,False,0.34644645152095566,0.7860690931127963,0.6593406593406593,0.03327211174357327
outer,2018-01-11,2018-01-21,pre_outage,post_recovery,post_recovery__pre_outage,weekday,weekend,False,-0.05829640373290893,0.6229918232859788,0.8652073732718895,0.045094587817913964
outer,2018-01-11,2018-01-22,pre_outage,post_recovery,post_recovery__pre_outage,weekday,weekday,True,0.17974912052201517,0.7101763408080449,0.7589285714285714,0.039448559945867746
outer,2018-01-11,2018-01-23,pre_outage,post_recovery,post_recovery__pre_outage,weekday,weekday,True,0.3893920495134679,0.788422467390209,0.5978835978835978,0.03353126771589042
outer,2018-01-11,2018-01-24,pre_outage,post_recovery,post_recovery__pre_outage,weekday,weekday,True,0.6844077096420013,0.879665996243702,0.4875415282392026,0.026013224065719112
outer,2018-01-19,2018-01-20,post_recovery,post_recovery,post_recovery__post_recovery,weekday,weekend,False,-0.0667171090296991,0.6191180078980415,0.8660412757973734,0.04559755664289255
outer,2018-01-19,2018-01-21,post_recovery,post_recovery,post_recovery__post_recovery,weekday,weekend,False,0.33299104782968203,0.7421069256351338,0.7065302911093627,0.03825327450963324
outer,2018-01-19,2018-01-22,post_recovery,post_recovery,post_recovery__post_recovery,weekday,weekday,True,0.24655683636076894,0.7108780440996104,0.7820121951219512,0.040418506152803714
outer,2018-01-19,2018-01-23,post_recovery,post_recovery,post_recovery__post_recovery,weekday,weekday,True,0.1581811512024889,0.6825570890107729,0.7850045167118338,0.04215732135336902
outer,2018-01-19,2018-01-24,post_recovery,post_recovery,post_recovery__post_recovery,weekday,weekday,True,0.14952933945613242,0.653757498254019,0.8235961429381735,0.04503230863886205
outer,2018-01-20,2018-01-21,post_recovery,post_recovery,post_recovery__post_recovery,weekend,weekend,True,-0.13303359625627575,0.6267477554838023,0.8347394540942928,0.04403079966755641
outer,2018-01-20,2018-01-22,post_recovery,post_recovery,post_recovery__post_recovery,weekend,weekday,False,-0.2550529612121923,0.5904794173309008,0.8567307692307693,0.0460002200840503
outer,2018-01-20,2018-01-23,post_recovery,post_recovery,post_recovery__post_recovery,weekend,weekday,False,0.6537972208592931,0.8887663331895845,0.4717948717948718,0.02387162922624806
outer,2018-01-20,2018-01-24,post_recovery,post_recovery,post_recovery__post_recovery,weekend,weekday,False,0.15289267317484379,0.7002269621866537,0.7327370304114491,0.04031889760357676
outer,2018-01-21,2018-01-22,post_recovery,post_recovery,post_recovery__post_recovery,weekend,weekday,False,0.5751732589081776,0.84856384913606,0.5362903225806451,0.028585043537775804
outer,2018-01-21,2018-01-23,post_recovery,post_recovery,post_recovery__post_recovery,weekend,weekday,False,-0.18016689850595247,0.5874780291913979,0.9522102747909199,0.046934236067311785
outer,2018-01-21,2018-01-24,post_recovery,post_recovery,post_recovery__post_recovery,weekend,weekday,False,-0.3085978612508154,0.5011614417507341,1.0367591897974493,0.05294926149787234
outer,2018-01-22,2018-01-23,post_recovery,post_recovery,post_recovery__post_recovery,weekday,weekday,True,-0.13093073414159548,0.6079864822365256,0.8842592592592593,0.045646725821754795
outer,2018-01-22,2018-01-24,post_recovery,post_recovery,post_recovery__post_recovery,weekday,weekday,True,0.13402653269976833,0.6719312917211003,0.8488372093023255,0.04286815435665193
outer,2018-01-23,2018-01-24,post_recovery,post_recovery,post_recovery__post_recovery,weekday,weekday,True,0.4430918561010384,0.7918739639547129,0.5796726959517657,0.0340255743415999
