date,hour,region,quality,N_ge1,N_ge2,N_ge3,N_ge4,N_ge5,N_ge6,N_eq1,N_eq2,N_eq3,N_eq4,active_rows,active_mmsi
2018-01-01,0,core,normal,2,2,2,2,2,2,0,0,0,0,91,2
2018-01-01,0,near,normal,0,0,0,0,0,0,0,0,0,0,0,0
2018-01-01,0,outer,normal,1,1,1,1,1,1,0,0,0,0,142,1
2018-01-01,1,core,normal,0,0,0,0,0,0,0,0,0,0,0,0
2018-01-01,1,near,normal,2,2,2,2,2,2,0,0,0,0,19,2
2018-01-01,1,outer,normal,1,1,1,1,1,1,0,0,0,0,35,1
2018-01-01,2,core,normal,6,6,6,6,4,4,0,0,0,2,203,6
2018-01-01,2,near,normal,2,2,2,2,2,2,0,0,0,0,174,2
2018-01-01,2,outer,normal,0,0,0,0,0,0,0,0,0,0,0,0
2018-01-01,3,core,normal,14,13,13,13,13,13,1,0,0,0,629,14
2018-01-01,3,near,normal,3,3,3,3,3,2,0,0,0,0,80,3
2018-01-01,3,outer,normal,0,0,0,0,0,0,0,0,0,0,0,0
2018-01-01,4,core,normal,5,5,5,5,5,5,0,0,0,0,174,5
2018-01-01,4,near,normal,2,2,2,2,2,2,0,0,0,0,252,2
2018-01-01,4,outer,normal,1,1,1,1,1,1,0,0,0,0,80,1
2018-01-01,5,core,normal,1,1,1,1,1,1,0,0,0,0,170,1
2018-01-01,5,near,normal,0,0,0,0,0,0,0,0,0,0,0,0
2018-01-01,5,outer,normal,1,1,1,1,1,1,0,0,0,0,38,1
2018-01-01,6,core,normal,12,12,12,12,12,12,0,0,0,0,710,12
2018-01-01,6,near,normal,5,5,5,5,5,5,0,0,0,0,316,5
2018-01-01,6,outer,normal,0,0,0,0,0,0,0,0,0,0,0,0
2018-01-01,7,core,normal,12,12,12,12,12,12,0,0,0,0,815,12
2018-01-01,7,near,normal,13,13,13,13,12,12,0,0,0,1,1015,13
2018-01-01,7,outer,normal,0,0,0,0,0,0,0,0,0,0,0,0
2018-01-01,8,core,normal,10,10,10,10,10,10,0,0,0,0,414,10
2018-01-01,8,near,normal,9,9,9,7,6,6,0,0,2,1,187,9
2018-01-01,8,outer,normal,3,3,3,3,2,2,0,0,0,1,317,3
2018-01-01,9,core,normal,3,2,2,2,1,1,1,0,0,1,32,3
2018-01-01,9,near,normal,4,3,3,3,3,3,1,0,0,0,112,4
2018-01-01,9,outer,normal,2,1,1,1,1,1,1,0,0,0,39,2
2018-01-01,10,core,normal,4,4,4,4,4,2,0,0,0,0,65,4
2018-01-01,10,near,normal,4,4,4,4,4,4,0,0,0,0,118,4
2018-01-01,10,outer,normal,3,3,3,3,3,3,0,0,0,0,23,3
2018-01-01,11,core,normal,13,13,13,13,13,13,0,0,0,0,1129,13
2018-01-01,11,near,normal,6,6,6,6,6,6,0,0,0,0,370,6
2018-01-01,11,outer,normal,3,3,3,2,2,2,0,0,1,0,170,3
2018-01-01,12,core,normal,11,11,10,10,10,10,0,1,0,0,812,11
2018-01-01,12,near,normal,3,3,3,3,3,3,0,0,0,0,112,3
2018-01-01,12,outer,normal,6,6,6,6,6,5,0,0,0,0,809,6
2018-01-01,13,core,normal,2,2,2,1,1,1,0,0,1,0,75,2
2018-01-01,13,near,normal,3,2,2,2,2,2,1,0,0,0,192,3
2018-01-01,13,outer,normal,5,4,4,4,4,4,1,0,0,0,398,5
2018-01-01,14,core,normal,8,8,8,8,8,8,0,0,0,0,1258,8
2018-01-01,14,near,normal,6,6,6,6,5,5,0,0,0,1,373,6
2018-01-01,14,outer,normal,3,3,2,1,1,1,0,1,1,0,22,3
2018-01-01,15,core,normal,10,9,9,9,9,9,1,0,0,0,1198,10
2018-01-01,15,near,normal,9,9,8,8,7,7,0,1,0,1,575,9
2018-01-01,15,outer,normal,6,5,5,4,4,4,1,0,1,0,686,6
2018-01-01,16,core,normal,11,11,11,11,11,11,0,0,0,0,472,11
2018-01-01,16,near,normal,3,3,3,3,3,3,0,0,0,0,307,3
2018-01-01,16,outer,normal,4,4,4,4,4,4,0,0,0,0,913,4
2018-01-01,17,core,normal,3,3,3,3,3,3,0,0,0,0,143,3
2018-01-01,17,near,normal,2,2,2,2,2,2,0,0,0,0,198,2
2018-01-01,17,outer,normal,0,0,0,0,0,0,0,0,0,0,0,0
2018-01-01,18,core,normal,11,11,11,11,11,11,0,0,0,0,1166,11
2018-01-01,18,near,normal,7,7,7,7,7,7,0,0,0,0,359,7
2018-01-01,18,outer,normal,1,1,1,1,1,1,0,0,0,0,325,1
2018-01-01,19,core,normal,13,13,13,13,13,13,0,0,0,0,735,13
2018-01-01,19,near,normal,12,12,12,12,12,12,0,0,0,0,1778,12
2018-01-01,19,outer,normal,4,3,3,3,3,3,1,0,0,0,272,4
2018-01-01,20,core,normal,6,5,5,5,5,5,1,0,0,0,346,6
2018-01-01,20,near,normal,5,5,4,4,4,4,0,1,0,0,155,5
2018-01-01,20,outer,normal,2,2,2,2,2,2,0,0,0,0,509,2
2018-01-01,21,core,normal,6,5,5,5,5,5,1,0,0,0,309,6
2018-01-01,21,near,normal,5,5,5,5,5,4,0,0,0,0,241,5
2018-01-01,21,outer,normal,2,1,1,1,1,1,1,0,0,0,296,2
2018-01-01,22,core,normal,6,6,6,6,6,6,0,0,0,0,458,6
2018-01-01,22,near,normal,3,3,3,3,3,3,0,0,0,0,253,3
2018-01-01,22,outer,normal,1,1,1,1,1,1,0,0,0,0,64,1
2018-01-01,23,core,normal,15,15,15,15,15,15,0,0,0,0,1549,15
2018-01-01,23,near,normal,5,4,4,4,4,4,1,0,0,0,431,5
2018-01-01,23,outer,normal,2,2,2,2,2,2,0,0,0,0,229,2
2018-01-02,0,core,normal,9,8,8,8,8,8,1,0,0,0,560,9
2018-01-02,0,near,normal,1,1,1,1,1,1,0,0,0,0,15,1
2018-01-02,0,outer,normal,3,3,3,3,3,3,0,0,0,0,851,3
2018-01-02,1,core,normal,0,0,0,0,0,0,0,0,0,0,0,0
2018-01-02,1,near,normal,0,0,0,0,0,0,0,0,0,0,0,0
2018-01-02,1,outer,normal,3,3,3,3,3,3,0,0,0,0,413,3
2018-01-02,2,core,normal,1,1,1,1,1,1,0,0,0,0,173,1
2018-01-02,2,near,normal,3,3,3,3,3,3,0,0,0,0,109,3
2018-01-02,2,outer,normal,1,1,1,1,1,1,0,0,0,0,275,1
2018-01-02,3,core,normal,13,13,13,13,13,13,0,0,0,0,1702,13
2018-01-02,3,near,normal,6,6,6,6,6,6,0,0,0,0,307,6
2018-01-02,3,outer,normal,1,1,0,0,0,0,0,1,0,0,2,1
2018-01-02,4,core,normal,8,8,8,8,8,8,0,0,0,0,355,8
2018-01-02,4,near,normal,2,2,2,2,2,2,0,0,0,0,158,2
2018-01-02,4,outer,normal,2,2,2,2,2,2,0,0,0,0,421,2
2018-01-02,5,core,normal,6,6,6,6,6,6,0,0,0,0,368,6
2018-01-02,5,near,normal,1,1,1,1,1,1,0,0,0,0,181,1
2018-01-02,5,outer,normal,3,3,3,3,3,3,0,0,0,0,406,3
2018-01-02,6,core,normal,13,13,13,13,13,13,0,0,0,0,979,13
2018-01-02,6,near,normal,7,7,7,7,7,7,0,0,0,0,520,7
2018-01-02,6,outer,normal,2,2,2,2,2,2,0,0,0,0,121,2
2018-01-02,7,core,normal,12,12,12,12,12,12,0,0,0,0,801,12
2018-01-02,7,near,normal,12,12,12,12,12,12,0,0,0,0,1073,12
2018-01-02,7,outer,normal,4,4,4,4,4,4,0,0,0,0,618,4
2018-01-02,8,core,normal,6,6,5,5,5,5,0,1,0,0,274,6
2018-01-02,8,near,normal,6,6,6,5,5,5,0,0,1,0,371,6
2018-01-02,8,outer,normal,6,5,5,5,5,5,1,0,0,0,555,6
2018-01-02,9,core,normal,4,4,4,4,3,3,0,0,0,1,332,4
2018-01-02,9,near,normal,3,2,1,1,1,1,1,1,0,0,10,3
2018-01-02,9,outer,normal,8,8,8,8,8,7,0,0,0,0,1601,8
2018-01-02,10,core,normal,6,6,6,6,6,6,0,0,0,0,987,6
2018-01-02,10,near,normal,8,8,8,8,8,8,0,0,0,0,488,8
2018-01-02,10,outer,normal,7,7,7,7,7,7,0,0,0,0,1023,7
2018-01-02,11,core,normal,9,9,9,9,9,9,0,0,0,0,689,9
2018-01-02,11,near,normal,8,8,8,7,7,7,0,0,1,0,662,8
2018-01-02,11,outer,normal,2,2,2,2,2,2,0,0,0,0,130,2
2018-01-02,12,core,normal,6,6,6,6,6,6,0,0,0,0,275,6
2018-01-02,12,near,normal,4,4,4,4,4,4,0,0,0,0,176,4
2018-01-02,12,outer,normal,6,6,6,6,6,6,0,0,0,0,316,6
2018-01-02,13,core,normal,8,8,8,8,8,8,0,0,0,0,221,8
2018-01-02,13,near,normal,7,7,7,7,7,7,0,0,0,0,779,7
2018-01-02,13,outer,normal,5,5,5,5,5,5,0,0,0,0,725,5
2018-01-02,14,core,normal,11,10,10,10,10,10,1,0,0,0,1378,11
2018-01-02,14,near,normal,10,9,9,8,7,7,1,0,1,1,607,10
2018-01-02,14,outer,normal,2,2,2,2,2,2,0,0,0,0,76,2
2018-01-02,15,core,normal,13,13,13,12,12,11,0,0,1,0,1297,13
2018-01-02,15,near,normal,9,8,8,8,7,7,1,0,0,1,573,9
2018-01-02,15,outer,normal,2,2,2,2,2,2,0,0,0,0,199,2
2018-01-02,16,core,normal,12,12,12,12,12,12,0,0,0,0,660,12
2018-01-02,16,near,normal,7,6,6,6,6,6,1,0,0,0,775,7
2018-01-02,16,outer,normal,5,5,5,5,5,5,0,0,0,0,679,5
2018-01-02,17,core,normal,5,5,5,5,5,5,0,0,0,0,476,5
2018-01-02,17,near,normal,3,3,3,3,3,3,0,0,0,0,350,3
2018-01-02,17,outer,normal,5,5,4,4,4,4,0,1,0,0,638,5
2018-01-02,18,core,normal,10,10,10,10,10,10,0,0,0,0,1217,10
2018-01-02,18,near,normal,4,4,4,4,4,4,0,0,0,0,467,4
2018-01-02,18,outer,normal,3,3,3,3,3,3,0,0,0,0,306,3
2018-01-02,19,core,normal,16,16,16,16,16,16,0,0,0,0,1591,16
2018-01-02,19,near,normal,7,7,7,7,7,7,0,0,0,0,575,7
2018-01-02,19,outer,normal,1,1,1,1,1,1,0,0,0,0,328,1
2018-01-02,20,core,normal,8,8,8,8,8,8,0,0,0,0,614,8
2018-01-02,20,near,normal,4,4,3,3,3,3,0,1,0,0,64,4
2018-01-02,20,outer,normal,2,2,2,2,2,2,0,0,0,0,228,2
2018-01-02,21,core,normal,4,4,4,4,4,4,0,0,0,0,445,4
2018-01-02,21,near,normal,4,4,4,4,4,4,0,0,0,0,277,4
2018-01-02,21,outer,normal,2,2,2,2,2,2,0,0,0,0,61,2
2018-01-02,22,core,normal,8,8,8,8,7,7,0,0,0,1,804,8
2018-01-02,22,near,normal,5,4,4,4,4,4,1,0,0,0,197,5
2018-01-02,22,outer,normal,1,0,0,0,0,0,1,0,0,0,1,1
2018-01-02,23,core,normal,7,6,6,6,6,6,1,0,0,0,301,7
2018-01-02,23,near,normal,4,4,3,3,3,3,0,1,0,0,317,4
2018-01-02,23,outer,normal,0,0,0,0,0,0,0,0,0,0,0,0
2018-01-03,0,core,normal,1,1,1,1,1,1,0,0,0,0,63,1
2018-01-03,0,near,normal,2,2,2,2,2,2,0,0,0,0,81,2
2018-01-03,0,outer,normal,2,2,2,2,2,2,0,0,0,0,510,2
2018-01-03,1,core,normal,4,4,4,4,4,4,0,0,0,0,862,4
2018-01-03,1,near,normal,1,1,1,1,1,0,0,0,0,0,5,1
2018-01-03,1,outer,normal,2,2,2,2,2,2,0,0,0,0,256,2
2018-01-03,2,core,normal,6,6,6,6,6,6,0,0,0,0,449,6
2018-01-03,2,near,normal,2,2,2,2,2,2,0,0,0,0,118,2
2018-01-03,2,outer,normal,0,0,0,0,0,0,0,0,0,0,0,0
2018-01-03,3,core,normal,11,11,11,11,11,11,0,0,0,0,1007,11
2018-01-03,3,near,normal,3,3,3,3,3,3,0,0,0,0,450,3
2018-01-03,3,outer,normal,2,2,2,2,2,2,0,0,0,0,69,2
2018-01-03,4,core,normal,5,5,5,5,5,5,0,0,0,0,215,5
2018-01-03,4,near,normal,0,0,0,0,0,0,0,0,0,0,0,0
2018-01-03,4,outer,normal,3,3,3,3,3,3,0,0,0,0,622,3
2018-01-03,5,core,normal,5,5,5,5,5,5,0,0,0,0,488,5
2018-01-03,5,near,normal,1,1,1,1,1,1,0,0,0,0,150,1
2018-01-03,5,outer,normal,3,2,2,2,2,2,1,0,0,0,245,3
2018-01-03,6,core,normal,15,15,15,15,15,15,0,0,0,0,1117,15
2018-01-03,6,near,normal,3,3,3,3,3,3,0,0,0,0,299,3
2018-01-03,6,outer,normal,0,0,0,0,0,0,0,0,0,0,0,0
2018-01-03,7,core,normal,12,12,12,12,12,12,0,0,0,0,1068,12
2018-01-03,7,near,normal,6,6,6,6,6,6,0,0,0,0,280,6
2018-01-03,7,outer,normal,2,1,1,1,1,1,1,0,0,0,40,2
2018-01-03,8,core,normal,6,6,6,5,5,5,0,0,1,0,412,6
2018-01-03,8,near,normal,7,7,7,7,7,7,0,0,0,0,284,7
2018-01-03,8,outer,normal,2,2,2,2,2,2,0,0,0,0,373,2
2018-01-03,9,core,normal,5,5,5,5,5,5,0,0,0,0,630,5
2018-01-03,9,near,normal,5,5,5,5,5,5,0,0,0,0,421,5
2018-01-03,9,outer,normal,3,1,1,1,1,1,2,0,0,0,107,3
2018-01-03,10,core,normal,12,12,12,12,12,12,0,0,0,0,926,12
2018-01-03,10,near,normal,8,8,7,7,7,7,0,1,0,0,612,8
2018-01-03,10,outer,normal,3,2,2,2,1,1,1,0,0,1,39,3
2018-01-03,11,core,normal,11,11,9,9,9,8,0,2,0,0,813,11
2018-01-03,11,near,normal,9,9,9,9,8,8,0,0,0,1,283,9
2018-01-03,11,outer,normal,4,3,3,3,3,3,1,0,0,0,314,4
2018-01-03,12,core,normal,6,5,5,5,5,5,1,0,0,0,372,6
2018-01-03,12,near,normal,5,3,3,3,3,3,2,0,0,0,270,5
2018-01-03,12,outer,normal,5,5,5,4,4,4,0,0,1,0,569,5
2018-01-03,13,core,normal,5,5,4,4,4,4,0,1,0,0,251,5
2018-01-03,13,near,normal,6,6,5,5,5,5,0,1,0,0,340,6
2018-01-03,13,outer,normal,6,5,4,4,4,4,1,1,0,0,490,6
2018-01-03,14,core,normal,6,6,6,6,6,6,0,0,0,0,476,6
2018-01-03,14,near,normal,10,10,10,9,9,9,0,0,1,0,822,10
2018-01-03,14,outer,normal,4,4,4,4,4,4,0,0,0,0,365,4
2018-01-03,15,core,normal,9,9,9,9,9,9,0,0,0,0,534,9
2018-01-03,15,near,normal,11,11,11,10,10,10,0,0,1,0,676,11
2018-01-03,15,outer,normal,2,1,1,1,1,1,1,0,0,0,12,2
2018-01-03,16,core,normal,11,11,11,11,11,11,0,0,0,0,887,11
2018-01-03,16,near,normal,3,3,3,3,3,3,0,0,0,0,154,3
2018-01-03,16,outer,normal,1,1,1,1,1,1,0,0,0,0,117,1
2018-01-03,17,core,normal,8,8,8,7,7,7,0,0,1,0,488,8
2018-01-03,17,near,normal,4,4,3,3,3,3,0,1,0,0,143,4
2018-01-03,17,outer,normal,1,1,1,1,1,1,0,0,0,0,83,1
2018-01-03,18,core,normal,9,8,8,8,8,8,1,0,0,0,760,9
2018-01-03,18,near,normal,6,6,6,6,6,5,0,0,0,0,396,6
2018-01-03,18,outer,normal,1,1,1,1,1,1,0,0,0,0,170,1
2018-01-03,19,core,normal,15,15,15,15,15,14,0,0,0,0,908,15
2018-01-03,19,near,normal,13,13,13,13,13,13,0,0,0,0,1187,13
2018-01-03,19,outer,normal,2,1,1,1,1,1,1,0,0,0,48,2
2018-01-03,20,core,normal,7,7,7,7,7,7,0,0,0,0,257,7
2018-01-03,20,near,normal,5,5,5,5,5,5,0,0,0,0,206,5
2018-01-03,20,outer,normal,3,3,3,3,3,3,0,0,0,0,268,3
2018-01-03,21,core,normal,3,3,3,3,3,3,0,0,0,0,216,3
2018-01-03,21,near,normal,3,3,3,3,3,3,0,0,0,0,162,3
2018-01-03,21,outer,normal,3,3,3,3,3,3,0,0,0,0,506,3
2018-01-03,22,core,normal,14,14,14,14,14,14,0,0,0,0,1278,14
2018-01-03,22,near,normal,7,7,7,7,7,7,0,0,0,0,359,7
2018-01-03,22,outer,normal,1,1,1,1,1,1,0,0,0,0,28,1
2018-01-03,23,core,normal,12,12,11,11,11,11,0,1,0,0,715,12
2018-01-03,23,near,normal,9,9,9,9,9,9,0,0,0,0,639,9
2018-01-03,23,outer,normal,3,3,3,3,3,3,0,0,0,0,274,3
2018-01-04,0,core,normal,5,5,5,5,5,5,0,0,0,0,306,5
2018-01-04,0,near,normal,4,3,3,3,3,3,1,0,0,0,143,4
2018-01-04,0,outer,normal,4,4,4,4,4,4,0,0,0,0,728,4
2018-01-04,1,core,normal,0,0,0,0,0,0,0,0,0,0,0,0
2018-01-04,1,near,normal,0,0,0,0,0,0,0,0,0,0,0,0
2018-01-04,1,outer,normal,3,3,2,2,2,2,0,1,0,0,205,3
2018-01-04,2,core,normal,2,1,1,1,1,1,1,0,0,0,8,2
2018-01-04,2,near,normal,1,1,0,0,0,0,0,1,0,0,2,1
2018-01-04,2,outer,normal,2,2,2,2,2,2,0,0,0,0,239,2
2018-01-04,3,core,normal,7,7,7,6,6,6,0,0,1,0,204,7
2018-01-04,3,near,normal,6,6,6,6,6,6,0,0,0,0,359,6
2018-01-04,3,outer,normal,4,4,4,4,4,4,0,0,0,0,421,4
2018-01-04,4,core,normal,9,9,9,9,9,9,0,0,0,0,1177,9
2018-01-04,4,near,normal,7,7,7,7,7,7,0,0,0,0,825,7
2018-01-04,4,outer,normal,3,3,3,3,2,2,0,0,0,1,571,3
2018-01-04,5,core,normal,10,10,9,9,9,9,0,1,0,0,325,10
2018-01-04,5,near,normal,7,7,7,7,7,7,0,0,0,0,207,7
2018-01-04,5,outer,normal,3,3,3,3,3,3,0,0,0,0,340,3
2018-01-04,6,core,normal,12,12,12,11,11,10,0,0,1,0,630,12
2018-01-04,6,near,normal,7,7,6,6,5,5,0,1,0,1,364,7
2018-01-04,6,outer,normal,2,2,2,2,2,2,0,0,0,0,43,2
2018-01-04,7,core,normal,11,11,11,11,11,11,0,0,0,0,856,11
2018-01-04,7,near,normal,7,7,7,7,7,7,0,0,0,0,713,7
2018-01-04,7,outer,normal,4,4,4,4,4,4,0,0,0,0,409,4
2018-01-04,8,core,normal,9,9,9,9,9,9,0,0,0,0,540,9
2018-01-04,8,near,normal,7,7,7,6,6,5,0,0,1,0,123,7
2018-01-04,8,outer,normal,1,1,1,1,1,1,0,0,0,0,16,1
2018-01-04,9,core,normal,8,7,7,7,7,7,1,0,0,0,287,8
2018-01-04,9,near,normal,5,5,5,5,5,5,0,0,0,0,89,5
2018-01-04,9,outer,normal,6,6,4,3,3,3,0,2,1,0,205,6
2018-01-04,10,core,normal,9,9,9,9,9,8,0,0,0,0,368,9
2018-01-04,10,near,normal,7,6,6,6,6,6,1,0,0,0,492,7
2018-01-04,10,outer,normal,5,4,4,3,3,3,1,0,1,0,287,5
2018-01-04,11,core,normal,12,12,12,12,11,11,0,0,0,1,377,12
2018-01-04,11,near,normal,10,9,9,9,9,9,1,0,0,0,405,10
2018-01-04,11,outer,normal,2,2,2,2,1,1,0,0,0,1,112,2
2018-01-04,12,core,normal,8,8,8,8,8,7,0,0,0,0,227,8
2018-01-04,12,near,normal,3,3,3,2,2,2,0,0,1,0,39,3
2018-01-04,12,outer,normal,2,2,2,2,2,2,0,0,0,0,132,2
2018-01-04,13,core,normal,4,4,4,4,4,4,0,0,0,0,221,4
2018-01-04,13,near,normal,5,5,5,4,4,4,0,0,1,0,201,5
2018-01-04,13,outer,normal,2,1,1,1,1,1,1,0,0,0,70,2
2018-01-04,14,core,normal,6,6,6,6,6,6,0,0,0,0,463,6
2018-01-04,14,near,normal,7,7,6,6,6,6,0,1,0,0,479,7
2018-01-04,14,outer,normal,1,1,1,1,1,1,0,0,0,0,15,1
2018-01-04,15,core,normal,9,9,9,9,9,9,0,0,0,0,1055,9
2018-01-04,15,near,normal,6,6,6,6,6,6,0,0,0,0,425,6
2018-01-04,15,outer,normal,3,1,1,1,1,0,2,0,0,0,7,3
2018-01-04,16,core,normal,8,8,8,8,8,8,0,0,0,0,462,8
2018-01-04,16,near,normal,6,5,4,4,4,4,1,1,0,0,315,6
2018-01-04,16,outer,normal,2,1,1,1,1,1,1,0,0,0,238,2
2018-01-04,17,core,normal,0,0,0,0,0,0,0,0,0,0,0,0
2018-01-04,17,near,normal,0,0,0,0,0,0,0,0,0,0,0,0
2018-01-04,17,outer,normal,1,1,1,1,1,1,0,0,0,0,208,1
2018-01-04,18,core,normal,5,5,5,4,4,4,0,0,1,0,325,5
2018-01-04,18,near,normal,4,4,4,4,4,4,0,0,0,0,422,4
2018-01-04,18,outer,normal,1,0,0,0,0,0,1,0,0,0,1,1
2018-01-04,19,core,normal,9,9,9,9,9,9,0,0,0,0,357,9
2018-01-04,19,near,normal,9,9,9,9,9,9,0,0,0,0,617,9
2018-01-04,19,outer,normal,2,1,1,1,1,1,1,0,0,0,112,2
2018-01-04,20,core,normal,1,1,1,1,1,1,0,0,0,0,63,1
2018-01-04,20,near,normal,1,1,1,1,1,1,0,0,0,0,8,1
2018-01-04,20,outer,normal,3,3,2,2,2,2,0,1,0,0,111,3
2018-01-04,21,core,normal,3,3,3,3,3,3,0,0,0,0,540,3
2018-01-04,21,near,normal,2,2,2,2,2,2,0,0,0,0,64,2
2018-01-04,21,outer,normal,1,1,1,1,1,1,0,0,0,0,22,1
2018-01-04,22,core,normal,6,6,6,6,6,6,0,0,0,0,302,6
2018-01-04,22,near,normal,2,2,2,2,2,2,0,0,0,0,24,2
2018-01-04,22,outer,normal,0,0,0,0,0,0,0,0,0,0,0,0
2018-01-04,23,core,normal,10,10,10,10,10,10,0,0,0,0,441,10
2018-01-04,23,near,normal,4,4,4,4,4,4,0,0,0,0,104,4
2018-01-04,23,outer,normal,1,1,1,1,1,1,0,0,0,0,94,1
2018-01-05,0,core,normal,5,5,5,5,5,5,0,0,0,0,291,5
2018-01-05,0,near,normal,4,4,4,4,4,4,0,0,0,0,217,4
2018-01-05,0,outer,normal,1,1,1,1,1,1,0,0,0,0,142,1
2018-01-05,1,core,normal,4,4,4,4,4,3,0,0,0,0,375,4
2018-01-05,1,near,normal,0,0,0,0,0,0,0,0,0,0,0,0
2018-01-05,1,outer,normal,1,1,1,1,1,1,0,0,0,0,112,1
2018-01-05,2,core,normal,10,10,10,10,10,10,0,0,0,0,801,10
2018-01-05,2,near,normal,3,3,3,3,3,3,0,0,0,0,203,3
2018-01-05,2,outer,normal,1,1,1,1,1,1,0,0,0,0,10,1
2018-01-05,3,core,normal,10,10,10,9,9,9,0,0,1,0,585,10
2018-01-05,3,near,normal,4,4,4,4,4,4,0,0,0,0,330,4
2018-01-05,3,outer,normal,0,0,0,0,0,0,0,0,0,0,0,0
2018-01-05,4,core,normal,4,3,3,3,3,3,1,0,0,0,120,4
2018-01-05,4,near,normal,0,0,0,0,0,0,0,0,0,0,0,0
2018-01-05,4,outer,normal,1,1,1,1,1,1,0,0,0,0,18,1
2018-01-05,5,core,normal,3,3,3,3,3,3,0,0,0,0,353,3
2018-01-05,5,near,normal,2,2,2,2,2,2,0,0,0,0,115,2
2018-01-05,5,outer,normal,1,1,1,1,1,1,0,0,0,0,71,1
2018-01-05,6,core,normal,10,10,10,10,10,10,0,0,0,0,1639,10
2018-01-05,6,near,normal,4,4,3,3,3,2,0,1,0,0,150,4
2018-01-05,6,outer,normal,0,0,0,0,0,0,0,0,0,0,0,0
2018-01-05,7,core,normal,10,10,10,10,10,10,0,0,0,0,974,10
2018-01-05,7,near,normal,6,6,6,6,6,6,0,0,0,0,343,6
2018-01-05,7,outer,normal,1,1,1,1,1,1,0,0,0,0,248,1
2018-01-05,8,core,normal,7,7,7,7,7,7,0,0,0,0,297,7
2018-01-05,8,near,normal,6,6,6,6,6,6,0,0,0,0,357,6
2018-01-05,8,outer,normal,3,2,2,2,2,2,1,0,0,0,372,3
2018-01-05,9,core,normal,6,5,4,4,4,4,1,1,0,0,295,6
2018-01-05,9,near,normal,5,4,4,2,2,2,1,0,2,0,72,5
2018-01-05,9,outer,normal,3,2,2,2,2,2,1,0,0,0,261,3
2018-01-05,10,core,normal,17,17,17,17,16,16,0,0,0,1,1896,17
2018-01-05,10,near,normal,12,10,10,10,10,10,2,0,0,0,929,12
2018-01-05,10,outer,normal,1,1,1,1,1,1,0,0,0,0,10,1
2018-01-05,11,core,normal,14,13,13,13,13,13,1,0,0,0,602,14
2018-01-05,11,near,normal,12,12,12,12,12,12,0,0,0,0,1352,12
2018-01-05,11,outer,normal,2,2,2,2,2,2,0,0,0,0,76,2
2018-01-05,12,core,normal,6,6,6,6,6,6,0,0,0,0,212,6
2018-01-05,12,near,normal,2,2,2,2,2,2,0,0,0,0,36,2
2018-01-05,12,outer,normal,4,3,3,3,3,3,1,0,0,0,298,4
2018-01-05,13,core,normal,7,7,7,7,6,6,0,0,0,1,419,7
2018-01-05,13,near,normal,4,4,4,4,3,3,0,0,0,1,251,4
2018-01-05,13,outer,normal,4,4,4,3,2,1,0,0,1,1,257,4
2018-01-05,14,core,normal,11,11,11,11,11,11,0,0,0,0,1022,11
2018-01-05,14,near,normal,5,5,5,5,5,5,0,0,0,0,663,5
2018-01-05,14,outer,normal,3,3,2,2,1,1,0,1,0,1,350,3
2018-01-05,15,core,normal,13,13,13,13,13,13,0,0,0,0,1077,13
2018-01-05,15,near,normal,9,9,8,6,6,6,0,1,2,0,485,9
2018-01-05,15,outer,normal,4,3,3,3,2,2,1,0,0,1,31,4
2018-01-05,16,core,normal,5,5,3,3,3,3,0,2,0,0,174,5
2018-01-05,16,near,normal,7,6,6,6,5,5,1,0,0,1,370,7
2018-01-05,16,outer,normal,3,2,2,2,2,2,1,0,0,0,94,3
2018-01-05,17,core,normal,6,6,6,6,6,6,0,0,0,0,381,6
2018-01-05,17,near,normal,3,2,2,2,2,2,1,0,0,0,156,3
2018-01-05,17,outer,normal,2,1,1,1,1,1,1,0,0,0,68,2
2018-01-05,18,core,normal,12,12,12,12,12,12,0,0,0,0,1033,12
2018-01-05,18,near,normal,7,7,7,7,7,7,0,0,0,0,1004,7
2018-01-05,18,outer,normal,2,2,2,1,1,1,0,0,1,0,43,2
2018-01-05,19,core,normal,12,12,12,12,12,12,0,0,0,0,966,12
2018-01-05,19,near,normal,7,7,7,7,7,7,0,0,0,0,500,7
2018-01-05,19,outer,normal,1,1,1,1,1,1,0,0,0,0,177,1
2018-01-05,20,core,normal,5,5,5,5,5,5,0,0,0,0,342,5
2018-01-05,20,near,normal,2,2,2,2,2,2,0,0,0,0,92,2
2018-01-05,20,outer,normal,3,3,3,3,3,3,0,0,0,0,648,3
2018-01-05,21,core,normal,3,3,3,3,3,3,0,0,0,0,354,3
2018-01-05,21,near,normal,1,1,1,1,1,1,0,0,0,0,137,1
2018-01-05,21,outer,normal,3,3,3,3,3,3,0,0,0,0,557,3
2018-01-05,22,core,normal,7,7,7,7,7,7,0,0,0,0,1080,7
2018-01-05,22,near,normal,1,1,1,1,1,1,0,0,0,0,93,1
2018-01-05,22,outer,normal,1,1,1,1,1,1,0,0,0,0,10,1
2018-01-05,23,core,normal,3,3,3,3,3,3,0,0,0,0,335,3
2018-01-05,23,near,normal,3,3,3,3,3,3,0,0,0,0,402,3
2018-01-05,23,outer,normal,0,0,0,0,0,0,0,0,0,0,0,0
2018-01-06,0,core,normal,2,2,2,2,2,2,0,0,0,0,146,2
2018-01-06,0,near,normal,0,0,0,0,0,0,0,0,0,0,0,0
2018-01-06,0,outer,normal,1,1,1,1,1,1,0,0,0,0,91,1
2018-01-06,1,core,normal,2,2,2,2,2,2,0,0,0,0,128,2
2018-01-06,1,near,normal,0,0,0,0,0,0,0,0,0,0,0,0
2018-01-06,1,outer,normal,1,1,1,1,1,1,0,0,0,0,180,1
2018-01-06,2,core,normal,8,8,8,8,8,8,0,0,0,0,642,8
2018-01-06,2,near,normal,4,3,3,3,3,3,1,0,0,0,523,4
2018-01-06,2,outer,normal,1,0,0,0,0,0,1,0,0,0,1,1
2018-01-06,3,core,normal,12,12,12,12,12,12,0,0,0,0,974,12
2018-01-06,3,near,normal,6,6,6,6,6,6,0,0,0,0,533,6
2018-01-06,3,outer,normal,1,1,1,1,1,1,0,0,0,0,55,1
2018-01-06,4,core,normal,5,5,5,5,5,5,0,0,0,0,347,5
2018-01-06,4,near,normal,1,1,1,1,1,1,0,0,0,0,32,1
2018-01-06,4,outer,normal,2,2,2,2,2,2,0,0,0,0,154,2
2018-01-06,5,core,normal,0,0,0,0,0,0,0,0,0,0,0,0
2018-01-06,5,near,normal,1,1,1,1,1,1,0,0,0,0,97,1
2018-01-06,5,outer,normal,2,2,2,2,2,2,0,0,0,0,314,2
2018-01-06,6,core,normal,11,11,11,11,11,11,0,0,0,0,1346,11
2018-01-06,6,near,normal,3,3,3,3,3,3,0,0,0,0,299,3
2018-01-06,6,outer,normal,1,1,1,1,1,1,0,0,0,0,101,1
2018-01-06,7,core,normal,11,11,11,11,11,11,0,0,0,0,839,11
2018-01-06,7,near,normal,8,8,8,8,8,8,0,0,0,0,750,8
2018-01-06,7,outer,normal,4,4,4,4,4,4,0,0,0,0,716,4
2018-01-06,8,core,normal,6,6,6,6,6,6,0,0,0,0,241,6
2018-01-06,8,near,normal,9,8,8,7,7,7,1,0,1,0,465,9
2018-01-06,8,outer,normal,5,3,3,3,3,3,2,0,0,0,238,5
2018-01-06,9,core,normal,3,3,2,2,2,2,0,1,0,0,101,3
2018-01-06,9,near,normal,8,7,7,7,7,7,1,0,0,0,210,8
2018-01-06,9,outer,normal,5,4,4,4,4,4,1,0,0,0,887,5
2018-01-06,10,core,normal,6,6,6,6,6,6,0,0,0,0,1173,6
2018-01-06,10,near,normal,8,8,8,8,8,8,0,0,0,0,698,8
2018-01-06,10,outer,normal,6,4,4,4,4,4,2,0,0,0,445,6
2018-01-06,11,core,normal,7,6,6,6,6,6,1,0,0,0,306,7
2018-01-06,11,near,normal,14,14,14,14,13,13,0,0,0,1,869,14
2018-01-06,11,outer,normal,2,2,2,2,2,2,0,0,0,0,176,2
2018-01-06,12,core,normal,3,3,3,3,3,3,0,0,0,0,185,3
2018-01-06,12,near,normal,7,7,7,7,7,7,0,0,0,0,392,7
2018-01-06,12,outer,normal,8,7,7,6,6,6,1,0,1,0,1197,8
2018-01-06,13,core,normal,4,4,4,4,4,4,0,0,0,0,389,4
2018-01-06,13,near,normal,4,4,4,4,4,4,0,0,0,0,128,4
2018-01-06,13,outer,normal,3,2,2,2,2,2,1,0,0,0,333,3
2018-01-06,14,core,normal,6,6,6,6,6,6,0,0,0,0,703,6
2018-01-06,14,near,normal,7,6,6,6,6,6,1,0,0,0,343,7
2018-01-06,14,outer,normal,2,2,2,2,2,2,0,0,0,0,147,2
2018-01-06,15,core,normal,8,8,7,7,7,7,0,1,0,0,496,8
2018-01-06,15,near,normal,7,7,7,6,6,6,0,0,1,0,423,7
2018-01-06,15,outer,normal,2,1,1,1,1,1,1,0,0,0,39,2
2018-01-06,16,core,normal,4,4,4,4,4,4,0,0,0,0,122,4
2018-01-06,16,near,normal,2,2,2,2,2,2,0,0,0,0,59,2
2018-01-06,16,outer,normal,0,0,0,0,0,0,0,0,0,0,0,0
2018-01-06,17,core,normal,3,3,3,3,3,3,0,0,0,0,278,3
2018-01-06,17,near,normal,0,0,0,0,0,0,0,0,0,0,0,0
2018-01-06,17,outer,normal,1,1,1,1,1,1,0,0,0,0,15,1
2018-01-06,18,core,normal,9,9,8,8,8,8,0,1,0,0,869,9
2018-01-06,18,near,normal,9,9,8,8,8,7,0,1,0,0,436,9
2018-01-06,18,outer,normal,0,0,0,0,0,0,0,0,0,0,0,0
2018-01-06,19,core,normal,11,11,11,11,11,11,0,0,0,0,603,11
2018-01-06,19,near,normal,5,4,4,4,4,4,1,0,0,0,624,5
2018-01-06,19,outer,normal,1,1,1,1,1,1,0,0,0,0,30,1
2018-01-06,20,core,normal,4,4,4,4,4,4,0,0,0,0,343,4
2018-01-06,20,near,normal,5,5,5,5,5,5,0,0,0,0,225,5
2018-01-06,20,outer,normal,2,2,2,2,2,2,0,0,0,0,178,2
2018-01-06,21,core,normal,6,6,5,5,5,5,0,1,0,0,539,6
2018-01-06,21,near,normal,2,2,2,2,2,2,0,0,0,0,215,2
2018-01-06,21,outer,normal,2,2,2,2,2,2,0,0,0,0,29,2
2018-01-06,22,core,normal,6,6,6,5,5,5,0,0,1,0,362,6
2018-01-06,22,near,normal,2,2,2,2,2,2,0,0,0,0,191,2
2018-01-06,22,outer,normal,1,1,1,1,1,1,0,0,0,0,117,1
2018-01-06,23,core,normal,16,16,16,16,16,16,0,0,0,0,1692,16
2018-01-06,23,near,normal,7,5,5,5,5,5,2,0,0,0,455,7
2018-01-06,23,outer,normal,2,1,1,1,1,1,1,0,0,0,18,2
2018-01-07,0,core,normal,12,12,12,12,12,12,0,0,0,0,671,12
2018-01-07,0,near,normal,2,2,2,2,2,2,0,0,0,0,42,2
2018-01-07,0,outer,normal,5,5,5,5,5,5,0,0,0,0,466,5
2018-01-07,1,core,normal,1,1,1,1,1,1,0,0,0,0,51,1
2018-01-07,1,near,normal,1,1,1,1,1,1,0,0,0,0,6,1
2018-01-07,1,outer,normal,4,4,4,4,4,4,0,0,0,0,283,4
2018-01-07,2,core,normal,12,12,12,12,12,12,0,0,0,0,824,12
2018-01-07,2,near,normal,3,2,2,2,2,2,1,0,0,0,21,3
2018-01-07,2,outer,normal,0,0,0,0,0,0,0,0,0,0,0,0
2018-01-07,3,core,normal,14,13,13,13,13,13,1,0,0,0,488,14
2018-01-07,3,near,normal,10,10,10,10,10,9,0,0,0,0,446,10
2018-01-07,3,outer,normal,2,0,0,0,0,0,2,0,0,0,2,2
2018-01-07,4,core,normal,8,8,8,7,7,7,0,0,1,0,480,8
2018-01-07,4,near,normal,8,8,8,8,7,6,0,0,0,1,133,8
2018-01-07,4,outer,normal,0,0,0,0,0,0,0,0,0,0,0,0
2018-01-07,5,core,normal,3,3,3,3,3,3,0,0,0,0,354,3
2018-01-07,5,near,normal,1,1,1,1,1,1,0,0,0,0,81,1
2018-01-07,5,outer,normal,1,1,1,1,0,0,0,0,0,1,4,1
2018-01-07,6,core,normal,9,9,9,9,9,9,0,0,0,0,1453,9
2018-01-07,6,near,normal,4,4,4,4,4,4,0,0,0,0,339,4
2018-01-07,6,outer,normal,1,1,1,0,0,0,0,0,1,0,3,1
2018-01-07,7,core,normal,11,11,11,11,11,11,0,0,0,0,539,11
2018-01-07,7,near,normal,2,2,2,2,2,2,0,0,0,0,141,2
2018-01-07,7,outer,normal,1,1,1,1,1,1,0,0,0,0,109,1
2018-01-07,8,core,normal,9,9,9,9,9,9,0,0,0,0,407,9
2018-01-07,8,near,normal,5,4,4,3,3,3,1,0,1,0,346,5
2018-01-07,8,outer,normal,4,2,2,2,2,2,2,0,0,0,234,4
2018-01-07,9,core,normal,6,6,6,5,5,5,0,0,1,0,430,6
2018-01-07,9,near,normal,7,7,7,6,6,6,0,0,1,0,323,7
2018-01-07,9,outer,normal,4,4,3,2,2,2,0,1,1,0,136,4
2018-01-07,10,core,normal,11,11,11,11,11,11,0,0,0,0,844,11
2018-01-07,10,near,normal,3,3,3,3,3,3,0,0,0,0,222,3
2018-01-07,10,outer,normal,4,4,4,3,3,2,0,0,1,0,306,4
2018-01-07,11,core,normal,13,10,10,10,10,10,3,0,0,0,527,13
2018-01-07,11,near,normal,3,3,3,3,2,2,0,0,0,1,86,3
2018-01-07,11,outer,normal,5,4,3,3,2,2,1,1,0,1,58,5
2018-01-07,12,core,normal,13,12,12,12,12,12,1,0,0,0,565,13
2018-01-07,12,near,normal,11,10,9,9,9,9,1,1,0,0,677,11
2018-01-07,12,outer,normal,3,3,2,2,2,2,0,1,0,0,364,3
2018-01-07,13,core,normal,11,11,11,10,10,10,0,0,1,0,465,11
2018-01-07,13,near,normal,12,10,9,9,9,9,2,1,0,0,583,12
2018-01-07,13,outer,normal,6,6,4,4,4,4,0,2,0,0,558,6
2018-01-07,14,core,normal,6,6,6,5,5,5,0,0,1,0,235,6
2018-01-07,14,near,normal,4,4,4,3,2,2,0,0,1,1,98,4
2018-01-07,14,outer,normal,5,5,5,4,4,4,0,0,1,0,711,5
2018-01-07,15,core,normal,5,5,4,4,4,4,0,1,0,0,405,5
2018-01-07,15,near,normal,2,1,1,1,1,1,1,0,0,0,23,2
2018-01-07,15,outer,normal,4,3,3,3,2,2,1,0,0,1,96,4
2018-01-07,16,core,normal,13,13,13,12,12,12,0,0,1,0,609,13
2018-01-07,16,near,normal,8,8,8,8,8,6,0,0,0,0,199,8
2018-01-07,16,outer,normal,4,4,3,3,3,3,0,1,0,0,345,4
2018-01-07,17,core,normal,7,7,7,7,7,7,0,0,0,0,542,7
2018-01-07,17,near,normal,7,7,7,7,7,7,0,0,0,0,631,7
2018-01-07,17,outer,normal,2,2,2,2,2,2,0,0,0,0,137,2
2018-01-07,18,core,normal,9,9,8,8,8,8,0,1,0,0,656,9
2018-01-07,18,near,normal,5,5,5,5,3,3,0,0,0,2,87,5
2018-01-07,18,outer,normal,1,1,1,1,1,1,0,0,0,0,14,1
2018-01-07,19,core,normal,12,12,12,12,12,12,0,0,0,0,399,12
2018-01-07,19,near,normal,7,7,7,7,7,7,0,0,0,0,234,7
2018-01-07,19,outer,normal,1,1,1,1,1,1,0,0,0,0,34,1
2018-01-07,20,core,normal,6,6,6,6,6,6,0,0,0,0,747,6
2018-01-07,20,near,normal,3,3,3,3,3,3,0,0,0,0,169,3
2018-01-07,20,outer,normal,2,2,2,2,2,2,0,0,0,0,180,2
2018-01-07,21,core,normal,5,5,5,5,5,5,0,0,0,0,309,5
2018-01-07,21,near,normal,3,3,3,3,3,3,0,0,0,0,89,3
2018-01-07,21,outer,normal,1,1,1,1,1,1,0,0,0,0,146,1
2018-01-07,22,core,normal,7,7,7,7,7,7,0,0,0,0,374,7
2018-01-07,22,near,normal,4,4,4,4,4,4,0,0,0,0,173,4
2018-01-07,22,outer,normal,0,0,0,0,0,0,0,0,0,0,0,0
2018-01-07,23,core,normal,6,6,6,6,5,5,0,0,0,1,238,6
2018-01-07,23,near,normal,6,6,6,6,6,6,0,0,0,0,199,6
2018-01-07,23,outer,normal,0,0,0,0,0,0,0,0,0,0,0,0
2018-01-08,0,core,normal,3,3,2,2,1,1,0,1,0,1,24,3
2018-01-08,0,near,normal,2,2,2,2,2,1,0,0,0,0,15,2
2018-01-08,0,outer,normal,1,1,1,1,1,1,0,0,0,0,42,1
2018-01-08,1,core,normal,2,2,2,2,2,2,0,0,0,0,340,2
2018-01-08,1,near,normal,0,0,0,0,0,0,0,0,0,0,0,0
2018-01-08,1,outer,normal,1,1,1,1,1,1,0,0,0,0,40,1
2018-01-08,2,core,normal,6,6,6,6,6,6,0,0,0,0,331,6
2018-01-08,2,near,normal,4,4,4,4,4,4,0,0,0,0,126,4
2018-01-08,2,outer,normal,0,0,0,0,0,0,0,0,0,0,0,0
2018-01-08,3,core,normal,9,9,9,9,8,8,0,0,0,1,496,9
2018-01-08,3,near,normal,6,6,6,6,6,6,0,0,0,0,322,6
2018-01-08,3,outer,normal,3,2,2,2,2,2,1,0,0,0,345,3
2018-01-08,4,core,normal,5,5,4,4,4,4,0,1,0,0,280,5
2018-01-08,4,near,normal,2,2,2,2,2,2,0,0,0,0,204,2
2018-01-08,4,outer,normal,2,2,2,2,2,2,0,0,0,0,444,2
2018-01-08,5,core,normal,3,3,3,3,3,3,0,0,0,0,92,3
2018-01-08,5,near,normal,4,4,4,4,4,4,0,0,0,0,472,4
2018-01-08,5,outer,normal,1,1,1,1,1,1,0,0,0,0,148,1
2018-01-08,6,core,normal,8,8,8,8,8,8,0,0,0,0,626,8
2018-01-08,6,near,normal,3,3,3,3,3,3,0,0,0,0,333,3
2018-01-08,6,outer,normal,0,0,0,0,0,0,0,0,0,0,0,0
2018-01-08,7,core,normal,15,15,15,15,15,15,0,0,0,0,1886,15
2018-01-08,7,near,normal,6,6,6,6,6,6,0,0,0,0,268,6
2018-01-08,7,outer,normal,0,0,0,0,0,0,0,0,0,0,0,0
2018-01-08,8,core,normal,10,10,9,8,8,8,0,1,1,0,337,10
2018-01-08,8,near,normal,6,5,4,4,4,4,1,1,0,0,147,6
2018-01-08,8,outer,normal,2,2,2,2,2,2,0,0,0,0,64,2
2018-01-08,9,core,normal,3,3,3,3,3,3,0,0,0,0,147,3
2018-01-08,9,near,normal,4,4,4,4,3,2,0,0,0,1,71,4
2018-01-08,9,outer,normal,4,4,4,4,4,4,0,0,0,0,364,4
2018-01-08,10,core,normal,9,8,8,8,8,8,1,0,0,0,584,9
2018-01-08,10,near,normal,10,8,7,7,7,7,2,1,0,0,362,10
2018-01-08,10,outer,normal,3,3,3,3,3,3,0,0,0,0,286,3
2018-01-08,11,core,normal,14,14,14,14,14,14,0,0,0,0,850,14
2018-01-08,11,near,normal,11,10,10,10,10,10,1,0,0,0,404,11
2018-01-08,11,outer,normal,3,1,1,1,1,1,2,0,0,0,38,3
2018-01-08,12,core,normal,9,9,8,7,7,7,0,1,1,0,268,9
2018-01-08,12,near,normal,4,2,2,2,2,2,2,0,0,0,161,4
2018-01-08,12,outer,normal,4,4,4,4,4,4,0,0,0,0,375,4
2018-01-08,13,core,normal,2,2,2,1,0,0,0,0,1,1,7,2
2018-01-08,13,near,normal,4,3,3,2,2,2,1,0,1,0,97,4
2018-01-08,13,outer,normal,5,5,5,5,5,5,0,0,0,0,466,5
2018-01-08,14,core,normal,10,9,9,9,9,9,1,0,0,0,941,10
2018-01-08,14,near,normal,6,6,6,6,6,6,0,0,0,0,292,6
2018-01-08,14,outer,normal,6,4,4,3,3,3,2,0,1,0,377,6
2018-01-08,15,core,normal,12,12,12,12,12,12,0,0,0,0,1389,12
2018-01-08,15,near,normal,10,9,8,7,7,7,1,1,1,0,422,10
2018-01-08,15,outer,normal,1,0,0,0,0,0,1,0,0,0,1,1
2018-01-08,16,core,normal,10,9,9,9,9,9,1,0,0,0,674,10
2018-01-08,16,near,normal,6,6,6,6,6,6,0,0,0,0,395,6
2018-01-08,16,outer,normal,2,1,1,1,1,1,1,0,0,0,31,2
2018-01-08,17,core,normal,5,5,5,4,4,4,0,0,1,0,322,5
2018-01-08,17,near,normal,3,2,2,2,2,2,1,0,0,0,185,3
2018-01-08,17,outer,normal,3,2,2,2,2,2,1,0,0,0,489,3
2018-01-08,18,core,normal,2,2,2,1,1,1,0,0,1,0,20,2
2018-01-08,18,near,normal,1,0,0,0,0,0,1,0,0,0,1,1
2018-01-08,18,outer,normal,3,3,2,2,2,2,0,1,0,0,62,3
2018-01-08,19,core,normal,9,9,9,9,9,9,0,0,0,0,1029,9
2018-01-08,19,near,normal,4,4,4,4,4,4,0,0,0,0,281,4
2018-01-08,19,outer,normal,0,0,0,0,0,0,0,0,0,0,0,0
2018-01-08,20,core,normal,11,11,11,11,11,11,0,0,0,0,731,11
2018-01-08,20,near,normal,7,7,7,7,7,7,0,0,0,0,816,7
2018-01-08,20,outer,normal,1,1,1,1,1,1,0,0,0,0,48,1
2018-01-08,21,core,normal,4,4,4,4,4,4,0,0,0,0,188,4
2018-01-08,21,near,normal,4,4,4,4,4,4,0,0,0,0,172,4
2018-01-08,21,outer,normal,2,1,1,1,1,1,1,0,0,0,300,2
2018-01-08,22,core,normal,0,0,0,0,0,0,0,0,0,0,0,0
2018-01-08,22,near,normal,0,0,0,0,0,0,0,0,0,0,0,0
2018-01-08,22,outer,normal,1,1,1,1,1,1,0,0,0,0,199,1
2018-01-08,23,core,normal,10,10,10,10,10,10,0,0,0,0,617,10
2018-01-08,23,near,normal,6,6,6,6,6,6,0,0,0,0,262,6
2018-01-08,23,outer,normal,0,0,0,0,0,0,0,0,0,0,0,0
2018-01-09,0,core,normal,10,10,10,10,10,10,0,0,0,0,864,10
2018-01-09,0,near,normal,8,8,8,8,8,8,0,0,0,0,270,8
2018-01-09,0,outer,normal,0,0,0,0,0,0,0,0,0,0,0,0
2018-01-09,1,core,normal,10,10,10,10,10,10,0,0,0,0,813,10
2018-01-09,1,near,normal,8,8,7,7,7,7,0,1,0,0,476,8
2018-01-09,1,outer,normal,1,1,1,1,1,1,0,0,0,0,132,1
2018-01-09,2,core,normal,0,0,0,0,0,0,0,0,0,0,0,0
2018-01-09,2,near,normal,3,3,3,3,3,3,0,0,0,0,344,3
2018-01-09,2,outer,normal,4,4,4,4,4,4,0,0,0,0,570,4
2018-01-09,3,core,normal,6,6,5,5,5,5,0,1,0,0,436,6
2018-01-09,3,near,normal,3,3,3,3,3,3,0,0,0,0,254,3
2018-01-09,3,outer,normal,3,3,3,3,3,3,0,0,0,0,111,3
2018-01-09,4,core,normal,15,15,13,13,13,13,0,2,0,0,1091,15
2018-01-09,4,near,normal,8,6,2,2,2,2,2,4,0,0,228,8
2018-01-09,4,outer,normal,1,1,1,1,1,1,0,0,0,0,148,1
2018-01-09,5,core,normal,11,7,3,0,0,0,4,4,3,0,21,11
2018-01-09,5,near,normal,7,6,2,1,0,0,1,4,1,1,16,7
2018-01-09,5,outer,normal,1,1,1,0,0,0,0,0,1,0,3,1
2018-01-09,6,core,normal,5,3,2,0,0,0,2,1,2,0,10,5
2018-01-09,6,near,normal,2,1,1,1,0,0,1,0,0,1,5,2
2018-01-09,6,outer,normal,1,1,1,1,1,1,0,0,0,0,12,1
2018-01-09,7,core,normal,1,1,0,0,0,0,0,1,0,0,2,1
2018-01-09,7,near,normal,4,3,2,2,1,1,1,1,0,1,15,4
2018-01-09,7,outer,normal,6,4,3,3,3,2,2,1,0,0,23,6
2018-01-09,8,core,normal,9,5,4,2,1,0,4,1,2,1,21,9
2018-01-09,8,near,normal,12,9,5,4,4,2,3,4,1,0,42,12
2018-01-09,8,outer,normal,5,3,3,2,1,0,2,0,1,1,14,5
2018-01-09,9,core,normal,9,8,7,7,6,6,1,1,0,1,440,9
2018-01-09,9,near,normal,6,5,5,4,3,3,1,0,1,1,63,6
2018-01-09,9,outer,normal,6,5,5,5,5,5,1,0,0,0,392,6
2018-01-09,10,core,normal,10,10,10,10,10,10,0,0,0,0,502,10
2018-01-09,10,near,normal,6,6,6,6,5,5,0,0,0,1,195,6
2018-01-09,10,outer,normal,3,3,3,2,2,2,0,0,1,0,196,3
2018-01-09,11,core,normal,11,11,11,11,10,9,0,0,0,1,668,11
2018-01-09,11,near,normal,9,8,7,7,6,5,1,1,0,1,161,9
2018-01-09,11,outer,normal,2,2,1,1,1,1,0,1,0,0,111,2
2018-01-09,12,core,normal,12,12,12,12,12,11,0,0,0,0,464,12
2018-01-09,12,near,normal,9,9,9,9,8,8,0,0,0,1,414,9
2018-01-09,12,outer,normal,3,2,2,2,2,2,1,0,0,0,87,3
2018-01-09,13,core,normal,4,4,4,4,4,4,0,0,0,0,116,4
2018-01-09,13,near,normal,2,2,2,2,2,1,0,0,0,0,67,2
2018-01-09,13,outer,normal,3,3,2,2,2,2,0,1,0,0,55,3
2018-01-09,14,core,normal,0,0,0,0,0,0,0,0,0,0,0,0
2018-01-09,14,near,normal,1,0,0,0,0,0,1,0,0,0,1,1
2018-01-09,14,outer,normal,1,1,1,1,1,1,0,0,0,0,21,1
2018-01-09,15,core,normal,11,11,11,11,11,11,0,0,0,0,447,11
2018-01-09,15,near,normal,7,7,7,7,7,6,0,0,0,0,372,7
2018-01-09,15,outer,normal,1,1,1,1,1,1,0,0,0,0,15,1
2018-01-09,16,core,normal,3,3,3,3,3,3,0,0,0,0,50,3
2018-01-09,16,near,normal,4,4,3,3,3,3,0,1,0,0,173,4
2018-01-09,16,outer,normal,3,3,3,3,3,3,0,0,0,0,597,3
2018-01-09,17,core,normal,3,3,3,3,3,3,0,0,0,0,107,3
2018-01-09,17,near,normal,1,1,1,1,1,1,0,0,0,0,11,1
2018-01-09,17,outer,normal,3,3,3,3,3,3,0,0,0,0,436,3
2018-01-09,18,core,normal,9,9,9,9,8,8,0,0,0,1,887,9
2018-01-09,18,near,normal,7,7,7,7,7,7,0,0,0,0,576,7
2018-01-09,18,outer,normal,3,2,2,2,2,2,1,0,0,0,656,3
2018-01-09,19,core,normal,10,10,10,10,9,8,0,0,0,1,411,10
2018-01-09,19,near,normal,9,9,9,9,9,9,0,0,0,0,575,9
2018-01-09,19,outer,normal,0,0,0,0,0,0,0,0,0,0,0,0
2018-01-09,20,core,normal,13,13,12,12,12,12,0,1,0,0,396,13
2018-01-09,20,near,normal,11,11,10,10,10,10,0,1,0,0,381,11
2018-01-09,20,outer,normal,1,1,1,1,1,1,0,0,0,0,121,1
2018-01-09,21,core,normal,0,0,0,0,0,0,0,0,0,0,0,0
2018-01-09,21,near,normal,0,0,0,0,0,0,0,0,0,0,0,0
2018-01-09,21,outer,normal,2,2,2,2,2,2,0,0,0,0,300,2
2018-01-09,22,core,normal,1,1,1,1,1,0,0,0,0,0,5,1
2018-01-09,22,near,normal,0,0,0,0,0,0,0,0,0,0,0,0
2018-01-09,22,outer,normal,1,1,1,1,1,1,0,0,0,0,204,1
2018-01-09,23,core,normal,6,6,6,6,6,6,0,0,0,0,352,6
2018-01-09,23,near,normal,6,6,6,6,6,6,0,0,0,0,231,6
2018-01-09,23,outer,normal,1,1,1,1,1,1,0,0,0,0,200,1
2018-01-10,0,core,normal,7,7,7,7,7,7,0,0,0,0,225,7
2018-01-10,0,near,normal,1,1,1,1,1,1,0,0,0,0,16,1
2018-01-10,0,outer,normal,0,0,0,0,0,0,0,0,0,0,0,0
2018-01-10,1,core,normal,1,1,1,1,1,1,0,0,0,0,8,1
2018-01-10,1,near,normal,0,0,0,0,0,0,0,0,0,0,0,0
2018-01-10,1,outer,normal,0,0,0,0,0,0,0,0,0,0,0,0
2018-01-10,2,core,normal,6,6,6,6,6,6,0,0,0,0,256,6
2018-01-10,2,near,normal,2,2,2,2,2,2,0,0,0,0,51,2
2018-01-10,2,outer,normal,0,0,0,0,0,0,0,0,0,0,0,0
2018-01-10,3,core,normal,12,11,9,9,9,9,1,2,0,0,834,12
2018-01-10,3,near,normal,8,5,4,4,4,4,3,1,0,0,54,8
2018-01-10,3,outer,normal,0,0,0,0,0,0,0,0,0,0,0,0
2018-01-10,4,core,normal,12,9,7,3,2,1,3,2,4,1,34,12
2018-01-10,4,near,normal,6,3,2,2,0,0,3,1,0,2,13,6
2018-01-10,4,outer,normal,2,1,1,1,1,1,1,0,0,0,12,2
2018-01-10,5,core,normal,1,1,0,0,0,0,0,1,0,0,2,1
2018-01-10,5,near,normal,0,0,0,0,0,0,0,0,0,0,0,0
2018-01-10,5,outer,normal,2,2,2,2,2,2,0,0,0,0,21,2
2018-01-10,6,core,normal,2,1,1,1,0,0,1,0,0,1,5,2
2018-01-10,6,near,normal,4,4,0,0,0,0,0,4,0,0,8,4
2018-01-10,6,outer,normal,2,2,2,1,1,1,0,0,1,0,9,2
2018-01-10,7,core,normal,7,4,3,2,1,1,3,1,1,1,18,7
2018-01-10,7,near,normal,11,6,4,3,2,2,5,2,1,1,28,11
2018-01-10,7,outer,normal,4,3,3,3,3,3,1,0,0,0,24,4
2018-01-10,8,core,normal,6,3,1,1,1,0,3,2,0,0,12,6
2018-01-10,8,near,normal,14,12,8,7,6,6,2,4,1,1,74,14
2018-01-10,8,outer,normal,2,2,1,1,1,1,0,1,0,0,11,2
2018-01-10,9,core,normal,5,4,2,2,1,0,1,2,0,1,14,5
2018-01-10,9,near,normal,9,5,3,3,3,3,4,2,0,0,132,9
2018-01-10,9,outer,normal,2,1,1,1,1,1,1,0,0,0,22,2
2018-01-10,10,core,normal,7,7,7,6,5,5,0,0,1,1,139,7
2018-01-10,10,near,normal,6,6,6,5,5,5,0,0,1,0,153,6
2018-01-10,10,outer,normal,2,1,1,1,1,1,1,0,0,0,22,2
2018-01-10,11,core,normal,7,7,7,7,7,7,0,0,0,0,470,7
2018-01-10,11,near,normal,6,6,6,6,6,6,0,0,0,0,408,6
2018-01-10,11,outer,normal,3,2,2,2,2,2,1,0,0,0,58,3
2018-01-10,12,core,normal,11,11,11,11,11,11,0,0,0,0,836,11
2018-01-10,12,near,normal,7,7,7,7,7,6,0,0,0,0,471,7
2018-01-10,12,outer,normal,2,2,1,1,1,1,0,1,0,0,99,2
2018-01-10,13,core,normal,10,10,10,10,10,10,0,0,0,0,268,10
2018-01-10,13,near,normal,7,6,5,5,5,5,1,1,0,0,249,7
2018-01-10,13,outer,normal,3,1,1,1,1,1,2,0,0,0,133,3
2018-01-10,14,core,normal,5,5,4,4,4,4,0,1,0,0,262,5
2018-01-10,14,near,normal,3,3,2,2,2,2,0,1,0,0,69,3
2018-01-10,14,outer,normal,0,0,0,0,0,0,0,0,0,0,0,0
2018-01-10,15,core,normal,9,9,9,9,9,8,0,0,0,0,440,9
2018-01-10,15,near,normal,5,5,5,5,4,3,0,0,0,1,150,5
2018-01-10,15,outer,normal,0,0,0,0,0,0,0,0,0,0,0,0
2018-01-10,16,core,normal,7,7,4,4,4,4,0,3,0,0,49,7
2018-01-10,16,near,normal,6,5,4,4,4,2,1,1,0,0,53,6
2018-01-10,16,outer,normal,2,1,1,1,1,1,1,0,0,0,107,2
2018-01-10,17,core,normal,3,3,3,3,3,3,0,0,0,0,63,3
2018-01-10,17,near,normal,0,0,0,0,0,0,0,0,0,0,0,0
2018-01-10,17,outer,normal,2,2,2,2,2,2,0,0,0,0,217,2
2018-01-10,18,core,normal,6,6,6,5,5,5,0,0,1,0,607,6
2018-01-10,18,near,normal,5,5,5,5,5,5,0,0,0,0,54,5
2018-01-10,18,outer,normal,1,1,1,1,1,1,0,0,0,0,9,1
2018-01-10,19,core,normal,16,16,16,16,16,16,0,0,0,0,969,16
2018-01-10,19,near,normal,11,11,11,10,10,10,0,0,1,0,575,11
2018-01-10,19,outer,normal,1,0,0,0,0,0,1,0,0,0,1,1
2018-01-10,20,core,normal,12,11,11,11,11,11,1,0,0,0,513,12
2018-01-10,20,near,normal,8,8,8,8,8,7,0,0,0,0,337,8
2018-01-10,20,outer,normal,4,3,3,3,3,3,1,0,0,0,219,4
2018-01-10,21,core,normal,0,0,0,0,0,0,0,0,0,0,0,0
2018-01-10,21,near,normal,0,0,0,0,0,0,0,0,0,0,0,0
2018-01-10,21,outer,normal,4,4,4,4,4,4,0,0,0,0,470,4
2018-01-10,22,core,normal,9,9,9,9,9,9,0,0,0,0,526,9
2018-01-10,22,near,normal,3,2,2,2,2,2,1,0,0,0,111,3
2018-01-10,22,outer,normal,2,2,1,1,1,1,0,1,0,0,66,2
2018-01-10,23,core,normal,11,11,11,10,9,9,0,0,1,1,288,11
2018-01-10,23,near,normal,5,5,5,3,3,3,0,0,2,0,147,5
2018-01-10,23,outer,normal,1,1,1,1,1,1,0,0,0,0,34,1
2018-01-11,0,core,normal,8,7,5,5,5,5,1,2,0,0,157,8
2018-01-11,0,near,normal,6,5,5,2,2,2,1,0,3,0,117,6
2018-01-11,0,outer,normal,0,0,0,0,0,0,0,0,0,0,0,0
2018-01-11,1,core,normal,2,2,2,2,1,1,0,0,0,1,18,2
2018-01-11,1,near,normal,2,1,1,1,1,1,1,0,0,0,14,2
2018-01-11,1,outer,normal,1,1,1,1,1,1,0,0,0,0,93,1
2018-01-11,2,core,normal,2,2,2,1,1,1,0,0,1,0,18,2
2018-01-11,2,near,normal,0,0,0,0,0,0,0,0,0,0,0,0
2018-01-11,2,outer,normal,1,1,1,1,1,1,0,0,0,0,236,1
2018-01-11,3,core,normal,6,6,6,6,6,6,0,0,0,0,759,6
2018-01-11,3,near,normal,3,3,3,3,3,3,0,0,0,0,134,3
2018-01-11,3,outer,normal,1,1,1,1,1,1,0,0,0,0,33,1
2018-01-11,4,core,normal,3,3,3,3,3,3,0,0,0,0,138,3
2018-01-11,4,near,normal,1,0,0,0,0,0,1,0,0,0,1,1
2018-01-11,4,outer,normal,1,0,0,0,0,0,1,0,0,0,1,1
2018-01-11,5,core,normal,1,1,1,1,1,1,0,0,0,0,91,1
2018-01-11,5,near,normal,1,1,1,1,1,1,0,0,0,0,88,1
2018-01-11,5,outer,normal,0,0,0,0,0,0,0,0,0,0,0,0
2018-01-11,6,core,normal,5,5,5,5,5,4,0,0,0,0,184,5
2018-01-11,6,near,normal,4,4,3,3,3,3,0,1,0,0,143,4
2018-01-11,6,outer,normal,1,1,1,1,1,1,0,0,0,0,369,1
2018-01-11,7,core,normal,7,7,6,6,6,6,0,1,0,0,445,7
2018-01-11,7,near,normal,4,4,4,4,4,4,0,0,0,0,456,4
2018-01-11,7,outer,normal,3,3,3,3,3,2,0,0,0,0,231,3
2018-01-11,8,core,normal,5,5,2,2,2,2,0,3,0,0,23,5
2018-01-11,8,near,normal,2,1,0,0,0,0,1,1,0,0,3,2
2018-01-11,8,outer,normal,3,3,3,3,1,1,0,0,0,2,14,3
2018-01-11,9,core,normal,1,1,0,0,0,0,0,1,0,0,2,1
2018-01-11,9,near,normal,1,0,0,0,0,0,1,0,0,0,1,1
2018-01-11,9,outer,normal,4,4,3,3,2,2,0,1,0,1,27,4
2018-01-11,10,core,normal,9,8,6,5,3,1,1,2,1,2,33,9
2018-01-11,10,near,normal,10,6,4,1,0,0,4,2,3,1,21,10
2018-01-11,10,outer,normal,4,4,3,3,3,3,0,1,0,0,30,4
2018-01-11,11,core,normal,7,7,6,5,4,2,0,1,1,1,32,7
2018-01-11,11,near,normal,9,5,5,3,2,1,4,0,2,1,29,9
2018-01-11,11,outer,normal,4,4,4,3,2,2,0,0,1,1,22,4
2018-01-11,12,core,normal,4,2,2,1,0,0,2,0,1,1,9,4
2018-01-11,12,near,normal,9,6,4,0,0,0,3,2,4,0,19,9
2018-01-11,12,outer,normal,7,6,5,3,1,1,1,1,2,2,24,7
2018-01-11,13,core,normal,5,3,2,2,2,2,2,1,0,0,18,5
2018-01-11,13,near,normal,6,3,2,1,1,1,3,1,1,0,15,6
2018-01-11,13,outer,normal,8,7,7,7,6,6,1,0,0,1,55,8
2018-01-11,14,core,normal,8,8,6,6,5,5,0,2,0,1,345,8
2018-01-11,14,near,normal,5,5,4,4,4,4,0,1,0,0,295,5
2018-01-11,14,outer,normal,6,5,4,2,2,2,1,1,2,0,93,6
2018-01-11,15,core,normal,9,9,9,8,8,7,0,0,1,0,222,9
2018-01-11,15,near,normal,10,9,9,9,8,8,1,0,0,1,434,10
2018-01-11,15,outer,normal,3,3,3,3,3,2,0,0,0,0,123,3
2018-01-11,16,core,normal,7,7,7,7,7,7,0,0,0,0,302,7
2018-01-11,16,near,normal,6,6,5,4,4,4,0,1,1,0,332,6
2018-01-11,16,outer,normal,2,2,2,2,2,2,0,0,0,0,181,2
2018-01-11,17,core,normal,8,8,8,8,8,8,0,0,0,0,455,8
2018-01-11,17,near,normal,8,8,8,8,8,8,0,0,0,0,524,8
2018-01-11,17,outer,normal,3,3,3,3,2,2,0,0,0,1,232,3
2018-01-11,18,core,normal,8,8,8,8,8,8,0,0,0,0,421,8
2018-01-11,18,near,normal,2,2,2,2,2,2,0,0,0,0,147,2
2018-01-11,18,outer,normal,4,4,4,4,4,4,0,0,0,0,488,4
2018-01-11,19,core,normal,12,12,12,12,12,12,0,0,0,0,998,12
2018-01-11,19,near,normal,6,6,6,6,6,6,0,0,0,0,257,6
2018-01-11,19,outer,normal,1,1,1,1,1,1,0,0,0,0,172,1
2018-01-11,20,core,normal,12,11,11,11,11,10,1,0,0,0,418,12
2018-01-11,20,near,normal,4,4,4,4,4,4,0,0,0,0,146,4
2018-01-11,20,outer,normal,2,2,2,2,2,2,0,0,0,0,58,2
2018-01-11,21,core,normal,0,0,0,0,0,0,0,0,0,0,0,0
2018-01-11,21,near,normal,2,1,1,1,1,1,1,0,0,0,14,2
2018-01-11,21,outer,normal,3,3,3,3,3,3,0,0,0,0,256,3
2018-01-11,22,core,normal,3,3,3,3,3,3,0,0,0,0,195,3
2018-01-11,22,near,normal,3,2,2,2,2,2,1,0,0,0,151,3
2018-01-11,22,outer,normal,2,2,2,2,2,2,0,0,0,0,225,2
2018-01-11,23,core,normal,14,14,14,14,14,14,0,0,0,0,1453,14
2018-01-11,23,near,normal,10,9,9,9,9,9,1,0,0,0,706,10
2018-01-11,23,outer,normal,0,0,0,0,0,0,0,0,0,0,0,0
2018-01-12,0,core,reduced,13,13,13,13,13,13,0,0,0,0,408,13
2018-01-12,0,near,reduced,6,6,6,6,6,6,0,0,0,0,402,6
2018-01-12,0,outer,reduced,0,0,0,0,0,0,0,0,0,0,0,0
2018-01-12,1,core,reduced,0,0,0,0,0,0,0,0,0,0,0,0
2018-01-12,1,near,reduced,0,0,0,0,0,0,0,0,0,0,0,0
2018-01-12,1,outer,reduced,2,2,2,2,2,2,0,0,0,0,179,2
2018-01-12,2,core,reduced,9,9,9,8,8,8,0,0,1,0,377,9
2018-01-12,2,near,reduced,1,1,1,1,1,1,0,0,0,0,10,1
2018-01-12,2,outer,reduced,1,1,1,0,0,0,0,0,1,0,3,1
2018-01-12,3,core,reduced,14,14,14,14,14,14,0,0,0,0,764,14
2018-01-12,3,near,reduced,5,3,3,3,3,3,2,0,0,0,73,5
2018-01-12,3,outer,reduced,2,2,1,1,1,1,0,1,0,0,145,2
2018-01-12,4,core,reduced,9,9,9,9,9,9,0,0,0,0,351,9
2018-01-12,4,near,reduced,4,4,4,3,2,2,0,0,1,1,55,4
2018-01-12,4,outer,reduced,3,3,3,3,3,3,0,0,0,0,201,3
2018-01-12,5,core,reduced,5,3,3,3,3,3,2,0,0,0,114,5
2018-01-12,5,near,reduced,1,0,0,0,0,0,1,0,0,0,1,1
2018-01-12,5,outer,reduced,3,3,3,3,3,3,0,0,0,0,149,3
2018-01-12,6,core,reduced,14,12,12,11,11,11,2,0,1,0,612,14
2018-01-12,6,near,reduced,4,4,4,4,4,4,0,0,0,0,185,4
2018-01-12,6,outer,reduced,0,0,0,0,0,0,0,0,0,0,0,0
2018-01-12,7,core,reduced,6,5,4,3,3,3,1,1,1,0,66,6
2018-01-12,7,near,reduced,6,4,2,1,0,0,2,2,1,1,13,6
2018-01-12,7,outer,reduced,0,0,0,0,0,0,0,0,0,0,0,0
2018-01-12,8,core,reduced,3,1,0,0,0,0,2,1,0,0,4,3
2018-01-12,8,near,reduced,2,0,0,0,0,0,2,0,0,0,2,2
2018-01-12,8,outer,reduced,4,3,3,2,1,0,1,0,1,1,13,4
2018-01-12,9,core,reduced,3,1,1,1,1,1,2,0,0,0,11,3
2018-01-12,9,near,reduced,3,1,0,0,0,0,2,1,0,0,4,3
2018-01-12,9,outer,reduced,6,6,5,4,3,2,0,1,1,1,33,6
2018-01-12,10,core,reduced,10,9,8,7,6,6,1,1,1,1,54,10
2018-01-12,10,near,reduced,6,5,5,2,0,0,1,0,3,2,18,6
2018-01-12,10,outer,reduced,5,4,3,2,2,2,1,1,1,0,24,5
2018-01-12,11,core,reduced,13,8,7,7,5,2,5,1,0,2,47,13
2018-01-12,11,near,reduced,6,5,3,2,1,0,1,2,1,1,17,6
2018-01-12,11,outer,reduced,3,2,2,2,2,1,1,0,0,0,15,3
2018-01-12,12,core,reduced,7,6,6,3,0,0,1,0,3,3,22,7
2018-01-12,12,near,reduced,6,5,3,2,0,0,1,2,1,2,16,6
2018-01-12,12,outer,reduced,4,3,2,1,0,0,1,1,1,1,10,4
2018-01-12,13,core,reduced,5,2,0,0,0,0,3,2,0,0,7,5
2018-01-12,13,near,reduced,2,2,1,1,1,0,0,1,0,0,7,2
2018-01-12,13,outer,reduced,4,4,3,3,1,1,0,1,0,2,17,4
2018-01-12,14,core,reduced,12,9,6,6,5,3,3,3,0,1,49,12
2018-01-12,14,near,reduced,7,6,5,3,2,1,1,1,2,1,25,7
2018-01-12,14,outer,reduced,2,1,1,1,1,0,1,0,0,0,6,2
2018-01-12,15,core,reduced,7,5,5,4,2,1,2,0,1,2,25,7
2018-01-12,15,near,reduced,9,5,5,3,3,2,4,0,2,0,35,9
2018-01-12,15,outer,reduced,2,2,2,1,1,1,0,0,1,0,12,2
2018-01-12,16,core,reduced,6,3,2,2,1,0,3,1,0,1,14,6
2018-01-12,16,near,reduced,8,6,5,1,1,0,2,1,4,0,21,8
2018-01-12,16,outer,reduced,1,0,0,0,0,0,1,0,0,0,1,1
2018-01-12,17,core,reduced,3,3,3,3,3,2,0,0,0,0,19,3
2018-01-12,17,near,reduced,6,5,3,2,0,0,1,2,1,2,16,6
2018-01-12,17,outer,reduced,0,0,0,0,0,0,0,0,0,0,0,0
2018-01-12,18,core,reduced,7,6,5,4,3,2,1,1,1,1,30,7
2018-01-12,18,near,reduced,5,2,1,1,0,0,3,1,0,1,9,5
2018-01-12,18,outer,reduced,0,0,0,0,0,0,0,0,0,0,0,0
2018-01-12,19,core,reduced,8,6,4,2,2,1,2,2,2,0,23,8
2018-01-12,19,near,reduced,6,5,3,2,1,0,1,2,1,1,17,6
2018-01-12,19,outer,reduced,0,0,0,0,0,0,0,0,0,0,0,0
2018-01-12,20,core,reduced,4,3,3,2,2,0,1,0,1,0,14,4
2018-01-12,20,near,reduced,2,2,2,2,1,1,0,0,0,1,10,2
2018-01-12,20,outer,reduced,2,2,2,2,2,2,0,0,0,0,20,2
2018-01-12,21,core,reduced,3,2,1,0,0,0,1,1,1,0,6,3
2018-01-12,21,near,reduced,0,0,0,0,0,0,0,0,0,0,0,0
2018-01-12,21,outer,reduced,3,3,3,3,3,2,0,0,0,0,19,3
2018-01-12,22,core,reduced,15,12,10,7,5,3,3,2,3,2,54,15
2018-01-12,22,near,reduced,4,4,4,2,2,2,0,0,2,0,20,4
2018-01-12,22,outer,reduced,0,0,0,0,0,0,0,0,0,0,0,0
2018-01-12,23,core,reduced,13,9,6,6,6,3,4,3,0,0,45,13
2018-01-12,23,near,reduced,7,5,4,2,0,0,2,1,2,2,18,7
2018-01-12,23,outer,reduced,0,0,0,0,0,0,0,0,0,0,0,0
2018-01-13,0,core,outage,1,1,0,0,0,0,0,1,0,0,2,1
2018-01-13,0,near,outage,2,1,1,0,0,0,1,0,1,0,4,2
2018-01-13,0,outer,outage,1,1,1,1,1,1,0,0,0,0,6,1
2018-01-13,1,core,outage,5,3,2,2,2,1,2,1,0,0,16,5
2018-01-13,1,near,outage,0,0,0,0,0,0,0,0,0,0,0,0
2018-01-13,1,outer,outage,1,0,0,0,0,0,1,0,0,0,1,1
2018-01-13,2,core,outage,2,2,1,0,0,0,0,1,1,0,5,2
2018-01-13,2,near,outage,2,2,2,2,0,0,0,0,0,2,8,2
2018-01-13,2,outer,outage,0,0,0,0,0,0,0,0,0,0,0,0
2018-01-13,3,core,outage,4,4,3,3,1,1,0,1,0,2,18,4
2018-01-13,3,near,outage,1,0,0,0,0,0,1,0,0,0,1,1
2018-01-13,3,outer,outage,0,0,0,0,0,0,0,0,0,0,0,0
2018-01-13,4,core,outage,4,4,0,0,0,0,0,4,0,0,8,4
2018-01-13,4,near,outage,2,1,0,0,0,0,1,1,0,0,3,2
2018-01-13,4,outer,outage,0,0,0,0,0,0,0,0,0,0,0,0
2018-01-13,5,core,outage,3,3,2,1,0,0,0,1,1,1,9,3
2018-01-13,5,near,outage,2,1,1,0,0,0,1,0,1,0,4,2
2018-01-13,5,outer,outage,2,2,2,1,0,0,0,0,1,1,7,2
2018-01-13,6,core,outage,5,5,3,2,1,1,0,2,1,1,17,5
2018-01-13,6,near,outage,2,1,0,0,0,0,1,1,0,0,3,2
2018-01-13,6,outer,outage,2,2,2,2,2,2,0,0,0,0,35,2
2018-01-13,7,core,outage,5,5,4,4,3,1,0,1,0,1,23,5
2018-01-13,7,near,outage,8,7,4,2,1,1,1,3,2,1,23,8
2018-01-13,7,outer,outage,4,4,4,4,4,4,0,0,0,0,35,4
2018-01-13,8,core,outage,7,2,1,1,1,0,5,1,0,0,12,7
2018-01-13,8,near,outage,9,7,7,6,3,1,2,0,1,3,33,9
2018-01-13,8,outer,outage,6,4,2,2,0,0,2,2,0,2,14,6
2018-01-13,9,core,outage,2,1,0,0,0,0,1,1,0,0,3,2
2018-01-13,9,near,outage,3,1,0,0,0,0,2,1,0,0,4,3
2018-01-13,9,outer,outage,7,5,4,4,4,3,2,1,0,0,38,7
2018-01-13,10,core,outage,6,5,4,4,3,2,1,1,0,1,26,6
2018-01-13,10,near,outage,4,3,2,1,1,0,1,1,1,0,11,4
2018-01-13,10,outer,outage,8,6,4,2,2,2,2,2,2,0,27,8
2018-01-13,11,core,outage,13,11,10,8,8,7,2,1,2,0,67,13
2018-01-13,11,near,outage,7,6,5,3,2,1,1,1,2,1,24,7
2018-01-13,11,outer,outage,4,3,3,3,3,3,1,0,0,0,28,4
2018-01-13,12,core,outage,9,5,4,3,1,0,4,1,1,2,22,9
2018-01-13,12,near,outage,8,3,3,2,1,0,5,0,1,1,17,8
2018-01-13,12,outer,outage,3,3,3,3,3,3,0,0,0,0,35,3
2018-01-13,13,core,outage,0,0,0,0,0,0,0,0,0,0,0,0
2018-01-13,13,near,outage,2,2,2,1,0,0,0,0,1,1,7,2
2018-01-13,13,outer,outage,4,4,3,1,1,1,0,1,2,0,14,4
2018-01-13,14,core,outage,9,7,4,3,0,0,2,3,1,3,23,9
2018-01-13,14,near,outage,4,2,2,0,0,0,2,0,2,0,8,4
2018-01-13,14,outer,outage,4,4,3,3,2,2,0,1,0,1,19,4
2018-01-13,15,core,outage,7,6,4,4,4,1,1,2,0,0,28,7
2018-01-13,15,near,outage,12,9,9,9,8,6,3,0,0,1,65,12
2018-01-13,15,outer,outage,2,1,1,1,1,1,1,0,0,0,8,2
2018-01-13,16,core,outage,15,8,5,1,0,0,7,3,4,1,29,15
2018-01-13,16,near,outage,7,6,3,1,1,0,1,3,2,0,18,7
2018-01-13,16,outer,outage,4,2,0,0,0,0,2,2,0,0,6,4
2018-01-13,17,core,outage,12,10,8,5,3,2,2,2,3,2,41,12
2018-01-13,17,near,outage,7,6,4,3,2,0,1,2,1,1,22,7
2018-01-13,17,outer,outage,3,3,0,0,0,0,0,3,0,0,6,3
2018-01-13,18,core,outage,10,9,9,5,5,4,1,0,4,0,47,10
2018-01-13,18,near,outage,8,5,3,2,0,0,3,2,1,2,18,8
2018-01-13,18,outer,outage,1,1,1,1,1,1,0,0,0,0,7,1
2018-01-13,19,core,outage,11,5,1,0,0,0,6,4,1,0,17,11
2018-01-13,19,near,outage,7,5,4,2,1,1,2,1,2,1,21,7
2018-01-13,19,outer,outage,2,1,1,1,1,1,1,0,0,0,10,2
2018-01-13,20,core,outage,4,3,2,1,1,1,1,1,1,0,12,4
2018-01-13,20,near,outage,4,3,2,0,0,0,1,1,2,0,9,4
2018-01-13,20,outer,outage,3,2,2,2,1,1,1,0,0,1,18,3
2018-01-13,21,core,outage,1,0,0,0,0,0,1,0,0,0,1,1
2018-01-13,21,near,outage,2,1,1,0,0,0,1,0,1,0,4,2
2018-01-13,21,outer,outage,3,2,2,2,2,2,1,0,0,0,19,3
2018-01-13,22,core,outage,5,2,1,1,1,0,3,1,0,0,10,5
2018-01-13,22,near,outage,1,1,1,1,0,0,0,0,0,1,4,1
2018-01-13,22,outer,outage,1,1,0,0,0,0,0,1,0,0,2,1
2018-01-13,23,core,outage,12,10,7,7,4,1,2,3,0,3,41,12
2018-01-13,23,near,outage,3,2,2,2,1,1,1,0,0,1,11,3
2018-01-13,23,outer,outage,2,2,2,2,2,0,0,0,0,0,10,2
2018-01-14,0,core,outage,2,1,0,0,0,0,1,1,0,0,3,2
2018-01-14,0,near,outage,1,0,0,0,0,0,1,0,0,0,1,1
2018-01-14,0,outer,outage,6,6,5,4,4,4,0,1,1,0,40,6
2018-01-14,1,core,outage,3,2,1,0,0,0,1,1,1,0,6,3
2018-01-14,1,near,outage,3,3,3,1,0,0,0,0,2,1,10,3
2018-01-14,1,outer,outage,2,2,1,1,0,0,0,1,0,1,6,2
2018-01-14,2,core,outage,4,3,3,2,1,0,1,0,1,1,13,4
2018-01-14,2,near,outage,2,1,1,1,0,0,1,0,0,1,5,2
2018-01-14,2,outer,outage,2,2,1,1,1,0,0,1,0,0,7,2
2018-01-14,3,core,outage,5,4,3,3,2,2,1,1,0,1,20,5
2018-01-14,3,near,outage,2,2,2,2,2,1,0,0,0,0,11,2
2018-01-14,3,outer,outage,1,1,1,1,1,1,0,0,0,0,7,1
2018-01-14,4,core,outage,14,11,8,4,2,1,3,3,4,2,41,14
2018-01-14,4,near,outage,6,5,3,2,2,2,1,2,1,0,24,6
2018-01-14,4,outer,outage,2,2,0,0,0,0,0,2,0,0,4,2
2018-01-14,5,core,outage,9,8,3,2,1,1,1,5,1,1,26,9
2018-01-14,5,near,outage,2,1,1,0,0,0,1,0,1,0,4,2
2018-01-14,5,outer,outage,1,1,1,1,1,1,0,0,0,0,7,1
2018-01-14,6,core,outage,4,2,0,0,0,0,2,2,0,0,6,4
2018-01-14,6,near,outage,0,0,0,0,0,0,0,0,0,0,0,0
2018-01-14,6,outer,outage,2,2,1,0,0,0,0,1,1,0,5,2
2018-01-14,7,core,outage,10,9,6,3,1,0,1,3,3,2,29,10
2018-01-14,7,near,outage,7,6,6,2,2,2,1,0,4,0,25,7
2018-01-14,7,outer,outage,3,3,3,1,1,1,0,0,2,0,12,3
2018-01-14,8,core,outage,8,6,4,3,3,2,2,2,1,0,31,8
2018-01-14,8,near,outage,9,6,2,1,1,1,3,4,1,0,20,9
2018-01-14,8,outer,outage,5,5,5,5,5,4,0,0,0,0,46,5
2018-01-14,9,core,outage,4,2,1,1,1,1,2,1,0,0,10,4
2018-01-14,9,near,outage,11,7,4,3,3,1,4,3,1,0,31,11
2018-01-14,9,outer,outage,6,6,5,3,3,3,0,1,2,0,31,6
2018-01-14,10,core,outage,5,2,1,1,1,0,3,1,0,0,10,5
2018-01-14,10,near,outage,8,6,3,1,0,0,2,3,2,1,18,8
2018-01-14,10,outer,outage,4,4,3,2,2,2,0,1,1,0,19,4
2018-01-14,11,core,outage,8,7,7,6,5,4,1,0,1,1,40,8
2018-01-14,11,near,outage,11,7,5,2,2,1,4,2,3,0,28,11
2018-01-14,11,outer,outage,6,5,3,2,2,2,1,2,1,0,30,6
2018-01-14,12,core,outage,11,10,9,7,4,2,1,1,2,3,44,11
2018-01-14,12,near,outage,10,7,3,3,2,2,3,4,0,1,29,10
2018-01-14,12,outer,outage,4,3,1,1,1,0,1,2,0,0,10,4
2018-01-14,13,core,outage,3,3,0,0,0,0,0,3,0,0,6,3
2018-01-14,13,near,outage,8,5,2,1,0,0,3,3,1,1,16,8
2018-01-14,13,outer,outage,1,1,0,0,0,0,0,1,0,0,2,1
2018-01-14,14,core,outage,0,0,0,0,0,0,0,0,0,0,0,0
2018-01-14,14,near,outage,0,0,0,0,0,0,0,0,0,0,0,0
2018-01-14,14,outer,outage,0,0,0,0,0,0,0,0,0,0,0,0
2018-01-14,15,core,outage,0,0,0,0,0,0,0,0,0,0,0,0
2018-01-14,15,near,outage,0,0,0,0,0,0,0,0,0,0,0,0
2018-01-14,15,outer,outage,0,0,0,0,0,0,0,0,0,0,0,0
2018-01-14,16,core,outage,0,0,0,0,0,0,0,0,0,0,0,0
2018-01-14,16,near,outage,0,0,0,0,0,0,0,0,0,0,0,0
2018-01-14,16,outer,outage,0,0,0,0,0,0,0,0,0,0,0,0
2018-01-14,17,core,outage,0,0,0,0,0,0,0,0,0,0,0,0
2018-01-14,17,near,outage,0,0,0,0,0,0,0,0,0,0,0,0
2018-01-14,17,outer,outage,0,0,0,0,0,0,0,0,0,0,0,0
2018-01-14,18,core,outage,0,0,0,0,0,0,0,0,0,0,0,0
2018-01-14,18,near,outage,0,0,0,0,0,0,0,0,0,0,0,0
2018-01-14,18,outer,outage,0,0,0,0,0,0,0,0,0,0,0,0
2018-01-14,19,core,outage,0,0,0,0,0,0,0,0,0,0,0,0
2018-01-14,19,near,outage,0,0,0,0,0,0,0,0,0,0,0,0
2018-01-14,19,outer,outage,0,0,0,0,0,0,0,0,0,0,0,0
2018-01-14,20,core,outage,0,0,0,0,0,0,0,0,0,0,0,0
2018-01-14,20,near,outage,0,0,0,0,0,0,0,0,0,0,0,0
2018-01-14,20,outer,outage,0,0,0,0,0,0,0,0,0,0,0,0
2018-01-14,21,core,outage,0,0,0,0,0,0,0,0,0,0,0,0
2018-01-14,21,near,outage,0,0,0,0,0,0,0,0,0,0,0,0
2018-01-14,21,outer,outage,0,0,0,0,0,0,0,0,0,0,0,0
2018-01-14,22,core,outage,0,0,0,0,0,0,0,0,0,0,0,0
2018-01-14,22,near,outage,0,0,0,0,0,0,0,0,0,0,0,0
2018-01-14,22,outer,outage,0,0,0,0,0,0,0,0,0,0,0,0
2018-01-14,23,core,outage,0,0,0,0,0,0,0,0,0,0,0,0
2018-01-14,23,near,outage,0,0,0,0,0,0,0,0,0,0,0,0
2018-01-14,23,outer,outage,0,0,0,0,0,0,0,0,0,0,0,0
2018-01-15,0,core,outage,0,0,0,0,0,0,0,0,0,0,0,0
2018-01-15,0,near,outage,0,0,0,0,0,0,0,0,0,0,0,0
2018-01-15,0,outer,outage,1,0,0,0,0,0,1,0,0,0,1,1
2018-01-15,1,core,outage,0,0,0,0,0,0,0,0,0,0,0,0
2018-01-15,1,near,outage,1,0,0,0,0,0,1,0,0,0,1,1
2018-01-15,1,outer,outage,0,0,0,0,0,0,0,0,0,0,0,0
2018-01-15,2,core,outage,0,0,0,0,0,0,0,0,0,0,0,0
2018-01-15,2,near,outage,0,0,0,0,0,0,0,0,0,0,0,0
2018-01-15,2,outer,outage,0,0,0,0,0,0,0,0,0,0,0,0
2018-01-15,3,core,outage,0,0,0,0,0,0,0,0,0,0,0,0
2018-01-15,3,near,outage,0,0,0,0,0,0,0,0,0,0,0,0
2018-01-15,3,outer,outage,0,0,0,0,0,0,0,0,0,0,0,0
2018-01-15,4,core,outage,0,0,0,0,0,0,0,0,0,0,0,0
2018-01-15,4,near,outage,0,0,0,0,0,0,0,0,0,0,0,0
2018-01-15,4,outer,outage,0,0,0,0,0,0,0,0,0,0,0,0
2018-01-15,5,core,outage,0,0,0,0,0,0,0,0,0,0,0,0
2018-01-15,5,near,outage,0,0,0,0,0,0,0,0,0,0,0,0
2018-01-15,5,outer,outage,0,0,0,0,0,0,0,0,0,0,0,0
2018-01-15,6,core,outage,0,0,0,0,0,0,0,0,0,0,0,0
2018-01-15,6,near,outage,0,0,0,0,0,0,0,0,0,0,0,0
2018-01-15,6,outer,outage,0,0,0,0,0,0,0,0,0,0,0,0
2018-01-15,7,core,outage,0,0,0,0,0,0,0,0,0,0,0,0
2018-01-15,7,near,outage,0,0,0,0,0,0,0,0,0,0,0,0
2018-01-15,7,outer,outage,0,0,0,0,0,0,0,0,0,0,0,0
2018-01-15,8,core,outage,2,2,1,0,0,0,0,1,1,0,5,2
2018-01-15,8,near,outage,3,1,0,0,0,0,2,1,0,0,4,3
2018-01-15,8,outer,outage,4,1,1,0,0,0,3,0,1,0,6,4
2018-01-15,9,core,outage,3,1,1,0,0,0,2,0,1,0,5,3
2018-01-15,9,near,outage,3,3,2,2,0,0,0,1,0,2,10,3
2018-01-15,9,outer,outage,5,3,3,3,3,2,2,0,0,0,27,5
2018-01-15,10,core,outage,13,11,11,8,6,4,2,0,3,2,58,13
2018-01-15,10,near,outage,6,5,3,1,0,0,1,2,2,1,15,6
2018-01-15,10,outer,outage,3,3,3,3,2,1,0,0,0,1,18,3
2018-01-15,11,core,outage,11,7,5,5,3,1,4,2,0,2,32,11
2018-01-15,11,near,outage,5,3,2,1,0,0,2,1,1,1,11,5
2018-01-15,11,outer,outage,3,1,1,0,0,0,2,0,1,0,5,3
2018-01-15,12,core,outage,7,4,3,2,0,0,3,1,1,2,16,7
2018-01-15,12,near,outage,5,4,4,1,0,0,1,0,3,1,14,5
2018-01-15,12,outer,outage,0,0,0,0,0,0,0,0,0,0,0,0
2018-01-15,13,core,outage,2,0,0,0,0,0,2,0,0,0,2,2
2018-01-15,13,near,outage,2,2,1,1,1,1,0,1,0,0,10,2
2018-01-15,13,outer,outage,2,1,1,1,0,0,1,0,0,1,5,2
2018-01-15,14,core,outage,7,6,4,3,2,1,1,2,1,1,26,7
2018-01-15,14,near,outage,7,4,1,0,0,0,3,3,1,0,12,7
2018-01-15,14,outer,outage,2,1,1,1,1,1,1,0,0,0,7,2
2018-01-15,15,core,outage,11,9,7,5,4,3,2,2,2,1,46,11
2018-01-15,15,near,outage,12,8,5,3,1,1,4,3,2,2,32,12
2018-01-15,15,outer,outage,2,1,1,1,0,0,1,0,0,1,5,2
2018-01-15,16,core,outage,10,8,5,2,0,0,2,3,3,2,25,10
2018-01-15,16,near,outage,1,0,0,0,0,0,1,0,0,0,1,1
2018-01-15,16,outer,outage,3,2,1,1,1,1,1,1,0,0,9,3
2018-01-15,17,core,outage,1,0,0,0,0,0,1,0,0,0,1,1
2018-01-15,17,near,outage,0,0,0,0,0,0,0,0,0,0,0,0
2018-01-15,17,outer,outage,2,2,2,2,2,2,0,0,0,0,12,2
2018-01-15,18,core,outage,9,9,7,6,3,2,0,2,1,3,36,9
2018-01-15,18,near,outage,9,5,4,4,2,1,4,1,0,2,26,9
2018-01-15,18,outer,outage,2,1,1,0,0,0,1,0,1,0,4,2
2018-01-15,19,core,outage,8,8,6,5,5,3,0,2,1,0,47,8
2018-01-15,19,near,outage,12,9,5,5,4,3,3,4,0,1,43,12
2018-01-15,19,outer,outage,0,0,0,0,0,0,0,0,0,0,0,0
2018-01-15,20,core,outage,6,2,1,0,0,0,4,1,1,0,9,6
2018-01-15,20,near,outage,10,8,4,1,1,0,2,4,3,0,24,10
2018-01-15,20,outer,outage,1,1,1,1,1,0,0,0,0,0,5,1
2018-01-15,21,core,outage,4,2,1,0,0,0,2,1,1,0,7,4
2018-01-15,21,near,outage,3,3,1,0,0,0,0,2,1,0,7,3
2018-01-15,21,outer,outage,1,1,1,1,1,1,0,0,0,0,9,1
2018-01-15,22,core,outage,10,10,9,8,6,2,0,1,1,2,45,10
2018-01-15,22,near,outage,6,4,2,1,0,0,2,2,1,1,13,6
2018-01-15,22,outer,outage,0,0,0,0,0,0,0,0,0,0,0,0
2018-01-15,23,core,outage,5,5,1,1,0,0,0,4,0,1,12,5
2018-01-15,23,near,outage,4,3,2,2,2,2,1,1,0,0,18,4
2018-01-15,23,outer,outage,0,0,0,0,0,0,0,0,0,0,0,0
2018-01-16,0,core,outage,5,4,1,0,0,0,1,3,1,0,10,5
2018-01-16,0,near,outage,0,0,0,0,0,0,0,0,0,0,0,0
2018-01-16,0,outer,outage,0,0,0,0,0,0,0,0,0,0,0,0
2018-01-16,1,core,outage,2,2,1,1,0,0,0,1,0,1,6,2
2018-01-16,1,near,outage,0,0,0,0,0,0,0,0,0,0,0,0
2018-01-16,1,outer,outage,0,0,0,0,0,0,0,0,0,0,0,0
2018-01-16,2,core,outage,9,5,4,2,0,0,4,1,2,2,20,9
2018-01-16,2,near,outage,6,5,3,1,0,0,1,2,2,1,15,6
2018-01-16,2,outer,outage,0,0,0,0,0,0,0,0,0,0,0,0
2018-01-16,3,core,outage,12,8,6,4,1,1,4,2,2,3,33,12
2018-01-16,3,near,outage,4,2,1,1,0,0,2,1,0,1,8,4
2018-01-16,3,outer,outage,1,1,1,0,0,0,0,0,1,0,3,1
2018-01-16,4,core,outage,3,1,0,0,0,0,2,1,0,0,4,3
2018-01-16,4,near,outage,1,1,1,1,0,0,0,0,0,1,4,1
2018-01-16,4,outer,outage,3,2,2,1,1,1,1,0,1,0,10,3
2018-01-16,5,core,outage,0,0,0,0,0,0,0,0,0,0,0,0
2018-01-16,5,near,outage,2,1,1,0,0,0,1,0,1,0,4,2
2018-01-16,5,outer,outage,1,1,1,1,1,0,0,0,0,0,5,1
2018-01-16,6,core,outage,9,8,5,4,3,2,1,3,1,1,35,9
2018-01-16,6,near,outage,5,3,2,0,0,0,2,1,2,0,10,5
2018-01-16,6,outer,outage,1,0,0,0,0,0,1,0,0,0,1,1
2018-01-16,7,core,outage,10,5,3,1,1,0,5,2,2,0,20,10
2018-01-16,7,near,outage,9,8,6,3,2,2,1,2,3,1,30,9
2018-01-16,7,outer,outage,4,3,3,3,3,3,1,0,0,0,23,4
2018-01-16,8,core,outage,4,3,3,0,0,0,1,0,3,0,10,4
2018-01-16,8,near,outage,10,8,8,5,3,2,2,0,3,2,36,10
2018-01-16,8,outer,outage,6,4,4,2,1,0,2,0,2,1,17,6
2018-01-16,9,core,outage,5,2,0,0,0,0,3,2,0,0,7,5
2018-01-16,9,near,outage,8,7,6,4,1,1,1,1,2,3,27,8
2018-01-16,9,outer,outage,8,6,5,5,5,3,2,1,0,0,38,8
2018-01-16,10,core,outage,8,6,3,3,2,1,2,3,0,1,26,8
2018-01-16,10,near,outage,7,5,3,3,2,2,2,2,0,1,23,7
2018-01-16,10,outer,outage,4,4,3,3,2,2,0,1,0,1,31,4
2018-01-16,11,core,outage,16,12,9,4,3,2,4,3,5,1,47,16
2018-01-16,11,near,outage,5,5,4,3,2,2,0,1,1,1,22,5
2018-01-16,11,outer,outage,3,3,2,1,1,1,0,1,1,0,11,3
2018-01-16,12,core,outage,6,4,2,1,0,0,2,2,1,1,13,6
2018-01-16,12,near,outage,2,1,0,0,0,0,1,1,0,0,3,2
2018-01-16,12,outer,outage,2,2,1,1,1,0,0,1,0,0,7,2
2018-01-16,13,core,outage,3,0,0,0,0,0,3,0,0,0,3,3
2018-01-16,13,near,outage,1,1,0,0,0,0,0,1,0,0,2,1
2018-01-16,13,outer,outage,1,0,0,0,0,0,1,0,0,0,1,1
2018-01-16,14,core,outage,8,8,7,6,4,4,0,1,1,2,48,8
2018-01-16,14,near,outage,8,4,3,2,1,0,4,1,1,1,18,8
2018-01-16,14,outer,outage,2,1,1,1,0,0,1,0,0,1,5,2
2018-01-16,15,core,outage,16,16,14,11,8,5,0,2,3,3,76,16
2018-01-16,15,near,outage,9,4,3,2,2,1,5,1,1,0,23,9
2018-01-16,15,outer,outage,2,1,0,0,0,0,1,1,0,0,3,2
2018-01-16,16,core,outage,10,7,4,2,1,1,3,3,2,1,28,10
2018-01-16,16,near,outage,6,0,0,0,0,0,6,0,0,0,6,6
2018-01-16,16,outer,outage,3,3,0,0,0,0,0,3,0,0,6,3
2018-01-16,17,core,outage,3,1,1,1,1,1,2,0,0,0,9,3
2018-01-16,17,near,outage,4,2,2,1,0,0,2,0,1,1,9,4
2018-01-16,17,outer,outage,1,0,0,0,0,0,1,0,0,0,1,1
2018-01-16,18,core,outage,8,8,8,8,8,7,0,0,0,0,50,8
2018-01-16,18,near,outage,3,2,0,0,0,0,1,2,0,0,5,3
2018-01-16,18,outer,outage,0,0,0,0,0,0,0,0,0,0,0,0
2018-01-16,19,core,outage,11,7,5,3,1,1,4,2,2,2,28,11
2018-01-16,19,near,outage,8,8,8,4,3,0,0,0,4,1,31,8
2018-01-16,19,outer,outage,2,1,1,1,1,1,1,0,0,0,12,2
2018-01-16,20,core,outage,5,4,0,0,0,0,1,4,0,0,9,5
2018-01-16,20,near,outage,4,3,2,1,0,0,1,1,1,1,10,4
2018-01-16,20,outer,outage,5,4,2,2,0,0,1,2,0,2,13,5
2018-01-16,21,core,outage,0,0,0,0,0,0,0,0,0,0,0,0
2018-01-16,21,near,outage,0,0,0,0,0,0,0,0,0,0,0,0
2018-01-16,21,outer,outage,2,1,0,0,0,0,1,1,0,0,3,2
2018-01-16,22,core,outage,3,3,0,0,0,0,0,3,0,0,6,3
2018-01-16,22,near,outage,1,0,0,0,0,0,1,0,0,0,1,1
2018-01-16,22,outer,outage,0,0,0,0,0,0,0,0,0,0,0,0
2018-01-16,23,core,outage,8,6,2,0,0,0,2,4,2,0,16,8
2018-01-16,23,near,outage,2,2,2,0,0,0,0,0,2,0,6,2
2018-01-16,23,outer,outage,0,0,0,0,0,0,0,0,0,0,0,0
2018-01-17,0,core,severe,5,3,2,2,1,0,2,1,0,1,13,5
2018-01-17,0,near,severe,0,0,0,0,0,0,0,0,0,0,0,0
2018-01-17,0,outer,severe,1,1,1,1,1,1,0,0,0,0,14,1
2018-01-17,1,core,severe,4,3,1,0,0,0,1,2,1,0,8,4
2018-01-17,1,near,severe,0,0,0,0,0,0,0,0,0,0,0,0
2018-01-17,1,outer,severe,2,2,1,1,1,1,0,1,0,0,9,2
2018-01-17,2,core,severe,8,8,6,5,3,2,0,2,1,2,33,8
2018-01-17,2,near,severe,6,4,2,2,1,0,2,2,0,1,15,6
2018-01-17,2,outer,severe,1,1,1,1,1,1,0,0,0,0,7,1
2018-01-17,3,core,severe,11,6,5,2,1,0,5,1,3,1,25,11
2018-01-17,3,near,severe,7,4,2,0,0,0,3,2,2,0,13,7
2018-01-17,3,outer,severe,1,0,0,0,0,0,1,0,0,0,1,1
2018-01-17,4,core,severe,4,4,2,1,0,0,0,2,1,1,11,4
2018-01-17,4,near,severe,2,2,2,2,1,0,0,0,0,1,9,2
2018-01-17,4,outer,severe,1,1,1,0,0,0,0,0,1,0,3,1
2018-01-17,5,core,severe,0,0,0,0,0,0,0,0,0,0,0,0
2018-01-17,5,near,severe,0,0,0,0,0,0,0,0,0,0,0,0
2018-01-17,5,outer,severe,3,3,3,3,2,2,0,0,0,1,28,3
2018-01-17,6,core,severe,7,7,3,3,1,1,0,4,0,2,23,7
2018-01-17,6,near,severe,4,3,2,0,0,0,1,1,2,0,9,4
2018-01-17,6,outer,severe,1,0,0,0,0,0,1,0,0,0,1,1
2018-01-17,7,core,severe,6,6,4,3,1,1,0,2,1,2,23,6
2018-01-17,7,near,severe,5,2,1,1,0,0,3,1,0,1,9,5
2018-01-17,7,outer,severe,0,0,0,0,0,0,0,0,0,0,0,0
2018-01-17,8,core,severe,1,0,0,0,0,0,1,0,0,0,1,1
2018-01-17,8,near,severe,2,1,1,1,0,0,1,0,0,1,5,2
2018-01-17,8,outer,severe,1,1,1,1,1,0,0,0,0,0,5,1
2018-01-17,9,core,severe,3,3,0,0,0,0,0,3,0,0,6,3
2018-01-17,9,near,severe,2,1,0,0,0,0,1,1,0,0,3,2
2018-01-17,9,outer,severe,2,2,1,1,0,0,0,1,0,1,6,2
2018-01-17,10,core,severe,13,11,9,8,6,4,2,2,1,2,57,13
2018-01-17,10,near,severe,12,9,6,4,2,1,3,3,2,2,34,12
2018-01-17,10,outer,severe,2,1,1,1,0,0,1,0,0,1,5,2
2018-01-17,11,core,severe,11,6,4,2,0,0,5,2,2,2,23,11
2018-01-17,11,near,severe,11,7,5,3,2,1,4,2,2,1,29,11
2018-01-17,11,outer,severe,1,1,1,1,1,1,0,0,0,0,12,1
2018-01-17,12,core,severe,2,1,0,0,0,0,1,1,0,0,3,2
2018-01-17,12,near,severe,3,1,0,0,0,0,2,1,0,0,4,3
2018-01-17,12,outer,severe,1,1,0,0,0,0,0,1,0,0,2,1
2018-01-17,13,core,severe,3,3,3,1,1,0,0,0,2,0,11,3
2018-01-17,13,near,severe,0,0,0,0,0,0,0,0,0,0,0,0
2018-01-17,13,outer,severe,2,2,1,1,0,0,0,1,0,1,6,2
2018-01-17,14,core,severe,10,9,4,1,1,0,1,5,3,0,25,10
2018-01-17,14,near,severe,8,6,4,4,2,2,2,2,0,2,30,8
2018-01-17,14,outer,severe,2,1,1,1,1,0,1,0,0,0,6,2
2018-01-17,15,core,severe,6,2,1,0,0,0,4,1,1,0,9,6
2018-01-17,15,near,severe,8,7,5,5,2,2,1,2,0,3,29,8
2018-01-17,15,outer,severe,2,2,2,1,1,1,0,0,1,0,11,2
2018-01-17,16,core,severe,6,1,1,1,1,0,5,0,0,0,10,6
2018-01-17,16,near,severe,3,3,2,0,0,0,0,1,2,0,8,3
2018-01-17,16,outer,severe,3,1,1,1,1,1,2,0,0,0,9,3
2018-01-17,17,core,severe,7,5,3,1,1,1,2,2,2,0,18,7
2018-01-17,17,near,severe,5,4,1,0,0,0,1,3,1,0,10,5
2018-01-17,17,outer,severe,1,1,1,0,0,0,0,0,1,0,3,1
2018-01-17,18,core,severe,9,5,5,5,3,1,4,0,0,2,28,9
2018-01-17,18,near,severe,5,2,2,0,0,0,3,0,2,0,9,5
2018-01-17,18,outer,severe,1,0,0,0,0,0,1,0,0,0,1,1
2018-01-17,19,core,severe,8,4,2,2,2,1,4,2,0,0,19,8
2018-01-17,19,near,severe,3,0,0,0,0,0,3,0,0,0,3,3
2018-01-17,19,outer,severe,0,0,0,0,0,0,0,0,0,0,0,0
2018-01-17,20,core,severe,5,1,1,0,0,0,4,0,1,0,7,5
2018-01-17,20,near,severe,5,2,1,0,0,0,3,1,1,0,8,5
2018-01-17,20,outer,severe,0,0,0,0,0,0,0,0,0,0,0,0
2018-01-17,21,core,severe,0,0,0,0,0,0,0,0,0,0,0,0
2018-01-17,21,near,severe,0,0,0,0,0,0,0,0,0,0,0,0
2018-01-17,21,outer,severe,3,3,3,3,3,3,0,0,0,0,25,3
2018-01-17,22,core,severe,3,1,1,0,0,0,2,0,1,0,5,3
2018-01-17,22,near,severe,2,1,1,0,0,0,1,0,1,0,4,2
2018-01-17,22,outer,severe,3,2,2,1,1,0,1,0,1,0,9,3
2018-01-17,23,core,severe,6,4,3,3,2,2,2,1,0,1,29,6
2018-01-17,23,near,severe,6,3,1,1,0,0,3,2,0,1,11,6
2018-01-17,23,outer,severe,1,1,0,0,0,0,0,1,0,0,2,1
2018-01-18,0,core,severe,8,5,4,2,1,1,3,1,2,1,22,8
2018-01-18,0,near,severe,2,1,1,1,1,1,1,0,0,0,8,2
2018-01-18,0,outer,severe,1,1,0,0,0,0,0,1,0,0,2,1
2018-01-18,1,core,severe,1,1,1,1,1,0,0,0,0,0,5,1
2018-01-18,1,near,severe,0,0,0,0,0,0,0,0,0,0,0,0
2018-01-18,1,outer,severe,2,1,1,1,1,1,1,0,0,0,9,2
2018-01-18,2,core,severe,4,2,1,1,1,0,2,1,0,0,9,4
2018-01-18,2,near,severe,3,2,0,0,0,0,1,2,0,0,5,3
2018-01-18,2,outer,severe,3,3,2,0,0,0,0,1,2,0,8,3
2018-01-18,3,core,severe,15,13,10,9,6,4,2,3,1,3,59,15
2018-01-18,3,near,severe,5,4,1,1,0,0,1,3,0,1,11,5
2018-01-18,3,outer,severe,2,0,0,0,0,0,2,0,0,0,2,2
2018-01-18,4,core,severe,7,3,3,1,0,0,4,0,2,1,14,7
2018-01-18,4,near,severe,3,1,1,1,1,0,2,0,0,0,7,3
2018-01-18,4,outer,severe,4,2,2,1,1,1,2,0,1,0,11,4
2018-01-18,5,core,severe,3,3,1,1,0,0,0,2,0,1,8,3
2018-01-18,5,near,severe,4,4,1,1,0,0,0,3,0,1,10,4
2018-01-18,5,outer,severe,4,3,2,0,0,0,1,1,2,0,9,4
2018-01-18,6,core,severe,6,6,4,3,3,3,0,2,1,0,30,6
2018-01-18,6,near,severe,7,4,1,1,0,0,3,3,0,1,13,7
2018-01-18,6,outer,severe,4,3,3,2,2,1,1,0,1,0,22,4
2018-01-18,7,core,severe,10,9,7,3,3,1,1,2,4,0,33,10
2018-01-18,7,near,severe,9,6,4,3,2,1,3,2,1,1,26,9
2018-01-18,7,outer,severe,4,3,1,1,1,1,1,2,0,0,11,4
2018-01-18,8,core,severe,11,8,6,3,1,1,3,2,3,2,32,11
2018-01-18,8,near,severe,10,9,6,2,2,1,1,3,4,0,30,10
2018-01-18,8,outer,severe,2,1,1,1,1,1,1,0,0,0,8,2
2018-01-18,9,core,severe,8,4,1,1,0,0,4,3,0,1,14,8
2018-01-18,9,near,severe,6,4,3,3,2,1,2,1,0,1,19,6
2018-01-18,9,outer,severe,6,5,5,4,2,2,1,0,1,2,30,6
2018-01-18,10,core,severe,4,4,4,3,3,3,0,0,1,0,23,4
2018-01-18,10,near,severe,3,3,2,2,1,0,0,1,0,1,11,3
2018-01-18,10,outer,severe,7,5,5,4,3,3,2,0,1,1,31,7
2018-01-18,11,core,severe,9,8,4,3,2,1,1,4,1,1,29,9
2018-01-18,11,near,severe,6,1,1,1,1,1,5,0,0,0,12,6
2018-01-18,11,outer,severe,5,4,4,2,1,1,1,0,2,1,19,5
2018-01-18,12,core,severe,10,7,3,3,2,2,3,4,0,1,27,10
2018-01-18,12,near,severe,6,2,2,2,2,2,4,0,0,0,16,6
2018-01-18,12,outer,severe,5,2,2,1,1,1,3,0,1,0,17,5
2018-01-18,13,core,severe,1,1,0,0,0,0,0,1,0,0,2,1
2018-01-18,13,near,severe,1,1,0,0,0,0,0,1,0,0,2,1
2018-01-18,13,outer,severe,2,0,0,0,0,0,2,0,0,0,2,2
2018-01-18,14,core,severe,3,3,3,2,2,2,0,0,1,0,20,3
2018-01-18,14,near,severe,9,9,7,5,2,0,0,2,2,3,32,9
2018-01-18,14,outer,severe,3,3,0,0,0,0,0,3,0,0,6,3
2018-01-18,15,core,severe,6,4,2,2,2,1,2,2,0,0,17,6
2018-01-18,15,near,severe,10,7,4,1,0,0,3,3,3,1,22,10
2018-01-18,15,outer,severe,1,1,1,0,0,0,0,0,1,0,3,1
2018-01-18,16,core,severe,8,4,0,0,0,0,4,4,0,0,12,8
2018-01-18,16,near,severe,6,4,3,3,2,2,2,1,0,1,20,6
2018-01-18,16,outer,severe,4,4,2,2,2,2,0,2,0,0,18,4
2018-01-18,17,core,severe,6,3,3,1,1,1,3,0,2,0,16,6
2018-01-18,17,near,severe,0,0,0,0,0,0,0,0,0,0,0,0
2018-01-18,17,outer,severe,1,1,0,0,0,0,0,1,0,0,2,1
2018-01-18,18,core,severe,7,6,6,6,6,6,1,0,0,0,194,7
2018-01-18,18,near,severe,4,3,2,2,2,2,1,1,0,0,120,4
2018-01-18,18,outer,severe,2,2,1,1,1,1,0,1,0,0,28,2
2018-01-18,19,core,severe,13,13,12,12,11,11,0,1,0,1,291,13
2018-01-18,19,near,severe,8,8,8,8,7,7,0,0,0,1,171,8
2018-01-18,19,outer,severe,1,1,1,1,1,1,0,0,0,0,16,1
2018-01-18,20,core,severe,4,3,1,1,0,0,1,2,0,1,9,4
2018-01-18,20,near,severe,1,1,0,0,0,0,0,1,0,0,2,1
2018-01-18,20,outer,severe,1,1,1,1,1,1,0,0,0,0,8,1
2018-01-18,21,core,severe,0,0,0,0,0,0,0,0,0,0,0,0
2018-01-18,21,near,severe,0,0,0,0,0,0,0,0,0,0,0,0
2018-01-18,21,outer,severe,1,1,1,0,0,0,0,0,1,0,3,1
2018-01-18,22,core,severe,6,4,1,0,0,0,2,3,1,0,11,6
2018-01-18,22,near,severe,2,2,2,1,1,1,0,0,1,0,11,2
2018-01-18,22,outer,severe,0,0,0,0,0,0,0,0,0,0,0,0
2018-01-18,23,core,severe,12,11,7,3,3,1,1,4,4,0,38,12
2018-01-18,23,near,severe,7,4,3,1,1,1,3,1,2,0,18,7
2018-01-18,23,outer,severe,0,0,0,0,0,0,0,0,0,0,0,0
2018-01-19,0,core,normal,6,4,3,1,1,0,2,1,2,0,15,6
2018-01-19,0,near,normal,6,4,3,0,0,0,2,1,3,0,13,6
2018-01-19,0,outer,normal,2,1,1,1,0,0,1,0,0,1,5,2
2018-01-19,1,core,normal,0,0,0,0,0,0,0,0,0,0,0,0
2018-01-19,1,near,normal,0,0,0,0,0,0,0,0,0,0,0,0
2018-01-19,1,outer,normal,1,1,1,0,0,0,0,0,1,0,3,1
2018-01-19,2,core,normal,0,0,0,0,0,0,0,0,0,0,0,0
2018-01-19,2,near,normal,0,0,0,0,0,0,0,0,0,0,0,0
2018-01-19,2,outer,normal,0,0,0,0,0,0,0,0,0,0,0,0
2018-01-19,3,core,normal,1,0,0,0,0,0,1,0,0,0,1,1
2018-01-19,3,near,normal,0,0,0,0,0,0,0,0,0,0,0,0
2018-01-19,3,outer,normal,0,0,0,0,0,0,0,0,0,0,0,0
2018-01-19,4,core,normal,3,0,0,0,0,0,3,0,0,0,3,3
2018-01-19,4,near,normal,0,0,0,0,0,0,0,0,0,0,0,0
2018-01-19,4,outer,normal,0,0,0,0,0,0,0,0,0,0,0,0
2018-01-19,5,core,normal,0,0,0,0,0,0,0,0,0,0,0,0
2018-01-19,5,near,normal,1,0,0,0,0,0,1,0,0,0,1,1
2018-01-19,5,outer,normal,2,0,0,0,0,0,2,0,0,0,2,2
2018-01-19,6,core,normal,4,4,1,0,0,0,0,3,1,0,9,4
2018-01-19,6,near,normal,6,4,3,2,1,0,2,1,1,1,16,6
2018-01-19,6,outer,normal,1,1,1,0,0,0,0,0,1,0,3,1
2018-01-19,7,core,normal,12,8,7,6,5,2,4,1,1,1,46,12
2018-01-19,7,near,normal,6,5,3,0,0,0,1,2,3,0,14,6
2018-01-19,7,outer,normal,0,0,0,0,0,0,0,0,0,0,0,0
2018-01-19,8,core,normal,7,6,4,3,3,2,1,2,1,0,26,7
2018-01-19,8,near,normal,1,1,1,1,1,1,0,0,0,0,45,1
2018-01-19,8,outer,normal,0,0,0,0,0,0,0,0,0,0,0,0
2018-01-19,9,core,normal,2,2,2,2,2,2,0,0,0,0,116,2
2018-01-19,9,near,normal,2,2,2,2,2,2,0,0,0,0,66,2
2018-01-19,9,outer,normal,1,1,1,1,1,1,0,0,0,0,56,1
2018-01-19,10,core,normal,5,5,4,4,4,4,0,1,0,0,454,5
2018-01-19,10,near,normal,8,7,7,6,6,6,1,0,1,0,566,8
2018-01-19,10,outer,normal,1,1,1,1,1,0,0,0,0,0,5,1
2018-01-19,11,core,normal,13,13,13,13,13,13,0,0,0,0,2583,13
2018-01-19,11,near,normal,8,8,7,7,7,6,0,1,0,0,203,8
2018-01-19,11,outer,normal,1,1,1,1,0,0,0,0,0,1,4,1
2018-01-19,12,core,normal,7,7,7,7,7,7,0,0,0,0,187,7
2018-01-19,12,near,normal,3,3,3,3,3,3,0,0,0,0,353,3
2018-01-19,12,outer,normal,3,3,3,3,2,2,0,0,0,1,352,3
2018-01-19,13,core,normal,10,10,10,10,9,9,0,0,0,1,627,10
2018-01-19,13,near,normal,4,4,4,4,4,4,0,0,0,0,97,4
2018-01-19,13,outer,normal,3,2,2,2,2,2,1,0,0,0,687,3
2018-01-19,14,core,normal,11,10,10,10,10,10,1,0,0,0,1097,11
2018-01-19,14,near,normal,7,7,7,7,6,6,0,0,0,1,565,7
2018-01-19,14,outer,normal,3,3,3,2,2,2,0,0,1,0,661,3
2018-01-19,15,core,normal,12,12,12,12,12,12,0,0,0,0,658,12
2018-01-19,15,near,normal,3,3,3,3,3,3,0,0,0,0,48,3
2018-01-19,15,outer,normal,4,3,3,2,2,2,1,0,1,0,484,4
2018-01-19,16,core,normal,5,5,5,5,5,5,0,0,0,0,248,5
2018-01-19,16,near,normal,1,1,1,1,1,1,0,0,0,0,60,1
2018-01-19,16,outer,normal,4,3,3,3,3,3,1,0,0,0,367,4
2018-01-19,17,core,normal,3,3,3,3,3,3,0,0,0,0,251,3
2018-01-19,17,near,normal,4,3,3,3,3,3,1,0,0,0,308,4
2018-01-19,17,outer,normal,5,4,4,4,3,3,1,0,0,1,640,5
2018-01-19,18,core,normal,8,8,8,8,8,8,0,0,0,0,781,8
2018-01-19,18,near,normal,6,4,3,3,3,3,2,1,0,0,104,6
2018-01-19,18,outer,normal,4,4,4,4,4,4,0,0,0,0,557,4
2018-01-19,19,core,normal,13,13,11,11,10,10,0,2,0,1,752,13
2018-01-19,19,near,normal,8,8,8,8,8,7,0,0,0,0,340,8
2018-01-19,19,outer,normal,3,2,2,2,2,2,1,0,0,0,192,3
2018-01-19,20,core,normal,9,9,9,9,9,9,0,0,0,0,343,9
2018-01-19,20,near,normal,5,5,5,5,5,5,0,0,0,0,306,5
2018-01-19,20,outer,normal,2,2,2,2,2,2,0,0,0,0,217,2
2018-01-19,21,core,normal,2,2,2,2,2,2,0,0,0,0,27,2
2018-01-19,21,near,normal,0,0,0,0,0,0,0,0,0,0,0,0
2018-01-19,21,outer,normal,6,6,5,5,5,5,0,1,0,0,576,6
2018-01-19,22,core,normal,7,7,7,7,7,7,0,0,0,0,577,7
2018-01-19,22,near,normal,5,5,5,5,5,5,0,0,0,0,211,5
2018-01-19,22,outer,normal,3,3,2,2,2,2,0,1,0,0,254,3
2018-01-19,23,core,normal,12,12,12,12,12,12,0,0,0,0,925,12
2018-01-19,23,near,normal,8,8,8,8,8,8,0,0,0,0,645,8
2018-01-19,23,outer,normal,2,2,2,1,1,1,0,0,1,0,12,2
2018-01-20,0,core,normal,4,4,4,4,4,4,0,0,0,0,187,4
2018-01-20,0,near,normal,3,2,2,2,2,2,1,0,0,0,123,3
2018-01-20,0,outer,normal,5,5,4,4,4,4,0,1,0,0,271,5
2018-01-20,1,core,normal,1,1,1,1,1,1,0,0,0,0,15,1
2018-01-20,1,near,normal,1,1,1,1,1,1,0,0,0,0,28,1
2018-01-20,1,outer,normal,6,6,5,5,5,5,0,1,0,0,404,6
2018-01-20,2,core,normal,15,15,15,15,15,15,0,0,0,0,865,15
2018-01-20,2,near,normal,6,6,6,6,6,5,0,0,0,0,225,6
2018-01-20,2,outer,normal,0,0,0,0,0,0,0,0,0,0,0,0
2018-01-20,3,core,normal,14,14,14,14,14,14,0,0,0,0,1270,14
2018-01-20,3,near,normal,9,9,9,9,9,9,0,0,0,0,374,9
2018-01-20,3,outer,normal,2,1,1,1,1,1,1,0,0,0,49,2
2018-01-20,4,core,normal,12,12,11,11,11,11,0,1,0,0,632,12
2018-01-20,4,near,normal,5,5,5,5,5,5,0,0,0,0,196,5
2018-01-20,4,outer,normal,1,1,1,1,1,1,0,0,0,0,255,1
2018-01-20,5,core,normal,1,1,1,1,1,1,0,0,0,0,11,1
2018-01-20,5,near,normal,2,2,2,2,2,2,0,0,0,0,139,2
2018-01-20,5,outer,normal,4,4,4,4,4,4,0,0,0,0,262,4
2018-01-20,6,core,normal,12,12,12,12,12,12,0,0,0,0,1066,12
2018-01-20,6,near,normal,6,6,6,6,6,6,0,0,0,0,695,6
2018-01-20,6,outer,normal,2,2,2,2,2,2,0,0,0,0,56,2
2018-01-20,7,core,normal,10,10,10,10,9,9,0,0,0,1,715,10
2018-01-20,7,near,normal,10,8,8,8,8,8,2,0,0,0,593,10
2018-01-20,7,outer,normal,6,6,6,6,5,5,0,0,0,1,1259,6
2018-01-20,8,core,normal,8,8,8,8,7,7,0,0,0,1,124,8
2018-01-20,8,near,normal,7,6,6,6,6,6,1,0,0,0,391,7
2018-01-20,8,outer,normal,6,6,5,5,5,5,0,1,0,0,517,6
2018-01-20,9,core,normal,3,3,3,3,3,3,0,0,0,0,178,3
2018-01-20,9,near,normal,8,8,8,8,8,7,0,0,0,0,592,8
2018-01-20,9,outer,normal,6,5,5,4,4,4,1,0,1,0,719,6
2018-01-20,10,core,normal,15,14,13,13,13,13,1,1,0,0,986,15
2018-01-20,10,near,normal,10,9,9,9,9,9,1,0,0,0,594,10
2018-01-20,10,outer,normal,2,2,1,1,1,1,0,1,0,0,264,2
2018-01-20,11,core,normal,14,14,14,14,14,14,0,0,0,0,591,14
2018-01-20,11,near,normal,14,14,13,13,13,13,0,1,0,0,776,14
2018-01-20,11,outer,normal,2,2,2,2,2,2,0,0,0,0,145,2
2018-01-20,12,core,normal,10,10,10,10,10,10,0,0,0,0,554,10
2018-01-20,12,near,normal,9,9,8,7,7,7,0,1,1,0,295,9
2018-01-20,12,outer,normal,5,5,5,5,5,5,0,0,0,0,515,5
2018-01-20,13,core,normal,2,2,2,2,2,2,0,0,0,0,103,2
2018-01-20,13,near,normal,2,2,1,1,1,1,0,1,0,0,19,2
2018-01-20,13,outer,normal,4,4,4,4,4,4,0,0,0,0,575,4
2018-01-20,14,core,normal,8,8,8,8,8,8,0,0,0,0,280,8
2018-01-20,14,near,normal,4,4,4,4,4,4,0,0,0,0,256,4
2018-01-20,14,outer,normal,4,4,4,4,4,4,0,0,0,0,380,4
2018-01-20,15,core,normal,16,16,16,16,16,16,0,0,0,0,1325,16
2018-01-20,15,near,normal,12,11,11,11,10,10,1,0,0,1,854,12
2018-01-20,15,outer,normal,2,1,1,1,1,1,1,0,0,0,146,2
2018-01-20,16,core,normal,14,14,13,13,13,13,0,1,0,0,702,14
2018-01-20,16,near,normal,7,7,7,7,7,7,0,0,0,0,499,7
2018-01-20,16,outer,normal,3,3,3,3,3,3,0,0,0,0,193,3
2018-01-20,17,core,normal,3,2,2,2,2,2,1,0,0,0,34,3
2018-01-20,17,near,normal,2,2,1,1,1,1,0,1,0,0,182,2
2018-01-20,17,outer,normal,4,4,4,4,4,4,0,0,0,0,469,4
2018-01-20,18,core,normal,9,8,7,7,7,7,1,1,0,0,472,9
2018-01-20,18,near,normal,6,5,5,5,5,5,1,0,0,0,264,6
2018-01-20,18,outer,normal,3,3,3,3,3,3,0,0,0,0,318,3
2018-01-20,19,core,normal,16,15,15,14,14,14,1,0,1,0,1150,16
2018-01-20,19,near,normal,5,5,5,4,4,4,0,0,1,0,165,5
2018-01-20,19,outer,normal,1,1,1,1,1,1,0,0,0,0,47,1
2018-01-20,20,core,normal,5,5,4,4,4,4,0,1,0,0,184,5
2018-01-20,20,near,normal,3,3,3,2,2,2,0,0,1,0,75,3
2018-01-20,20,outer,normal,1,1,1,1,1,1,0,0,0,0,16,1
2018-01-20,21,core,normal,3,3,2,2,2,2,0,1,0,0,381,3
2018-01-20,21,near,normal,0,0,0,0,0,0,0,0,0,0,0,0
2018-01-20,21,outer,normal,1,1,1,1,1,1,0,0,0,0,204,1
2018-01-20,22,core,normal,10,10,10,10,10,10,0,0,0,0,803,10
2018-01-20,22,near,normal,7,7,7,7,7,7,0,0,0,0,456,7
2018-01-20,22,outer,normal,1,1,1,1,1,1,0,0,0,0,288,1
2018-01-20,23,core,normal,8,8,8,8,8,8,0,0,0,0,753,8
2018-01-20,23,near,normal,5,5,5,4,4,4,0,0,1,0,230,5
2018-01-20,23,outer,normal,1,1,1,1,1,1,0,0,0,0,7,1
2018-01-21,0,core,normal,14,13,13,13,12,12,1,0,0,1,460,14
2018-01-21,0,near,normal,9,9,9,9,9,9,0,0,0,0,450,9
2018-01-21,0,outer,normal,2,1,1,1,1,1,1,0,0,0,117,2
2018-01-21,1,core,normal,6,6,5,5,5,5,0,1,0,0,154,6
2018-01-21,1,near,normal,3,3,3,2,2,2,0,0,1,0,172,3
2018-01-21,1,outer,normal,4,4,4,4,4,4,0,0,0,0,944,4
2018-01-21,2,core,normal,5,5,5,5,5,5,0,0,0,0,275,5
2018-01-21,2,near,normal,2,2,2,2,2,2,0,0,0,0,27,2
2018-01-21,2,outer,normal,4,4,4,4,4,4,0,0,0,0,611,4
2018-01-21,3,core,normal,15,15,15,15,15,15,0,0,0,0,1611,15
2018-01-21,3,near,normal,9,8,8,8,8,8,1,0,0,0,339,9
2018-01-21,3,outer,normal,2,2,2,2,2,2,0,0,0,0,38,2
2018-01-21,4,core,normal,14,14,14,14,14,14,0,0,0,0,945,14
2018-01-21,4,near,normal,6,6,6,6,6,6,0,0,0,0,464,6
2018-01-21,4,outer,normal,3,3,3,3,3,3,0,0,0,0,383,3
2018-01-21,5,core,normal,5,4,4,4,4,4,1,0,0,0,253,5
2018-01-21,5,near,normal,2,2,2,2,2,2,0,0,0,0,21,2
2018-01-21,5,outer,normal,3,3,3,3,3,3,0,0,0,0,803,3
2018-01-21,6,core,normal,4,4,4,4,4,4,0,0,0,0,135,4
2018-01-21,6,near,normal,2,2,2,2,2,2,0,0,0,0,63,2
2018-01-21,6,outer,normal,1,1,1,1,1,1,0,0,0,0,69,1
2018-01-21,7,core,normal,6,6,6,6,6,6,0,0,0,0,385,6
2018-01-21,7,near,normal,3,3,3,3,3,3,0,0,0,0,127,3
2018-01-21,7,outer,normal,1,0,0,0,0,0,1,0,0,0,1,1
2018-01-21,8,core,normal,10,10,10,10,10,10,0,0,0,0,732,10
2018-01-21,8,near,normal,4,4,4,4,3,3,0,0,0,1,57,4
2018-01-21,8,outer,normal,1,1,1,1,1,1,0,0,0,0,192,1
2018-01-21,9,core,normal,5,5,5,5,5,5,0,0,0,0,286,5
2018-01-21,9,near,normal,3,2,2,2,2,2,1,0,0,0,23,3
2018-01-21,9,outer,normal,2,2,2,2,2,2,0,0,0,0,193,2
2018-01-21,10,core,normal,8,7,7,7,7,6,1,0,0,0,203,8
2018-01-21,10,near,normal,5,5,5,5,5,3,0,0,0,0,192,5
2018-01-21,10,outer,normal,1,1,1,1,1,1,0,0,0,0,14,1
2018-01-21,11,core,normal,6,6,6,6,6,6,0,0,0,0,349,6
2018-01-21,11,near,normal,2,2,2,2,2,2,0,0,0,0,70,2
2018-01-21,11,outer,normal,1,1,0,0,0,0,0,1,0,0,2,1
2018-01-21,12,core,normal,5,5,5,5,5,5,0,0,0,0,176,5
2018-01-21,12,near,normal,2,2,2,2,2,2,0,0,0,0,120,2
2018-01-21,12,outer,normal,2,2,2,2,2,2,0,0,0,0,499,2
2018-01-21,13,core,normal,14,14,14,14,14,14,0,0,0,0,1154,14
2018-01-21,13,near,normal,8,8,8,7,7,7,0,0,1,0,396,8
2018-01-21,13,outer,normal,3,2,2,2,2,2,1,0,0,0,712,3
2018-01-21,14,core,normal,9,9,9,9,9,9,0,0,0,0,454,9
2018-01-21,14,near,normal,8,8,8,8,8,8,0,0,0,0,394,8
2018-01-21,14,outer,normal,4,4,4,4,4,4,0,0,0,0,1127,4
2018-01-21,15,core,normal,4,4,3,3,3,3,0,1,0,0,45,4
2018-01-21,15,near,normal,6,6,6,6,6,6,0,0,0,0,214,6
2018-01-21,15,outer,normal,6,6,6,6,6,6,0,0,0,0,1529,6
2018-01-21,16,core,normal,9,9,9,9,9,9,0,0,0,0,544,9
2018-01-21,16,near,normal,9,9,9,9,9,9,0,0,0,0,539,9
2018-01-21,16,outer,normal,9,9,9,9,9,9,0,0,0,0,618,9
2018-01-21,17,core,normal,12,12,12,12,12,12,0,0,0,0,1218,12
2018-01-21,17,near,normal,9,9,9,9,9,9,0,0,0,0,593,9
2018-01-21,17,outer,normal,2,2,2,1,1,1,0,0,1,0,179,2
2018-01-21,18,core,normal,12,12,12,12,12,12,0,0,0,0,1700,12
2018-01-21,18,near,normal,15,14,14,14,14,14,1,0,0,0,938,15
2018-01-21,18,outer,normal,4,4,4,4,4,4,0,0,0,0,1128,4
2018-01-21,19,core,normal,16,15,15,15,14,14,1,0,0,1,1608,16
2018-01-21,19,near,normal,10,9,9,8,8,8,1,0,1,0,740,10
2018-01-21,19,outer,normal,4,3,3,3,3,3,1,0,0,0,386,4
2018-01-21,20,core,normal,13,13,13,13,12,12,0,0,0,1,781,13
2018-01-21,20,near,normal,11,10,10,10,9,9,1,0,0,1,496,11
2018-01-21,20,outer,normal,3,3,3,3,3,3,0,0,0,0,313,3
2018-01-21,21,core,normal,4,4,4,4,3,3,0,0,0,1,317,4
2018-01-21,21,near,normal,5,5,5,5,4,4,0,0,0,1,418,5
2018-01-21,21,outer,normal,3,2,2,2,2,2,1,0,0,0,816,3
2018-01-21,22,core,normal,5,5,5,5,5,5,0,0,0,0,402,5
2018-01-21,22,near,normal,4,4,4,3,3,3,0,0,1,0,206,4
2018-01-21,22,outer,normal,2,2,2,2,2,2,0,0,0,0,442,2
2018-01-21,23,core,normal,14,14,14,14,14,14,0,0,0,0,2651,14
2018-01-21,23,near,normal,6,5,4,4,4,4,1,1,0,0,315,6
2018-01-21,23,outer,normal,3,1,1,1,1,1,2,0,0,0,66,3
2018-01-22,0,core,normal,8,8,8,8,8,8,0,0,0,0,727,8
2018-01-22,0,near,normal,2,2,2,2,1,1,0,0,0,1,19,2
2018-01-22,0,outer,normal,0,0,0,0,0,0,0,0,0,0,0,0
2018-01-22,1,core,normal,1,1,1,1,1,1,0,0,0,0,82,1
2018-01-22,1,near,normal,0,0,0,0,0,0,0,0,0,0,0,0
2018-01-22,1,outer,normal,0,0,0,0,0,0,0,0,0,0,0,0
2018-01-22,2,core,normal,1,1,1,1,1,1,0,0,0,0,87,1
2018-01-22,2,near,normal,2,2,2,2,2,2,0,0,0,0,84,2
2018-01-22,2,outer,normal,1,1,1,1,1,1,0,0,0,0,95,1
2018-01-22,3,core,normal,4,4,4,4,4,4,0,0,0,0,486,4
2018-01-22,3,near,normal,2,2,2,2,2,2,0,0,0,0,245,2
2018-01-22,3,outer,normal,1,1,1,1,1,1,0,0,0,0,873,1
2018-01-22,4,core,normal,2,2,2,2,2,2,0,0,0,0,140,2
2018-01-22,4,near,normal,1,1,1,1,1,1,0,0,0,0,102,1
2018-01-22,4,outer,normal,2,2,2,2,2,2,0,0,0,0,431,2
2018-01-22,5,core,normal,0,0,0,0,0,0,0,0,0,0,0,0
2018-01-22,5,near,normal,0,0,0,0,0,0,0,0,0,0,0,0
2018-01-22,5,outer,normal,2,2,2,2,2,2,0,0,0,0,507,2
2018-01-22,6,core,normal,3,2,2,2,2,2,1,0,0,0,492,3
2018-01-22,6,near,normal,4,4,4,3,3,3,0,0,1,0,185,4
2018-01-22,6,outer,normal,1,1,1,1,1,1,0,0,0,0,89,1
2018-01-22,7,core,normal,13,13,13,13,13,13,0,0,0,0,1402,13
2018-01-22,7,near,normal,6,6,6,6,6,6,0,0,0,0,549,6
2018-01-22,7,outer,normal,1,0,0,0,0,0,1,0,0,0,1,1
2018-01-22,8,core,normal,7,7,7,7,7,7,0,0,0,0,385,7
2018-01-22,8,near,normal,6,6,6,6,5,5,0,0,0,1,319,6
2018-01-22,8,outer,normal,2,1,1,1,1,1,1,0,0,0,36,2
2018-01-22,9,core,normal,6,6,6,6,6,6,0,0,0,0,344,6
2018-01-22,9,near,normal,4,4,4,4,4,4,0,0,0,0,129,4
2018-01-22,9,outer,normal,2,2,2,1,1,1,0,0,1,0,778,2
2018-01-22,10,core,normal,4,4,3,3,3,3,0,1,0,0,66,4
2018-01-22,10,near,normal,3,2,2,2,2,2,1,0,0,0,160,3
2018-01-22,10,outer,normal,1,1,1,1,1,1,0,0,0,0,388,1
2018-01-22,11,core,normal,7,7,7,7,7,7,0,0,0,0,769,7
2018-01-22,11,near,normal,4,4,4,4,4,4,0,0,0,0,262,4
2018-01-22,11,outer,normal,2,2,1,1,1,1,0,1,0,0,341,2
2018-01-22,12,core,normal,8,6,6,6,6,6,2,0,0,0,376,8
2018-01-22,12,near,normal,10,10,10,10,10,10,0,0,0,0,492,10
2018-01-22,12,outer,normal,2,1,1,1,1,1,1,0,0,0,16,2
2018-01-22,13,core,normal,4,3,3,3,2,2,1,0,0,1,36,4
2018-01-22,13,near,normal,5,5,5,5,4,4,0,0,0,1,361,5
2018-01-22,13,outer,normal,2,2,2,2,2,2,0,0,0,0,146,2
2018-01-22,14,core,normal,2,2,1,0,0,0,0,1,1,0,5,2
2018-01-22,14,near,normal,2,2,2,2,2,2,0,0,0,0,54,2
2018-01-22,14,outer,normal,3,2,2,2,2,2,1,0,0,0,429,3
2018-01-22,15,core,normal,3,3,3,3,3,3,0,0,0,0,393,3
2018-01-22,15,near,normal,1,1,1,1,1,1,0,0,0,0,6,1
2018-01-22,15,outer,normal,5,5,4,4,4,4,0,1,0,0,530,5
2018-01-22,16,core,normal,6,6,6,6,6,6,0,0,0,0,920,6
2018-01-22,16,near,normal,3,3,3,3,3,3,0,0,0,0,117,3
2018-01-22,16,outer,normal,5,4,3,3,3,3,1,1,0,0,658,5
2018-01-22,17,core,normal,11,11,11,11,11,11,0,0,0,0,1726,11
2018-01-22,17,near,normal,6,6,6,6,6,6,0,0,0,0,1147,6
2018-01-22,17,outer,normal,1,1,1,1,1,1,0,0,0,0,31,1
2018-01-22,18,core,normal,10,9,9,9,9,9,1,0,0,0,636,10
2018-01-22,18,near,normal,6,6,6,6,6,6,0,0,0,0,560,6
2018-01-22,18,outer,normal,1,0,0,0,0,0,1,0,0,0,1,1
2018-01-22,19,core,normal,13,13,13,13,13,13,0,0,0,0,945,13
2018-01-22,19,near,normal,9,7,7,7,7,7,2,0,0,0,592,9
2018-01-22,19,outer,normal,2,1,1,1,1,1,1,0,0,0,76,2
2018-01-22,20,core,normal,8,7,7,7,7,7,1,0,0,0,428,8
2018-01-22,20,near,normal,5,4,4,4,4,4,1,0,0,0,87,5
2018-01-22,20,outer,normal,2,2,2,2,2,2,0,0,0,0,128,2
2018-01-22,21,core,normal,4,4,4,4,4,4,0,0,0,0,113,4
2018-01-22,21,near,normal,0,0,0,0,0,0,0,0,0,0,0,0
2018-01-22,21,outer,normal,3,2,2,2,2,2,1,0,0,0,262,3
2018-01-22,22,core,normal,12,12,12,12,12,12,0,0,0,0,1236,12
2018-01-22,22,near,normal,7,7,7,6,6,5,0,0,1,0,92,7
2018-01-22,22,outer,normal,2,2,2,2,2,2,0,0,0,0,327,2
2018-01-22,23,core,normal,10,10,9,9,9,9,0,1,0,0,456,10
2018-01-22,23,near,normal,7,7,7,7,7,7,0,0,0,0,419,7
2018-01-22,23,outer,normal,0,0,0,0,0,0,0,0,0,0,0,0
2018-01-23,0,core,normal,5,5,5,5,5,5,0,0,0,0,141,5
2018-01-23,0,near,normal,7,5,4,4,4,4,2,1,0,0,236,7
2018-01-23,0,outer,normal,4,4,4,4,4,4,0,0,0,0,293,4
2018-01-23,1,core,normal,5,3,3,3,3,3,2,0,0,0,78,5
2018-01-23,1,near,normal,0,0,0,0,0,0,0,0,0,0,0,0
2018-01-23,1,outer,normal,4,4,4,4,4,4,0,0,0,0,217,4
2018-01-23,2,core,normal,6,6,6,6,6,6,0,0,0,0,292,6
2018-01-23,2,near,normal,0,0,0,0,0,0,0,0,0,0,0,0
2018-01-23,2,outer,normal,0,0,0,0,0,0,0,0,0,0,0,0
2018-01-23,3,core,normal,8,8,8,8,8,8,0,0,0,0,600,8
2018-01-23,3,near,normal,5,5,5,5,5,5,0,0,0,0,361,5
2018-01-23,3,outer,normal,0,0,0,0,0,0,0,0,0,0,0,0
2018-01-23,4,core,normal,3,3,3,2,2,2,0,0,1,0,38,3
2018-01-23,4,near,normal,1,1,1,1,1,1,0,0,0,0,69,1
2018-01-23,4,outer,normal,2,1,1,1,1,1,1,0,0,0,315,2
2018-01-23,5,core,normal,0,0,0,0,0,0,0,0,0,0,0,0
2018-01-23,5,near,normal,0,0,0,0,0,0,0,0,0,0,0,0
2018-01-23,5,outer,normal,1,1,1,1,1,1,0,0,0,0,311,1
2018-01-23,6,core,normal,10,10,10,10,10,10,0,0,0,0,834,10
2018-01-23,6,near,normal,4,4,4,4,4,4,0,0,0,0,209,4
2018-01-23,6,outer,normal,2,1,1,1,1,1,1,0,0,0,49,2
2018-01-23,7,core,normal,10,10,10,10,10,10,0,0,0,0,801,10
2018-01-23,7,near,normal,8,8,8,8,7,7,0,0,0,1,418,8
2018-01-23,7,outer,normal,4,3,3,3,3,3,1,0,0,0,679,4
2018-01-23,8,core,normal,10,10,10,10,10,9,0,0,0,0,456,10
2018-01-23,8,near,normal,7,7,7,6,6,6,0,0,1,0,156,7
2018-01-23,8,outer,normal,4,4,4,4,4,4,0,0,0,0,219,4
2018-01-23,9,core,normal,4,4,4,4,4,4,0,0,0,0,142,4
2018-01-23,9,near,normal,4,3,3,3,3,3,1,0,0,0,248,4
2018-01-23,9,outer,normal,3,3,3,3,3,3,0,0,0,0,401,3
2018-01-23,10,core,normal,6,6,6,6,6,6,0,0,0,0,177,6
2018-01-23,10,near,normal,3,3,3,3,2,2,0,0,0,1,28,3
2018-01-23,10,outer,normal,3,1,1,1,1,1,2,0,0,0,163,3
2018-01-23,11,core,normal,7,7,7,7,7,7,0,0,0,0,257,7
2018-01-23,11,near,normal,11,9,8,8,8,8,2,1,0,0,287,11
2018-01-23,11,outer,normal,4,4,4,4,4,4,0,0,0,0,736,4
2018-01-23,12,core,normal,7,7,6,5,4,4,0,1,1,1,219,7
2018-01-23,12,near,normal,9,8,6,6,6,6,1,2,0,0,259,9
2018-01-23,12,outer,normal,6,6,5,5,5,5,0,1,0,0,284,6
2018-01-23,13,core,normal,1,1,1,1,1,1,0,0,0,0,15,1
2018-01-23,13,near,normal,1,1,1,1,1,1,0,0,0,0,37,1
2018-01-23,13,outer,normal,4,4,4,4,4,4,0,0,0,0,388,4
2018-01-23,14,core,normal,7,7,7,7,7,7,0,0,0,0,804,7
2018-01-23,14,near,normal,6,6,6,6,6,6,0,0,0,0,385,6
2018-01-23,14,outer,normal,3,2,2,2,2,2,1,0,0,0,309,3
2018-01-23,15,core,normal,11,11,11,11,11,11,0,0,0,0,638,11
2018-01-23,15,near,normal,13,13,13,11,11,10,0,0,2,0,354,13
2018-01-23,15,outer,normal,0,0,0,0,0,0,0,0,0,0,0,0
2018-01-23,16,core,normal,0,0,0,0,0,0,0,0,0,0,0,0
2018-01-23,16,near,normal,3,3,2,2,2,2,0,1,0,0,160,3
2018-01-23,16,outer,normal,4,4,4,4,4,4,0,0,0,0,517,4
2018-01-23,17,core,normal,6,6,5,4,4,4,0,1,1,0,112,6
2018-01-23,17,near,normal,5,4,4,4,4,4,1,0,0,0,232,5
2018-01-23,17,outer,normal,4,4,4,4,4,3,0,0,0,0,299,4
2018-01-23,18,core,normal,10,9,9,9,9,9,1,0,0,0,569,10
2018-01-23,18,near,normal,12,11,11,11,11,11,1,0,0,0,481,12
2018-01-23,18,outer,normal,0,0,0,0,0,0,0,0,0,0,0,0
2018-01-23,19,core,normal,12,12,12,12,12,12,0,0,0,0,1274,12
2018-01-23,19,near,normal,12,10,10,10,10,10,2,0,0,0,385,12
2018-01-23,19,outer,normal,0,0,0,0,0,0,0,0,0,0,0,0
2018-01-23,20,core,normal,14,13,13,13,11,10,1,0,0,2,609,14
2018-01-23,20,near,normal,13,11,11,10,10,10,2,0,1,0,430,13
2018-01-23,20,outer,normal,2,2,2,2,2,2,0,0,0,0,83,2
2018-01-23,21,core,normal,11,11,11,11,11,11,0,0,0,0,468,11
2018-01-23,21,near,normal,3,3,3,3,3,3,0,0,0,0,64,3
2018-01-23,21,outer,normal,4,3,3,3,3,3,1,0,0,0,503,4
2018-01-23,22,core,normal,2,2,2,2,2,2,0,0,0,0,69,2
2018-01-23,22,near,normal,0,0,0,0,0,0,0,0,0,0,0,0
2018-01-23,22,outer,normal,2,2,2,2,2,2,0,0,0,0,301,2
2018-01-23,23,core,normal,9,9,9,9,8,8,0,0,0,1,620,9
2018-01-23,23,near,normal,3,3,3,2,2,2,0,0,1,0,132,3
2018-01-23,23,outer,normal,2,2,2,2,2,2,0,0,0,0,49,2
2018-01-24,0,core,normal,9,9,9,8,8,8,0,0,1,0,179,9
2018-01-24,0,near,normal,4,4,4,4,4,2,0,0,0,0,28,4
2018-01-24,0,outer,normal,0,0,0,0,0,0,0,0,0,0,0,0
2018-01-24,1,core,normal,7,7,7,7,7,7,0,0,0,0,358,7
2018-01-24,1,near,normal,4,4,4,4,3,3,0,0,0,1,84,4
2018-01-24,1,outer,normal,0,0,0,0,0,0,0,0,0,0,0,0
2018-01-24,2,core,normal,4,4,4,3,3,3,0,0,1,0,119,4
2018-01-24,2,near,normal,2,2,2,2,2,2,0,0,0,0,146,2
2018-01-24,2,outer,normal,0,0,0,0,0,0,0,0,0,0,0,0
2018-01-24,3,core,normal,5,5,5,5,5,5,0,0,0,0,515,5
2018-01-24,3,near,normal,1,1,0,0,0,0,0,1,0,0,2,1
2018-01-24,3,outer,normal,0,0,0,0,0,0,0,0,0,0,0,0
2018-01-24,4,core,normal,12,12,11,11,11,11,0,1,0,0,833,12
2018-01-24,4,near,normal,4,3,3,3,2,2,1,0,0,1,131,4
2018-01-24,4,outer,normal,0,0,0,0,0,0,0,0,0,0,0,0
2018-01-24,5,core,normal,10,9,9,9,9,9,1,0,0,0,587,10
2018-01-24,5,near,normal,6,4,4,3,3,3,2,0,1,0,139,6
2018-01-24,5,outer,normal,1,1,1,1,1,1,0,0,0,0,33,1
2018-01-24,6,core,normal,1,0,0,0,0,0,1,0,0,0,1,1
2018-01-24,6,near,normal,1,1,1,0,0,0,0,0,1,0,3,1
2018-01-24,6,outer,normal,2,2,2,2,2,2,0,0,0,0,217,2
2018-01-24,7,core,normal,5,4,3,3,3,3,1,1,0,0,302,5
2018-01-24,7,near,normal,5,2,2,2,2,2,3,0,0,0,179,5
2018-01-24,7,outer,normal,3,3,2,2,2,2,0,1,0,0,505,3
2018-01-24,8,core,normal,7,6,6,5,5,5,1,0,1,0,225,7
2018-01-24,8,near,normal,7,6,5,5,5,5,1,1,0,0,314,7
2018-01-24,8,outer,normal,5,3,3,3,3,3,2,0,0,0,456,5
2018-01-24,9,core,normal,9,9,9,9,8,8,0,0,0,1,699,9
2018-01-24,9,near,normal,6,6,6,5,5,5,0,0,1,0,204,6
2018-01-24,9,outer,normal,4,3,2,2,2,1,1,1,0,0,28,4
2018-01-24,10,core,normal,7,7,7,7,6,6,0,0,0,1,277,7
2018-01-24,10,near,normal,5,5,5,5,5,5,0,0,0,0,411,5
2018-01-24,10,outer,normal,4,4,4,3,3,2,0,0,1,0,26,4
2018-01-24,11,core,normal,13,13,13,13,13,13,0,0,0,0,765,13
2018-01-24,11,near,normal,7,7,6,6,6,6,0,1,0,0,241,7
2018-01-24,11,outer,normal,7,6,6,5,5,4,1,0,1,0,205,7
2018-01-24,12,core,normal,9,9,9,9,8,8,0,0,0,1,541,9
2018-01-24,12,near,normal,4,3,3,2,1,1,1,0,1,1,17,4
2018-01-24,12,outer,normal,4,3,3,3,3,3,1,0,0,0,466,4
2018-01-24,13,core,normal,6,6,6,6,6,6,0,0,0,0,309,6
2018-01-24,13,near,normal,5,5,5,3,3,3,0,0,2,0,133,5
2018-01-24,13,outer,normal,5,4,4,4,4,4,1,0,0,0,324,5
2018-01-24,14,core,normal,14,14,14,14,14,14,0,0,0,0,1502,14
2018-01-24,14,near,normal,7,6,5,5,5,5,1,1,0,0,158,7
2018-01-24,14,outer,normal,2,2,2,2,2,2,0,0,0,0,128,2
2018-01-24,15,core,normal,16,16,16,16,16,16,0,0,0,0,1104,16
2018-01-24,15,near,normal,14,13,13,13,13,12,1,0,0,0,482,14
2018-01-24,15,outer,normal,2,2,2,2,1,1,0,0,0,1,73,2
2018-01-24,16,core,normal,14,14,14,14,14,14,0,0,0,0,812,14
2018-01-24,16,near,normal,12,12,12,12,12,12,0,0,0,0,547,12
2018-01-24,16,outer,normal,2,2,2,2,2,2,0,0,0,0,43,2
2018-01-24,17,core,normal,3,3,3,3,3,3,0,0,0,0,91,3
2018-01-24,17,near,normal,1,1,1,1,1,1,0,0,0,0,10,1
2018-01-24,17,outer,normal,2,2,2,2,2,1,0,0,0,0,55,2
2018-01-24,18,core,normal,7,7,7,7,7,7,0,0,0,0,320,7
2018-01-24,18,near,normal,5,5,3,3,3,3,0,2,0,0,135,5
2018-01-24,18,outer,normal,1,1,1,1,1,1,0,0,0,0,14,1
2018-01-24,19,core,normal,15,15,15,15,14,14,0,0,0,1,1421,15
2018-01-24,19,near,normal,12,12,12,12,12,11,0,0,0,0,787,12
2018-01-24,19,outer,normal,0,0,0,0,0,0,0,0,0,0,0,0
2018-01-24,20,core,normal,8,8,8,8,6,5,0,0,0,2,429,8
2018-01-24,20,near,normal,9,9,9,8,8,8,0,0,1,0,361,9
2018-01-24,20,outer,normal,3,3,2,2,2,2,0,1,0,0,199,3
2018-01-24,21,core,normal,10,10,10,10,10,10,0,0,0,0,836,10
2018-01-24,21,near,normal,7,6,6,6,6,6,1,0,0,0,208,7
2018-01-24,21,outer,normal,2,2,2,2,2,2,0,0,0,0,325,2
2018-01-24,22,core,normal,6,6,6,6,6,6,0,0,0,0,917,6
2018-01-24,22,near,normal,7,7,7,7,7,7,0,0,0,0,628,7
2018-01-24,22,outer,normal,2,1,1,1,1,1,1,0,0,0,212,2
2018-01-24,23,core,normal,8,8,8,8,8,8,0,0,0,0,462,8
2018-01-24,23,near,normal,6,6,6,6,6,6,0,0,0,0,612,6
2018-01-24,23,outer,normal,2,2,2,2,2,1,0,0,0,0,55,2
